generated_at,mop_time,Hs_mop_raw,Hs_corrected,confidence,bin,scale_factor,harvest_time,harvest_Hs,harvest_Dp,buoy_Hs,buoy_Tp,buoy_Dp,buoy_time,Hs_ml,tide_height_m,tide_trend,next_high_m,next_high_t,next_low_m,next_low_t,wind_speed_ms,wind_dir_deg,wind_gust_ms,wind_class
2026-04-15T03:18:29.701194+00:00,2026-04-15T01:00:00+00:00,0.831,0.929,MEDIUM,NW  (290–330°),1.1175,2026-04-15T02:30:00+00:00,2.59,324.2,1.07,4.86,259.9,2026-04-15T03:04:55+00:00,0.928
2026-04-15T04:36:17.778100+00:00,2026-04-15T03:00:00+00:00,0.852,0.952,MEDIUM,NW  (290–330°),1.1175,2026-04-15T04:00:00+00:00,2.61,315.8,1.03,5.12,265.4,2026-04-15T04:04:55+00:00,0.956
2026-04-15T06:26:19.677892+00:00,2026-04-15T05:00:00+00:00,0.777,0.868,MEDIUM,NW  (290–330°),1.1175,2026-04-15T05:30:00+00:00,2.41,317.2,0.96,4.44,257.7,2026-04-15T06:04:55+00:00,0.873
2026-04-15T08:21:11.447807+00:00,2026-04-15T07:00:00+00:00,0.734,0.82,MEDIUM,NW  (290–330°),1.1175,2026-04-15T07:30:00+00:00,2.29,315.8,0.82,5.12,257.1,2026-04-15T08:04:55+00:00,0.828
2026-04-15T10:06:23.634105+00:00,2026-04-15T08:00:00+00:00,0.723,0.808,MEDIUM,NW  (290–330°),1.1175,2026-04-15T09:00:00+00:00,2.31,314.3,0.73,4.44,256.4,2026-04-15T10:04:55+00:00,0.823
2026-04-15T11:46:13.923772+00:00,2026-04-15T10:00:00+00:00,0.695,0.777,MEDIUM,NW  (290–330°),1.1175,2026-04-15T11:00:00+00:00,2.41,315.8,0.7,6.02,254.3,2026-04-15T11:04:55+00:00,0.814
2026-04-15T12:56:04.586059+00:00,2026-04-15T11:00:00+00:00,0.653,0.73,MEDIUM,NW  (290–330°),1.1175,2026-04-15T12:00:00+00:00,2.33,315.8,0.68,5.68,249.6,2026-04-15T12:04:55+00:00,0.77
2026-04-15T14:26:17.772620+00:00,2026-04-15T13:00:00+00:00,0.557,0.622,MEDIUM,NW  (290–330°),1.1175,2026-04-15T13:30:00+00:00,2.1,317.2,0.69,5.38,249.8,2026-04-15T14:04:55+00:00,0.664
2026-04-15T15:57:41.659114+00:00,2026-04-15T14:00:00+00:00,0.538,0.601,MEDIUM,NW  (290–330°),1.1175,2026-04-15T15:00:00+00:00,2.08,318.6,0.73,5.12,251.2,2026-04-15T15:04:55+00:00,0.647
2026-04-15T16:56:54.443227+00:00,2026-04-15T15:00:00+00:00,0.527,0.589,MEDIUM,NW  (290–330°),1.1175,2026-04-15T16:00:00+00:00,2.1,317.2,0.77,6.02,246.6,2026-04-15T16:04:55+00:00,0.645
2026-04-15T18:01:03.226554+00:00,2026-04-15T16:00:00+00:00,0.531,0.593,MEDIUM,NW  (290–330°),1.1175,2026-04-15T17:30:00+00:00,2.1,315.8,0.79,5.38,253.5,2026-04-15T17:04:55+00:00,0.651
2026-04-15T19:57:22.039272+00:00,2026-04-15T18:00:00+00:00,0.464,0.518,MEDIUM,NW  (290–330°),1.1175,2026-04-15T19:00:00+00:00,1.99,315.8,0.82,4.64,256.8,2026-04-15T19:04:55+00:00,0.589
2026-04-15T20:41:29.193733+00:00,2026-04-15T19:00:00+00:00,0.443,0.495,MEDIUM,NW  (290–330°),1.1175,2026-04-15T20:00:00+00:00,1.94,311.5,0.75,5.12,260.3,2026-04-15T20:04:55+00:00,0.573
2026-04-15T21:40:55.544359+00:00,2026-04-15T20:00:00+00:00,0.415,0.464,MEDIUM,NW  (290–330°),1.1175,2026-04-15T21:00:00+00:00,1.94,312.9,0.66,4.86,259.4,2026-04-15T21:04:55+00:00,0.556
2026-04-15T22:32:43.110260+00:00,2026-04-15T21:00:00+00:00,0.413,0.462,MEDIUM,NW  (290–330°),1.1175,2026-04-15T22:00:00+00:00,1.82,324.2,0.63,4.64,259.7,2026-04-15T22:04:55+00:00,0.532
2026-04-15T23:33:01.737403+00:00,2026-04-15T22:00:00+00:00,0.421,0.47,MEDIUM,NW  (290–330°),1.1175,2026-04-15T23:00:00+00:00,1.93,320.0,0.64,4.26,262.9,2026-04-15T23:04:55+00:00,0.558
2026-04-16T01:22:29.781227+00:00,2026-04-16T00:00:00+00:00,0.551,0.616,MEDIUM,NW  (290–330°),1.1175,2026-04-16T00:30:00+00:00,2.05,312.9,0.81,5.12,255.6,2026-04-16T01:04:55+00:00,0.673
2026-04-16T04:42:33.961219+00:00,2026-04-16T03:00:00+00:00,0.694,0.775,MEDIUM,NW  (290–330°),1.1175,2026-04-16T04:00:00+00:00,1.99,320.0,0.8,5.12,261.1,2026-04-16T04:04:55+00:00,0.762
2026-04-16T06:27:31.529610+00:00,2026-04-16T05:00:00+00:00,0.671,0.75,MEDIUM,NW  (290–330°),1.1175,2026-04-16T05:30:00+00:00,2.15,320.0,0.83,5.12,254.5,2026-04-16T06:04:55+00:00,0.772
2026-04-16T08:21:29.107408+00:00,2026-04-16T07:00:00+00:00,0.627,0.7,MEDIUM,NW  (290–330°),1.1175,2026-04-16T07:30:00+00:00,2.01,314.3,0.87,4.44,258.7,2026-04-16T08:04:55+00:00,0.722
2026-04-16T10:05:56.736428+00:00,2026-04-16T08:00:00+00:00,0.611,0.683,MEDIUM,NW  (290–330°),1.1175,2026-04-16T09:30:00+00:00,2.07,318.6,0.79,4.44,260.8,2026-04-16T10:04:55+00:00,0.721
2026-04-16T11:50:57.282039+00:00,2026-04-16T10:00:00+00:00,0.613,0.685,MEDIUM,NW  (290–330°),1.1175,2026-04-16T11:00:00+00:00,2.12,317.2,0.75,5.38,257.0,2026-04-16T11:04:55+00:00,0.731
2026-04-16T13:00:52.655042+00:00,2026-04-16T11:00:00+00:00,0.566,0.632,MEDIUM,NW  (290–330°),1.1175,2026-04-16T12:00:00+00:00,2.13,317.2,0.71,5.12,261.4,2026-04-16T12:04:55+00:00,0.7
2026-04-16T15:17:03.296428+00:00,2026-04-16T13:00:00+00:00,0.484,0.541,MEDIUM,NW  (290–330°),1.1175,2026-04-16T14:30:00+00:00,2.3,318.6,0.67,4.86,253.5,2026-04-16T15:04:55+00:00,0.669
2026-04-16T17:01:41.258854+00:00,2026-04-16T15:00:00+00:00,0.485,0.542,MEDIUM,NW  (290–330°),1.1175,2026-04-16T16:30:00+00:00,2.27,324.2,0.67,5.68,250.0,2026-04-16T16:04:55+00:00,0.663
2026-04-16T18:55:51.603586+00:00,2026-04-16T17:00:00+00:00,0.504,0.563,MEDIUM,NW  (290–330°),1.1175,2026-04-16T18:00:00+00:00,2.32,321.4,0.82,5.68,242.3,2026-04-16T18:04:55+00:00,0.685
2026-04-16T19:55:42.958428+00:00,2026-04-16T18:00:00+00:00,0.531,0.593,MEDIUM,NW  (290–330°),1.1175,2026-04-16T19:00:00+00:00,2.23,322.8,0.86,5.68,246.3,2026-04-16T19:04:55+00:00,0.692
2026-04-16T20:38:54.543409+00:00,2026-04-16T19:00:00+00:00,0.611,0.683,MEDIUM,NW  (290–330°),1.1175,2026-04-16T20:00:00+00:00,2.24,315.8,0.91,5.38,239.3,2026-04-16T20:04:55+00:00,0.755
2026-04-16T21:33:47.267561+00:00,2026-04-16T20:00:00+00:00,0.551,0.616,MEDIUM,NW  (290–330°),1.1175,2026-04-16T21:00:00+00:00,2.03,318.6,0.81,5.68,231.5,2026-04-16T21:04:55+00:00,0.681
2026-04-16T22:29:11.012360+00:00,2026-04-16T21:00:00+00:00,0.541,0.605,MEDIUM,NW  (290–330°),1.1175,2026-04-16T21:30:00+00:00,2.14,312.9,0.93,5.38,240.8,2026-04-16T22:04:55+00:00,0.695
2026-04-16T23:30:55.861358+00:00,2026-04-16T22:00:00+00:00,0.542,0.606,MEDIUM,NW  (290–330°),1.1175,2026-04-16T23:00:00+00:00,2.03,311.5,0.97,5.68,244.7,2026-04-16T23:04:55+00:00,0.681
2026-04-17T01:20:15.252114+00:00,2026-04-16T23:00:00+00:00,0.57,0.637,MEDIUM,NW  (290–330°),1.1175,2026-04-17T00:30:00+00:00,2.07,317.2,1.1,5.38,242.0,2026-04-17T01:04:55+00:00,0.708
2026-04-17T04:39:39.412069+00:00,2026-04-17T03:00:00+00:00,0.781,0.873,MEDIUM,NW  (290–330°),1.1175,2026-04-17T04:00:00+00:00,2.72,314.3,0.88,5.12,235.8,2026-04-17T04:04:55+00:00,0.967
2026-04-17T06:28:03.212519+00:00,2026-04-17T05:00:00+00:00,0.773,0.864,MEDIUM,NW  (290–330°),1.1175,2026-04-17T05:30:00+00:00,2.82,314.3,0.8,4.86,228.6,2026-04-17T06:04:55+00:00,0.977
2026-04-17T08:20:12.076228+00:00,2026-04-17T07:00:00+00:00,0.694,0.776,MEDIUM,NW  (290–330°),1.1175,2026-04-17T07:30:00+00:00,2.46,310.1,0.89,5.38,244.2,2026-04-17T08:04:55+00:00,0.861
2026-04-17T10:03:47.746101+00:00,2026-04-17T08:00:00+00:00,0.681,0.761,MEDIUM,NW  (290–330°),1.1175,2026-04-17T09:30:00+00:00,2.59,315.8,0.86,5.38,241.6,2026-04-17T09:04:55+00:00,0.872
2026-04-17T11:41:43.316998+00:00,2026-04-17T10:00:00+00:00,0.661,0.739,MEDIUM,NW  (290–330°),1.1175,2026-04-17T11:00:00+00:00,2.84,312.9,0.95,6.4,244.3,2026-04-17T11:04:55+00:00,0.902
2026-04-17T12:52:22.496009+00:00,2026-04-17T11:00:00+00:00,0.639,0.714,MEDIUM,NW  (290–330°),1.1175,2026-04-17T12:00:00+00:00,2.78,312.9,0.92,6.4,245.4,2026-04-17T12:04:55+00:00,0.878
2026-04-17T14:15:16.575016+00:00,2026-04-17T12:00:00+00:00,0.618,0.691,MEDIUM,NW  (290–330°),1.1175,2026-04-17T13:30:00+00:00,2.52,312.9,0.88,6.82,243.0,2026-04-17T14:04:55+00:00,0.821
2026-04-17T15:48:06.712263+00:00,2026-04-17T14:00:00+00:00,0.556,0.621,MEDIUM,NW  (290–330°),1.1175,2026-04-17T15:00:00+00:00,2.43,314.3,0.91,6.4,242.1,2026-04-17T15:04:55+00:00,0.764
2026-04-17T16:41:41.991977+00:00,2026-04-17T15:00:00+00:00,0.528,0.59,MEDIUM,NW  (290–330°),1.1175,2026-04-17T15:30:00+00:00,2.5,320.0,0.83,5.38,245.3,2026-04-17T16:04:55+00:00,0.758
2026-04-17T17:39:19.614718+00:00,2026-04-17T16:00:00+00:00,0.54,0.603,MEDIUM,NW  (290–330°),1.1175,2026-04-17T17:00:00+00:00,2.01,315.8,0.83,6.02,246.6,2026-04-17T17:04:55+00:00,0.684
2026-04-17T18:41:00.736719+00:00,2026-04-17T17:00:00+00:00,0.569,0.636,MEDIUM,NW  (290–330°),1.1175,2026-04-17T18:00:00+00:00,2.45,321.4,0.82,6.4,249.5,2026-04-17T18:04:55+00:00,0.78
2026-04-17T19:50:34.561439+00:00,2026-04-17T18:00:00+00:00,0.562,0.628,MEDIUM,NW  (290–330°),1.1175,2026-04-17T19:00:00+00:00,2.05,318.6,0.84,5.38,241.8,2026-04-17T19:04:55+00:00,0.707
2026-04-17T20:33:52.266355+00:00,2026-04-17T19:00:00+00:00,0.554,0.619,MEDIUM,NW  (290–330°),1.1175,2026-04-17T20:00:00+00:00,2.17,318.6,0.81,5.38,243.5,2026-04-17T20:04:55+00:00,0.724
2026-04-17T21:32:01.026889+00:00,2026-04-17T20:00:00+00:00,0.549,0.613,MEDIUM,NW  (290–330°),1.1175,2026-04-17T21:00:00+00:00,1.9,312.9,0.74,6.02,253.0,2026-04-17T21:04:55+00:00,0.675
2026-04-17T22:27:20.618678+00:00,2026-04-17T21:00:00+00:00,0.564,0.631,MEDIUM,NW  (290–330°),1.1175,2026-04-17T21:30:00+00:00,1.9,317.2,0.75,5.38,248.3,2026-04-17T22:04:55+00:00,0.685
2026-04-17T23:29:43.890464+00:00,2026-04-17T22:00:00+00:00,0.554,0.62,MEDIUM,NW  (290–330°),1.1175,2026-04-17T22:30:00+00:00,2.0,300.3,0.74,5.68,252.6,2026-04-17T23:04:55+00:00,0.702
2026-04-18T01:13:41.896053+00:00,2026-04-17T23:00:00+00:00,0.522,0.583,MEDIUM,NW  (290–330°),1.1175,2026-04-18T00:30:00+00:00,1.81,305.9,0.68,5.12,261.8,2026-04-18T01:04:55+00:00,0.646
2026-04-18T04:22:13.187287+00:00,2026-04-18T03:00:00+00:00,0.56,0.625,MEDIUM,NW  (290–330°),1.1175,2026-04-18T03:30:00+00:00,1.67,317.2,0.77,5.38,253.9,2026-04-18T04:04:55+00:00,0.643
2026-04-18T06:06:13.768656+00:00,2026-04-18T04:00:00+00:00,0.567,0.634,MEDIUM,NW  (290–330°),1.1175,2026-04-18T05:00:00+00:00,1.61,315.8,0.71,5.38,255.9,2026-04-18T05:04:55+00:00,0.638
2026-04-18T07:52:52.243808+00:00,2026-04-18T06:00:00+00:00,0.576,0.644,MEDIUM,NW  (290–330°),1.1175,2026-04-18T07:00:00+00:00,1.61,317.2,0.72,5.12,272.2,2026-04-18T07:04:55+00:00,0.645
2026-04-18T08:35:46.556456+00:00,2026-04-18T07:00:00+00:00,0.562,0.628,MEDIUM,NW  (290–330°),1.1175,2026-04-18T08:00:00+00:00,1.72,311.5,0.69,4.44,258.1,2026-04-18T08:04:55+00:00,0.657
2026-04-18T09:37:31.389141+00:00,2026-04-18T08:00:00+00:00,0.568,0.634,MEDIUM,NW  (290–330°),1.1175,2026-04-18T09:00:00+00:00,1.67,320.0,0.72,5.38,256.0,2026-04-18T09:04:55+00:00,0.649
2026-04-18T10:30:31.306126+00:00,2026-04-18T09:00:00+00:00,0.537,0.6,MEDIUM,NW  (290–330°),1.1175,2026-04-18T10:00:00+00:00,1.68,314.3,0.71,6.02,254.4,2026-04-18T10:04:55+00:00,0.633
2026-04-18T11:25:44.269064+00:00,2026-04-18T10:00:00+00:00,0.523,0.585,MEDIUM,NW  (290–330°),1.1175,2026-04-18T10:30:00+00:00,1.74,311.5,0.66,6.02,256.9,2026-04-18T11:04:55+00:00,0.636
2026-04-18T12:34:27.148989+00:00,2026-04-18T11:00:00+00:00,0.467,0.522,MEDIUM,NW  (290–330°),1.1175,2026-04-18T12:00:00+00:00,1.63,317.2,0.6,5.12,257.1,2026-04-18T12:04:55+00:00,0.578
2026-04-18T13:54:21.926836+00:00,2026-04-18T12:00:00+00:00,0.468,0.523,MEDIUM,NW  (290–330°),1.1175,2026-04-18T13:00:00+00:00,1.52,317.2,0.66,6.02,250.3,2026-04-18T13:04:55+00:00,0.559
2026-04-18T14:33:27.903400+00:00,2026-04-18T13:00:00+00:00,0.477,0.534,MEDIUM,NW  (290–330°),1.1175,2026-04-18T14:00:00+00:00,1.52,314.3,0.67,5.68,254.2,2026-04-18T14:04:55+00:00,0.567
2026-04-18T15:28:02.540050+00:00,2026-04-18T14:00:00+00:00,0.482,0.538,MEDIUM,NW  (290–330°),1.1175,2026-04-18T14:30:00+00:00,1.46,311.5,0.67,5.68,252.5,2026-04-18T15:04:55+00:00,0.561
2026-04-18T16:25:54.446073+00:00,2026-04-18T15:00:00+00:00,0.48,0.536,MEDIUM,NW  (290–330°),1.1175,2026-04-18T15:30:00+00:00,1.43,320.0,0.72,5.38,253.5,2026-04-18T16:04:55+00:00,0.553
2026-04-18T17:27:43.717889+00:00,2026-04-18T16:00:00+00:00,0.475,0.531,MEDIUM,NW  (290–330°),1.1175,2026-04-18T16:30:00+00:00,1.42,307.3,0.61,5.38,246.9,2026-04-18T17:04:55+00:00,0.553
2026-04-18T18:30:59.279289+00:00,2026-04-18T17:00:00+00:00,0.474,0.529,MEDIUM,NW  (290–330°),1.1175,2026-04-18T18:00:00+00:00,1.47,311.5,0.64,5.12,243.2,2026-04-18T18:04:55+00:00,0.56
2026-04-18T19:33:30.692121+00:00,2026-04-18T18:00:00+00:00,0.465,0.52,MEDIUM,NW  (290–330°),1.1175,2026-04-18T19:00:00+00:00,1.5,308.7,0.65,5.38,247.2,2026-04-18T19:04:55+00:00,0.561
2026-04-18T20:23:44.048772+00:00,2026-04-18T19:00:00+00:00,0.437,0.488,MEDIUM,NW  (290–330°),1.1175,2026-04-18T19:30:00+00:00,1.4,318.6,0.65,5.12,236.4,2026-04-18T20:04:55+00:00,0.522
2026-04-18T21:23:23.768096+00:00,2026-04-18T20:00:00+00:00,0.4,0.451,HIGH,S   (150–200°),1.126,2026-04-18T20:30:00+00:00,1.46,176.5,0.63,5.68,242.2,2026-04-18T21:04:55+00:00,0.538
2026-04-18T22:21:48.025385+00:00,2026-04-18T21:00:00+00:00,0.4,0.45,HIGH,S   (150–200°),1.126,2026-04-18T21:30:00+00:00,1.42,180.8,0.61,6.02,242.7,2026-04-18T22:04:55+00:00,0.534
2026-04-18T23:24:26.717577+00:00,2026-04-18T22:00:00+00:00,0.385,0.433,HIGH,S   (150–200°),1.126,2026-04-18T22:30:00+00:00,1.32,186.4,0.58,6.02,253.1,2026-04-18T23:04:55+00:00,0.508
2026-04-19T01:22:44.533433+00:00,2026-04-19T00:00:00+00:00,0.358,0.403,HIGH,S   (150–200°),1.126,2026-04-19T00:30:00+00:00,1.23,193.4,0.61,5.12,261.1,2026-04-19T01:04:55+00:00,0.475
2026-04-19T04:41:59.848942+00:00,2026-04-19T03:00:00+00:00,0.395,0.445,HIGH,S   (150–200°),1.126,2026-04-19T04:00:00+00:00,1.08,176.5,0.61,6.02,256.3,2026-04-19T04:04:55+00:00,0.475
2026-04-19T06:23:15.224790+00:00,2026-04-19T05:00:00+00:00,0.387,0.436,HIGH,S   (150–200°),1.126,2026-04-19T05:30:00+00:00,1.04,197.6,0.6,5.38,278.0,2026-04-19T06:04:55+00:00,0.464
2026-04-19T07:59:54.870177+00:00,2026-04-19T06:00:00+00:00,0.399,0.449,HIGH,S   (150–200°),1.126,2026-04-19T07:00:00+00:00,1.14,187.8,0.59,5.38,287.0,2026-04-19T07:04:55+00:00,0.492
2026-04-19T08:55:27.970787+00:00,2026-04-19T07:00:00+00:00,0.409,0.46,HIGH,S   (150–200°),1.126,2026-04-19T08:00:00+00:00,1.08,179.3,0.55,4.64,275.7,2026-04-19T08:04:55+00:00,0.489
2026-04-19T09:37:02.524300+00:00,2026-04-19T08:00:00+00:00,0.378,0.425,HIGH,S   (150–200°),1.126,2026-04-19T09:00:00+00:00,1.12,187.8,0.54,4.44,260.1,2026-04-19T09:04:55+00:00,0.477
2026-04-19T10:29:38.833556+00:00,2026-04-19T09:00:00+00:00,0.343,0.386,HIGH,S   (150–200°),1.126,2026-04-19T09:30:00+00:00,1.09,192.0,0.52,6.4,247.3,2026-04-19T10:04:55+00:00,0.449
2026-04-19T11:26:30.538518+00:00,2026-04-19T10:00:00+00:00,0.325,0.366,HIGH,S   (150–200°),1.126,2026-04-19T10:30:00+00:00,0.95,193.4,0.47,4.86,244.9,2026-04-19T11:04:55+00:00,0.413
2026-04-19T12:33:57.992157+00:00,2026-04-19T11:00:00+00:00,0.329,0.371,HIGH,S   (150–200°),1.126,2026-04-19T12:00:00+00:00,1.0,189.2,0.54,4.44,259.3,2026-04-19T12:04:55+00:00,0.426
2026-04-19T13:52:31.395960+00:00,2026-04-19T12:00:00+00:00,0.356,0.401,HIGH,S   (150–200°),1.126,2026-04-19T13:00:00+00:00,1.01,187.8,0.5,5.68,245.7,2026-04-19T13:04:55+00:00,0.446
2026-04-19T14:33:33.228226+00:00,2026-04-19T13:00:00+00:00,0.357,0.402,HIGH,S   (150–200°),1.126,2026-04-19T13:30:00+00:00,1.01,190.6,0.47,6.02,253.3,2026-04-19T14:04:55+00:00,0.447
2026-04-19T15:28:04.322419+00:00,2026-04-19T14:00:00+00:00,0.331,0.373,HIGH,S   (150–200°),1.126,2026-04-19T14:30:00+00:00,1.08,187.8,0.44,5.68,256.7,2026-04-19T15:04:55+00:00,0.443
2026-04-19T16:26:39.853985+00:00,2026-04-19T15:00:00+00:00,0.326,0.367,HIGH,S   (150–200°),1.126,2026-04-19T15:30:00+00:00,1.11,194.8,0.38,5.38,254.2,2026-04-19T16:04:55+00:00,0.445
2026-04-19T17:26:50.434731+00:00,2026-04-19T16:00:00+00:00,0.326,0.367,HIGH,S   (150–200°),1.126,2026-04-19T16:30:00+00:00,1.04,186.4,0.37,4.64,258.8,2026-04-19T17:04:55+00:00,0.432
2026-04-19T18:32:16.129015+00:00,2026-04-19T17:00:00+00:00,0.323,0.364,HIGH,S   (150–200°),1.126,2026-04-19T18:00:00+00:00,0.99,187.8,0.4,4.44,256.0,2026-04-19T18:04:55+00:00,0.421
2026-04-19T19:33:48.605521+00:00,2026-04-19T18:00:00+00:00,0.321,0.361,HIGH,S   (150–200°),1.126,2026-04-19T19:00:00+00:00,0.93,187.8,0.41,4.86,253.8,2026-04-19T19:04:55+00:00,0.408
2026-04-19T20:24:10.094659+00:00,2026-04-19T19:00:00+00:00,0.328,0.369,HIGH,S   (150–200°),1.126,2026-04-19T19:30:00+00:00,1.0,187.8,0.47,4.64,246.1,2026-04-19T20:04:55+00:00,0.425
2026-04-19T21:24:35.771398+00:00,2026-04-19T20:00:00+00:00,0.333,0.375,HIGH,S   (150–200°),1.126,2026-04-19T20:30:00+00:00,1.05,193.4,0.47,4.86,250.1,2026-04-19T21:04:55+00:00,0.438
2026-04-19T22:22:55.309304+00:00,2026-04-19T21:00:00+00:00,0.313,0.353,HIGH,S   (150–200°),1.126,2026-04-19T21:30:00+00:00,0.96,189.2,0.46,4.64,253.9,2026-04-19T22:05:04+00:00,0.409
2026-04-19T23:26:04.020497+00:00,2026-04-19T22:00:00+00:00,0.293,0.35,HIGH,SW  (200–230°),1.1951,2026-04-19T22:30:00+00:00,0.98,206.1,0.46,4.86,256.1,2026-04-19T23:04:55+00:00,0.398
2026-04-20T01:22:31.797166+00:00,2026-04-20T00:00:00+00:00,0.265,0.299,HIGH,S   (150–200°),1.126,2026-04-20T00:30:00+00:00,0.92,197.6,0.45,4.26,264.7,2026-04-20T01:04:55+00:00,0.371,0.93,rising,1.9,2026-04-20 06:23,-0.33,2026-04-20 13:54,3.8,273,4.9,onshore
2026-04-20T04:48:51.146363+00:00,2026-04-20T03:00:00+00:00,0.228,0.257,HIGH,S   (150–200°),1.126,2026-04-20T04:00:00+00:00,0.77,197.6,0.48,4.44,264.8,2026-04-20T04:04:55+00:00,0.328,1.84,rising,1.9,2026-04-20 06:23,-0.33,2026-04-20 13:54,0.8,230,1.0,onshore
2026-04-20T07:09:27.170594+00:00,2026-04-20T05:00:00+00:00,0.282,0.318,HIGH,S   (150–200°),1.126,2026-04-20T06:30:00+00:00,0.79,192.0,0.53,3.92,266.2,2026-04-20T07:04:55+00:00,0.371,1.98,falling,0.99,2026-04-20 20:36,-0.33,2026-04-20 13:54,0.5,127,1.0,offshore
2026-04-20T09:31:17.748424+00:00,2026-04-20T08:00:00+00:00,0.318,0.381,HIGH,SW  (200–230°),1.1951,2026-04-20T09:00:00+00:00,0.84,220.1,0.48,3.92,269.5,2026-04-20T09:04:55+00:00,0.395,1.3,falling,0.99,2026-04-20 20:36,-0.33,2026-04-20 13:54,0.2,117,1.4,offshore
2026-04-20T11:10:04.624657+00:00,2026-04-20T09:00:00+00:00,0.286,0.322,HIGH,S   (150–200°),1.126,2026-04-20T10:30:00+00:00,0.8,190.6,0.41,3.64,267.5,2026-04-20T11:04:55+00:00,0.375,0.57,falling,0.99,2026-04-20 20:36,-0.33,2026-04-20 13:54,1.9,81,2.4,offshore
2026-04-20T13:01:43.578530+00:00,2026-04-20T11:00:00+00:00,0.245,0.292,HIGH,SW  (200–230°),1.1951,2026-04-20T12:30:00+00:00,0.74,215.9,0.37,12.8,200.7,2026-04-20T12:04:55+00:00,0.329,-0.07,falling,0.99,2026-04-20 20:36,-0.33,2026-04-20 13:54,2.0,90,2.3,offshore
2026-04-20T15:08:05.119487+00:00,2026-04-20T13:00:00+00:00,0.191,0.215,HIGH,S   (150–200°),1.126,2026-04-20T14:30:00+00:00,0.77,190.6,0.32,12.8,189.2,2026-04-20T15:04:55+00:00,0.302,-0.07,rising,0.99,2026-04-20 20:36,0.7,2026-04-21 00:40,1.4,65,2.3,offshore
2026-04-20T16:52:25.281614+00:00,2026-04-20T15:00:00+00:00,0.142,0.17,HIGH,SW  (200–230°),1.1951,2026-04-20T16:00:00+00:00,0.71,200.4,0.27,14.62,176.2,2026-04-20T16:04:55+00:00,0.256,0.37,rising,0.99,2026-04-20 20:36,0.7,2026-04-21 00:40,2.0,160,2.3,sideshore-S
2026-04-20T17:48:36.285998+00:00,2026-04-20T16:00:00+00:00,0.163,0.184,HIGH,S   (150–200°),1.126,2026-04-20T17:00:00+00:00,0.78,190.6,0.26,17.06,162.2,2026-04-20T17:04:55+00:00,0.283,0.6,rising,0.99,2026-04-20 20:36,0.7,2026-04-21 00:40,2.3,182,2.4,sideshore-S
2026-04-20T18:48:56.141741+00:00,2026-04-20T17:00:00+00:00,0.144,0.173,HIGH,SW  (200–230°),1.1951,2026-04-20T18:00:00+00:00,0.8,210.3,0.27,14.62,167.7,2026-04-20T18:04:55+00:00,0.267,0.88,rising,0.99,2026-04-20 20:36,0.7,2026-04-21 00:40,2.6,189,2.7,sideshore-S
2026-04-20T19:53:14.336949+00:00,2026-04-20T18:00:00+00:00,0.139,0.157,HIGH,S   (150–200°),1.126,2026-04-20T19:00:00+00:00,0.9,199.0,0.27,12.8,179.9,2026-04-20T19:04:55+00:00,0.281,1.01,rising,0.99,2026-04-20 20:36,0.7,2026-04-21 00:40,2.6,209,2.9,sideshore-S
2026-04-20T20:35:01.710944+00:00,2026-04-20T19:00:00+00:00,0.139,0.157,HIGH,S   (150–200°),1.126,2026-04-20T20:00:00+00:00,0.88,192.0,0.25,12.8,184.1,2026-04-20T20:04:55+00:00,0.279,1.06,falling,0.99,2026-04-20 20:36,0.7,2026-04-21 00:40,2.9,216,3.1,sideshore-S
2026-04-20T21:36:51.028760+00:00,2026-04-20T20:00:00+00:00,0.163,0.195,HIGH,SW  (200–230°),1.1951,2026-04-20T21:00:00+00:00,0.94,208.9,0.25,12.8,197.5,2026-04-20T21:04:55+00:00,0.301,1.06,falling,1.82,2026-04-21 07:12,0.7,2026-04-21 00:40,3.3,237,3.7,onshore
2026-04-20T22:32:55.782984+00:00,2026-04-20T21:00:00+00:00,0.166,0.187,HIGH,S   (150–200°),1.126,2026-04-20T22:00:00+00:00,1.05,194.8,0.24,12.8,208.5,2026-04-20T22:04:55+00:00,0.322,1.04,falling,1.82,2026-04-21 07:12,0.7,2026-04-21 00:40,3.5,246,3.9,onshore
2026-04-20T23:33:02.155995+00:00,2026-04-20T22:00:00+00:00,0.154,0.174,HIGH,S   (150–200°),1.126,2026-04-20T23:00:00+00:00,1.15,186.4,0.23,12.8,203.2,2026-04-20T23:04:55+00:00,0.328,0.98,falling,1.82,2026-04-21 07:12,0.7,2026-04-21 00:40,3.3,254,4.1,onshore
2026-04-21T01:19:56.667055+00:00,2026-04-20T23:00:00+00:00,0.146,0.163,MEDIUM,NW  (290–330°),1.1175,2026-04-21T00:30:00+00:00,1.36,307.3,0.32,12.8,203.9,2026-04-21T01:04:55+00:00,0.268,0.87,rising,1.82,2026-04-21 07:12,-0.27,2026-04-21 14:58,2.4,263,2.9,onshore
2026-04-21T04:39:19.468655+00:00,2026-04-21T03:00:00+00:00,0.284,0.317,MEDIUM,NW  (290–330°),1.1175,2026-04-21T04:00:00+00:00,1.77,311.5,0.4,7.86,243.0,2026-04-21T04:04:55+00:00,0.423,1.5,rising,1.82,2026-04-21 07:12,-0.27,2026-04-21 14:58,1.2,340,2.0,sideshore-N
2026-04-21T06:28:25.126602+00:00,2026-04-21T05:00:00+00:00,0.316,0.359,LOW,WNW (260–290°),1.1382,2026-04-21T05:30:00+00:00,1.78,289.0,0.51,5.12,262.9,2026-04-21T06:04:55+00:00,0.467,1.91,rising,1.82,2026-04-21 07:12,-0.27,2026-04-21 14:58,2.2,347,2.6,sideshore-N
2026-04-21T08:25:35.911633+00:00,2026-04-21T07:00:00+00:00,0.353,0.395,MEDIUM,NW  (290–330°),1.1175,2026-04-21T07:30:00+00:00,2.33,312.9,0.6,7.86,246.6,2026-04-21T08:04:55+00:00,0.551,1.87,falling,0.95,2026-04-21 22:04,-0.27,2026-04-21 14:58,2.3,38,2.7,sideshore-N
2026-04-21T10:09:14.327808+00:00,2026-04-21T08:00:00+00:00,0.339,0.379,MEDIUM,NW  (290–330°),1.1175,2026-04-21T09:30:00+00:00,2.17,310.1,0.62,7.3,245.5,2026-04-21T10:04:55+00:00,0.52,1.36,falling,0.95,2026-04-21 22:04,-0.27,2026-04-21 14:58,2.4,54,3.7,offshore
2026-04-21T11:52:37.156147+00:00,2026-04-21T10:00:00+00:00,0.334,0.373,MEDIUM,NW  (290–330°),1.1175,2026-04-21T11:00:00+00:00,2.59,308.7,,,,,0.576,0.67,falling,0.95,2026-04-21 22:04,-0.27,2026-04-21 14:58,2.6,72,6.5,offshore
2026-04-21T12:56:31.908802+00:00,2026-04-21T11:00:00+00:00,0.351,0.392,MEDIUM,NW  (290–330°),1.1175,2026-04-21T12:00:00+00:00,2.53,310.1,0.69,12.8,216.1,2026-04-21T12:04:55+00:00,0.579,0.26,falling,0.95,2026-04-21 22:04,-0.27,2026-04-21 14:58,2.6,79,7.2,offshore
2026-04-21T14:30:07.536765+00:00,2026-04-21T13:00:00+00:00,0.357,0.399,MEDIUM,NW  (290–330°),1.1175,2026-04-21T13:30:00+00:00,2.91,301.7,0.79,12.8,216.6,2026-04-21T14:04:55+00:00,0.644,-0.09,falling,0.95,2026-04-21 22:04,-0.27,2026-04-21 14:58,3.7,121,9.9,offshore
2026-04-21T16:02:48.101801+00:00,2026-04-21T14:00:00+00:00,0.4,0.447,MEDIUM,NW  (290–330°),1.1175,2026-04-21T15:30:00+00:00,2.35,300.3,0.83,12.8,221.7,2026-04-21T15:04:55+00:00,0.598,-0.05,rising,0.95,2026-04-21 22:04,0.81,2026-04-22 01:33,2.2,51,6.3,offshore
2026-04-21T17:50:38.573026+00:00,2026-04-21T16:00:00+00:00,0.46,0.515,MEDIUM,NW  (290–330°),1.1175,2026-04-21T17:00:00+00:00,2.33,298.9,0.95,11.36,223.6,2026-04-21T17:04:55+00:00,0.64,0.26,rising,0.95,2026-04-21 22:04,0.81,2026-04-22 01:33,5.1,120,8.3,offshore
2026-04-21T18:54:44.932871+00:00,2026-04-21T17:00:00+00:00,0.492,0.561,LOW,WNW (260–290°),1.1382,2026-04-21T18:00:00+00:00,2.36,286.2,0.97,12.8,221.5,2026-04-21T18:04:55+00:00,0.68,0.58,rising,0.95,2026-04-21 22:04,0.81,2026-04-22 01:33,4.3,126,5.7,offshore
2026-04-21T19:58:21.745726+00:00,2026-04-21T18:00:00+00:00,0.496,0.555,MEDIUM,NW  (290–330°),1.1175,2026-04-21T19:00:00+00:00,1.99,298.9,1.01,11.36,225.3,2026-04-21T19:04:55+00:00,0.619,0.83,rising,0.95,2026-04-21 22:04,0.81,2026-04-22 01:33,2.5,106,3.2,offshore
2026-04-21T20:47:10.059174+00:00,2026-04-21T19:00:00+00:00,0.495,0.554,MEDIUM,NW  (290–330°),1.1175,2026-04-21T20:00:00+00:00,2.61,297.5,0.85,10.24,228.7,2026-04-21T20:04:55+00:00,0.706,0.94,rising,0.95,2026-04-21 22:04,0.81,2026-04-22 01:33,1.8,135,2.7,offshore
2026-04-21T21:35:58.424063+00:00,2026-04-21T20:00:00+00:00,0.46,0.514,MEDIUM,NW  (290–330°),1.1175,2026-04-21T21:00:00+00:00,2.41,303.1,0.86,9.3,235.3,2026-04-21T21:04:55+00:00,0.648,1.03,rising,0.95,2026-04-21 22:04,0.81,2026-04-22 01:33,2.9,160,3.2,sideshore-S
2026-04-21T22:29:31.250466+00:00,2026-04-21T21:00:00+00:00,0.45,0.503,MEDIUM,NW  (290–330°),1.1175,2026-04-21T21:30:00+00:00,2.31,294.7,0.75,8.52,237.4,2026-04-21T22:04:55+00:00,0.634,1.05,falling,1.7,2026-04-22 08:11,0.81,2026-04-22 01:33,2.8,193,3.6,sideshore-S
2026-04-21T23:27:01.697993+00:00,2026-04-21T22:00:00+00:00,0.463,0.517,MEDIUM,NW  (290–330°),1.1175,2026-04-21T22:30:00+00:00,2.42,298.9,0.73,10.24,228.6,2026-04-21T23:04:55+00:00,0.655,1.01,falling,1.7,2026-04-22 08:11,0.81,2026-04-22 01:33,2.4,225,4.2,onshore
2026-04-22T01:18:32.017469+00:00,2026-04-21T23:00:00+00:00,0.469,0.524,MEDIUM,NW  (290–330°),1.1175,2026-04-22T00:30:00+00:00,2.46,301.7,0.62,7.3,244.8,2026-04-22T01:04:55+00:00,0.662,0.96,falling,1.7,2026-04-22 08:11,0.81,2026-04-22 01:33,3.0,266,6.0,onshore
2026-04-22T04:37:03.984400+00:00,2026-04-22T03:00:00+00:00,0.441,0.493,MEDIUM,NW  (290–330°),1.1175,2026-04-22T04:00:00+00:00,2.08,303.1,0.71,12.8,204.6,2026-04-22T04:04:55+00:00,0.588,1.26,rising,1.7,2026-04-22 08:11,-0.2,2026-04-22 16:13,1.5,286,4.0,onshore
2026-04-22T06:28:48.930666+00:00,2026-04-22T05:00:00+00:00,0.427,0.477,MEDIUM,NW  (290–330°),1.1175,2026-04-22T05:30:00+00:00,2.1,298.9,0.73,11.36,223.8,2026-04-22T06:04:55+00:00,0.584,1.62,rising,1.7,2026-04-22 08:11,-0.2,2026-04-22 16:13,1.6,284,2.3,onshore
2026-04-22T08:23:20.394998+00:00,2026-04-22T07:00:00+00:00,0.426,0.476,MEDIUM,NW  (290–330°),1.1175,2026-04-22T07:30:00+00:00,2.13,307.3,0.8,10.24,229.6,2026-04-22T08:04:55+00:00,0.58,1.8,rising,0.99,2026-04-22 23:47,-0.2,2026-04-22 16:13,1.9,309,5.2,onshore
2026-04-22T10:09:26.356074+00:00,2026-04-22T08:00:00+00:00,0.446,0.508,LOW,WNW (260–290°),1.1382,2026-04-22T09:30:00+00:00,1.95,287.6,0.85,5.38,261.1,2026-04-22T10:04:55+00:00,0.587,1.56,falling,0.99,2026-04-22 23:47,-0.2,2026-04-22 16:13,1.9,313,5.1,onshore
2026-04-22T11:50:47.818262+00:00,2026-04-22T10:00:00+00:00,0.421,0.471,MEDIUM,NW  (290–330°),1.1175,2026-04-22T11:00:00+00:00,1.7,298.9,0.93,5.68,252.0,2026-04-22T11:04:55+00:00,0.524,1.02,falling,0.99,2026-04-22 23:47,-0.2,2026-04-22 16:13,2.7,326,7.3,sideshore-N
2026-04-22T12:56:47.122828+00:00,2026-04-22T11:00:00+00:00,0.446,0.498,MEDIUM,NW  (290–330°),1.1175,2026-04-22T12:00:00+00:00,1.9,305.9,0.88,6.02,251.9,2026-04-22T12:04:55+00:00,0.564,0.6,falling,0.99,2026-04-22 23:47,-0.2,2026-04-22 16:13,2.2,265,5.0,onshore
2026-04-22T14:30:51.323893+00:00,2026-04-22T13:00:00+00:00,0.2,0.223,MEDIUM,NW  (290–330°),1.1175,2026-04-22T13:30:00+00:00,1.64,303.1,0.88,6.02,249.6,2026-04-22T14:04:55+00:00,0.35,0.1,falling,0.99,2026-04-22 23:47,-0.2,2026-04-22 16:13,1.9,231,2.7,onshore
2026-04-22T16:00:47.021052+00:00,2026-04-22T14:00:00+00:00,0.417,0.466,MEDIUM,NW  (290–330°),1.1175,2026-04-22T15:00:00+00:00,1.8,297.5,0.82,6.02,246.7,2026-04-22T15:04:55+00:00,0.536,-0.04,rising,0.99,2026-04-22 23:47,-0.2,2026-04-22 16:13,0.9,257,3.8,onshore
2026-04-22T17:50:20.884354+00:00,2026-04-22T16:00:00+00:00,0.416,0.474,LOW,WNW (260–290°),1.1382,2026-04-22T17:00:00+00:00,1.86,280.6,0.74,11.36,221.1,2026-04-22T17:04:55+00:00,0.559,-0.03,rising,0.99,2026-04-22 23:47,0.89,2026-04-23 02:59,3.3,258,4.0,onshore
2026-04-22T18:56:09.564657+00:00,2026-04-22T17:00:00+00:00,0.457,0.511,MEDIUM,NW  (290–330°),1.1175,2026-04-22T18:00:00+00:00,1.98,297.5,0.87,10.24,225.5,2026-04-22T18:04:55+00:00,0.59,0.24,rising,0.99,2026-04-22 23:47,0.89,2026-04-23 02:59,4.5,266,5.6,onshore
2026-04-22T20:00:15.371849+00:00,2026-04-22T18:00:00+00:00,0.5,0.569,LOW,WNW (260–290°),1.1382,2026-04-22T19:00:00+00:00,1.9,284.8,0.92,3.52,261.1,2026-04-22T19:04:55+00:00,0.622,0.46,rising,0.99,2026-04-22 23:47,0.89,2026-04-23 02:59,5.6,281,7.5,onshore
2026-04-22T20:56:32.785045+00:00,2026-04-22T19:00:00+00:00,0.516,0.588,LOW,WNW (260–290°),1.1382,2026-04-22T20:00:00+00:00,2.02,289.0,0.97,3.78,254.2,2026-04-22T20:04:55+00:00,0.647,0.73,rising,0.99,2026-04-22 23:47,0.89,2026-04-23 02:59,5.2,299,7.2,onshore
2026-04-22T21:42:46.663850+00:00,2026-04-22T20:00:00+00:00,0.487,0.554,LOW,WNW (260–290°),1.1382,2026-04-22T21:00:00+00:00,1.97,283.4,0.97,4.08,253.7,2026-04-22T21:04:55+00:00,0.624,0.85,rising,0.99,2026-04-22 23:47,0.89,2026-04-23 02:59,6.5,283,8.9,onshore
2026-04-22T22:37:27.165297+00:00,2026-04-22T21:00:00+00:00,0.618,0.703,LOW,WNW (260–290°),1.1382,2026-04-22T22:00:00+00:00,1.86,280.6,1.17,4.64,247.1,2026-04-22T22:04:55+00:00,0.706,1.02,rising,0.99,2026-04-22 23:47,0.89,2026-04-23 02:59,6.2,291,8.8,onshore
2026-04-22T23:37:22.596028+00:00,2026-04-22T22:00:00+00:00,0.746,0.833,MEDIUM,NW  (290–330°),1.1175,2026-04-22T23:00:00+00:00,2.05,298.9,1.24,4.86,252.3,2026-04-22T23:04:55+00:00,0.809,1.04,falling,0.99,2026-04-22 23:47,0.89,2026-04-23 02:59,5.5,301,9.1,onshore
2026-04-23T01:23:30.504638+00:00,2026-04-23T00:00:00+00:00,0.841,0.939,MEDIUM,NW  (290–330°),1.1175,2026-04-23T00:30:00+00:00,2.09,294.7,1.16,5.68,245.7,2026-04-23T01:04:55+00:00,0.887,1.04,falling,1.55,2026-04-23 09:25,0.89,2026-04-23 02:59,5.4,330,12.5,sideshore-N
2026-04-23T04:42:00.096437+00:00,2026-04-23T03:00:00+00:00,0.764,0.853,MEDIUM,NW  (290–330°),1.1175,2026-04-23T04:00:00+00:00,2.14,300.3,1.05,5.38,243.1,2026-04-23T04:04:55+00:00,0.833,1.04,rising,1.55,2026-04-23 09:25,-0.15,2026-04-23 17:30,2.2,214,2.2,sideshore-S
2026-04-23T06:54:16.857842+00:00,2026-04-23T05:00:00+00:00,0.721,0.821,LOW,WNW (260–290°),1.1382,2026-04-23T06:00:00+00:00,2.1,266.5,0.98,6.02,248.3,2026-04-23T06:04:55+00:00,0.829,1.37,rising,1.55,2026-04-23 09:25,-0.15,2026-04-23 17:30,2.2,234,2.3,onshore
2026-04-23T08:27:33.089233+00:00,2026-04-23T07:00:00+00:00,0.671,0.749,MEDIUM,NW  (290–330°),1.1175,2026-04-23T07:30:00+00:00,2.25,303.1,0.93,6.4,241.2,2026-04-23T08:04:55+00:00,0.779,1.54,rising,1.55,2026-04-23 09:25,-0.15,2026-04-23 17:30,2.2,275,2.9,onshore
2026-04-23T10:12:50.814362+00:00,2026-04-23T08:00:00+00:00,0.676,0.769,LOW,WNW (260–290°),1.1382,2026-04-23T09:30:00+00:00,2.13,280.6,0.91,6.02,241.1,2026-04-23T10:04:55+00:00,0.786,1.64,rising,1.09,2026-04-24 00:57,-0.15,2026-04-23 17:30,2.8,247,2.9,onshore
2026-04-23T11:52:25.224935+00:00,2026-04-23T10:00:00+00:00,0.659,0.736,MEDIUM,NW  (290–330°),1.1175,2026-04-23T11:00:00+00:00,2.24,297.5,0.92,5.12,242.5,2026-04-23T11:04:55+00:00,0.774,1.35,falling,1.09,2026-04-24 00:57,-0.15,2026-04-23 17:30,0.9,252,1.2,onshore
2026-04-23T12:56:36.725828+00:00,2026-04-23T11:00:00+00:00,0.641,0.716,MEDIUM,NW  (290–330°),1.1175,2026-04-23T12:00:00+00:00,2.19,300.3,0.89,5.12,248.3,2026-04-23T12:04:55+00:00,0.751,1.06,falling,1.09,2026-04-24 00:57,-0.15,2026-04-23 17:30,2.1,208,2.2,sideshore-S
2026-04-23T15:08:45.044302+00:00,2026-04-23T13:00:00+00:00,0.551,0.62,HIGH,S   (150–200°),1.126,2026-04-23T14:30:00+00:00,2.01,192.0,0.83,6.4,247.0,2026-04-23T15:04:55+00:00,0.737,0.3,falling,1.09,2026-04-24 00:57,-0.15,2026-04-23 17:30,0.6,51,1.4,offshore
2026-04-23T17:07:40.069034+00:00,2026-04-23T15:00:00+00:00,0.454,0.542,HIGH,SW  (200–230°),1.1951,2026-04-23T16:30:00+00:00,1.92,210.3,0.8,6.02,248.0,2026-04-23T16:04:55+00:00,0.65,-0.08,falling,1.09,2026-04-24 00:57,-0.15,2026-04-23 17:30,3.1,151,5.0,sideshore-S
2026-04-23T18:53:05.217476+00:00,2026-04-23T17:00:00+00:00,0.418,0.467,MEDIUM,NW  (290–330°),1.1175,2026-04-23T18:00:00+00:00,1.93,293.2,0.68,6.02,242.9,2026-04-23T18:04:55+00:00,0.558,0.03,rising,1.09,2026-04-24 00:57,0.87,2026-04-24 05:10,2.4,199,2.5,sideshore-S
2026-04-23T20:01:02.186958+00:00,2026-04-23T18:00:00+00:00,0.422,0.481,LOW,WNW (260–290°),1.1382,2026-04-23T19:30:00+00:00,2.0,289.0,0.65,6.02,245.5,2026-04-23T19:04:55+00:00,0.575,0.3,rising,1.09,2026-04-24 00:57,0.87,2026-04-24 05:10,2.5,230,2.6,onshore
2026-04-23T21:36:12.865577+00:00,2026-04-23T20:00:00+00:00,0.416,0.465,MEDIUM,NW  (290–330°),1.1175,2026-04-23T21:00:00+00:00,2.06,303.1,0.56,6.4,244.7,2026-04-23T21:04:55+00:00,0.566,0.69,rising,1.09,2026-04-24 00:57,0.87,2026-04-24 05:10,3.5,252,4.1,onshore
2026-04-23T22:33:21.193519+00:00,2026-04-23T21:00:00+00:00,0.405,0.461,LOW,WNW (260–290°),1.1382,2026-04-23T22:00:00+00:00,1.99,283.4,0.57,6.4,248.7,2026-04-23T22:04:55+00:00,0.566,0.92,rising,1.09,2026-04-24 00:57,0.87,2026-04-24 05:10,3.6,252,4.2,onshore
2026-04-23T23:35:23.528009+00:00,2026-04-23T22:00:00+00:00,0.372,0.423,LOW,WNW (260–290°),1.1382,2026-04-23T23:00:00+00:00,2.11,267.9,0.58,6.4,245.1,2026-04-23T23:04:55+00:00,0.574,1.13,rising,1.09,2026-04-24 00:57,0.87,2026-04-24 05:10,2.4,235,2.7,onshore
2026-04-24T01:22:59.180073+00:00,2026-04-24T00:00:00+00:00,0.413,0.44,MEDIUM,W   (230–260°),1.0669,2026-04-24T00:30:00+00:00,2.26,231.4,0.75,5.68,250.2,2026-04-24T01:04:55+00:00,0.656,1.22,rising,1.43,2026-04-24 10:57,0.87,2026-04-24 05:10,1.7,237,2.3,onshore
2026-04-24T04:45:40.650522+00:00,2026-04-24T03:00:00+00:00,0.577,0.644,MEDIUM,NW  (290–330°),1.1175,2026-04-24T04:00:00+00:00,2.43,305.9,0.93,4.64,255.2,2026-04-24T04:04:55+00:00,0.733,1.04,falling,1.43,2026-04-24 10:57,0.87,2026-04-24 05:10,2.1,248,2.8,onshore
2026-04-24T06:57:29.173877+00:00,2026-04-24T05:00:00+00:00,0.528,0.59,MEDIUM,NW  (290–330°),1.1175,2026-04-24T06:00:00+00:00,2.47,301.7,0.94,6.4,251.8,2026-04-24T06:04:55+00:00,0.707,1.08,falling,1.43,2026-04-24 10:57,-0.12,2026-04-24 18:36,1.7,180,1.7,sideshore-S
2026-04-24T08:57:13.018450+00:00,2026-04-24T07:00:00+00:00,0.543,0.606,MEDIUM,NW  (290–330°),1.1175,2026-04-24T08:00:00+00:00,2.47,311.5,0.85,6.82,252.5,2026-04-24T08:04:55+00:00,0.709,1.37,rising,1.43,2026-04-24 10:57,-0.12,2026-04-24 18:36,0.5,360,1.4,sideshore-N
2026-04-24T10:31:02.962142+00:00,2026-04-24T08:00:00+00:00,0.545,0.651,HIGH,SW  (200–230°),1.1951,2026-04-24T09:30:00+00:00,2.39,206.1,0.86,6.4,248.4,2026-04-24T10:04:55+00:00,0.783,1.57,rising,1.43,2026-04-24 10:57,-0.12,2026-04-24 18:36,1.8,347,4.2,sideshore-N
2026-04-24T11:51:38.555318+00:00,2026-04-24T10:00:00+00:00,0.529,0.591,MEDIUM,NW  (290–330°),1.1175,2026-04-24T11:00:00+00:00,2.37,304.5,0.81,6.82,246.8,2026-04-24T11:04:55+00:00,0.691,1.54,falling,1.21,2026-04-25 01:41,-0.12,2026-04-24 18:36,0.9,18,2.4,sideshore-N
2026-04-24T12:55:13.443981+00:00,2026-04-24T11:00:00+00:00,0.489,0.547,MEDIUM,NW  (290–330°),1.1175,2026-04-24T12:00:00+00:00,2.55,310.1,0.84,7.3,244.3,2026-04-24T12:04:55+00:00,0.683,1.37,falling,1.21,2026-04-25 01:41,-0.12,2026-04-24 18:36,1.0,79,1.5,offshore
2026-04-24T14:27:31.181292+00:00,2026-04-24T13:00:00+00:00,0.423,0.482,LOW,WNW (260–290°),1.1382,2026-04-24T13:30:00+00:00,2.59,279.2,0.75,7.86,243.9,2026-04-24T14:04:55+00:00,0.668,0.93,falling,1.21,2026-04-25 01:41,-0.12,2026-04-24 18:36,2.2,34,2.4,sideshore-N
2026-04-24T15:57:30.394131+00:00,2026-04-24T14:00:00+00:00,0.412,0.461,MEDIUM,NW  (290–330°),1.1175,2026-04-24T15:00:00+00:00,2.48,304.5,0.73,7.3,248.9,2026-04-24T15:04:55+00:00,0.622,0.53,falling,1.21,2026-04-25 01:41,-0.12,2026-04-24 18:36,1.1,131,1.8,offshore
2026-04-24T16:49:06.746178+00:00,2026-04-24T15:00:00+00:00,0.403,0.458,LOW,WNW (260–290°),1.1382,2026-04-24T16:00:00+00:00,2.39,280.6,0.79,6.4,249.1,2026-04-24T16:04:55+00:00,0.624,0.27,falling,1.21,2026-04-25 01:41,-0.12,2026-04-24 18:36,1.2,171,1.5,sideshore-S
2026-04-24T17:41:54.530042+00:00,2026-04-24T16:00:00+00:00,0.376,0.42,MEDIUM,NW  (290–330°),1.1175,2026-04-24T17:00:00+00:00,2.46,314.3,0.65,6.82,243.5,2026-04-24T17:04:55+00:00,0.584,0.14,falling,1.21,2026-04-25 01:41,-0.12,2026-04-24 18:36,2.4,197,2.5,sideshore-S
2026-04-24T18:35:07.080330+00:00,2026-04-24T17:00:00+00:00,0.371,0.396,MEDIUM,W   (230–260°),1.0669,2026-04-24T18:00:00+00:00,2.55,256.7,0.55,6.82,243.7,2026-04-24T18:04:55+00:00,0.646,0.03,falling,1.21,2026-04-25 01:41,-0.12,2026-04-24 18:36,2.7,214,3.0,sideshore-S
2026-04-24T19:42:42.956509+00:00,2026-04-24T18:00:00+00:00,0.384,0.429,MEDIUM,NW  (290–330°),1.1175,2026-04-24T19:00:00+00:00,2.35,315.8,0.59,6.82,250.2,2026-04-24T19:04:55+00:00,0.574,0.08,rising,1.21,2026-04-25 01:41,0.72,2026-04-25 06:51,3.0,221,3.4,sideshore-S
2026-04-24T20:34:45.892820+00:00,2026-04-24T19:00:00+00:00,0.375,0.427,LOW,WNW (260–290°),1.1382,2026-04-24T19:30:00+00:00,2.41,280.6,0.62,7.86,232.6,2026-04-24T20:04:55+00:00,0.607,0.23,rising,1.21,2026-04-25 01:41,0.72,2026-04-25 06:51,3.4,238,3.8,onshore
2026-04-24T21:37:44.094779+00:00,2026-04-24T20:00:00+00:00,0.381,0.426,MEDIUM,NW  (290–330°),1.1175,2026-04-24T21:00:00+00:00,2.29,304.5,0.62,7.3,233.8,2026-04-24T21:04:55+00:00,0.572,0.53,rising,1.21,2026-04-25 01:41,0.72,2026-04-25 06:51,3.4,251,3.8,onshore
2026-04-24T22:31:05.323730+00:00,2026-04-24T21:00:00+00:00,0.392,0.446,LOW,WNW (260–290°),1.1382,2026-04-24T22:00:00+00:00,2.12,289.0,0.61,6.4,248.6,2026-04-24T22:04:55+00:00,0.57,0.78,rising,1.21,2026-04-25 01:41,0.72,2026-04-25 06:51,4.0,256,4.7,onshore
2026-04-24T23:30:19.730514+00:00,2026-04-24T22:00:00+00:00,0.441,0.493,MEDIUM,NW  (290–330°),1.1175,2026-04-24T22:30:00+00:00,2.06,297.5,0.73,4.64,248.7,2026-04-24T23:04:55+00:00,0.59,1.05,rising,1.21,2026-04-25 01:41,0.72,2026-04-25 06:51,3.5,258,4.5,onshore
2026-04-25T01:16:11.062485+00:00,2026-04-24T23:00:00+00:00,0.513,0.584,LOW,WNW (260–290°),1.1382,2026-04-25T00:30:00+00:00,2.04,289.0,1.16,4.86,249.1,2026-04-25T01:04:55+00:00,0.647,1.34,rising,1.21,2026-04-25 01:41,0.72,2026-04-25 06:51,3.1,279,4.5,onshore
2026-04-25T04:26:46.400577+00:00,2026-04-25T03:00:00+00:00,0.655,0.746,LOW,WNW (260–290°),1.1382,2026-04-25T03:30:00+00:00,1.92,276.4,0.94,5.68,242.0,2026-04-25T04:04:55+00:00,0.746,1.12,falling,1.37,2026-04-25 12:23,0.72,2026-04-25 06:51,2.0,285,4.7,onshore
2026-04-25T06:14:13.119790+00:00,2026-04-25T04:00:00+00:00,0.663,0.741,MEDIUM,NW  (290–330°),1.1175,2026-04-25T05:30:00+00:00,1.93,305.9,0.8,5.68,241.2,2026-04-25T06:04:55+00:00,0.726,0.89,falling,1.37,2026-04-25 12:23,0.72,2026-04-25 06:51,1.4,231,2.1,onshore
2026-04-25T07:58:47.315932+00:00,2026-04-25T06:00:00+00:00,0.666,0.745,MEDIUM,NW  (290–330°),1.1175,2026-04-25T07:00:00+00:00,1.71,293.2,0.74,5.12,246.8,2026-04-25T07:04:55+00:00,0.709,0.93,rising,1.37,2026-04-25 12:23,-0.07,2026-04-25 19:29,2.5,7,6.4,sideshore-N
2026-04-25T08:49:39.877687+00:00,2026-04-25T07:00:00+00:00,0.605,0.723,HIGH,SW  (200–230°),1.1951,2026-04-25T08:00:00+00:00,1.69,228.6,0.73,5.68,246.0,2026-04-25T08:04:55+00:00,0.718,1.02,rising,1.37,2026-04-25 12:23,-0.07,2026-04-25 19:29,3.2,9,6.6,sideshore-N
2026-04-25T09:40:48.054279+00:00,2026-04-25T08:00:00+00:00,0.563,0.673,HIGH,SW  (200–230°),1.1951,2026-04-25T09:00:00+00:00,1.65,218.7,0.67,5.38,242.4,2026-04-25T09:04:55+00:00,0.687,1.13,rising,1.37,2026-04-25 12:23,-0.07,2026-04-25 19:29,3.9,6,6.6,sideshore-N
2026-04-25T10:33:58.462339+00:00,2026-04-25T09:00:00+00:00,0.552,0.589,MEDIUM,W   (230–260°),1.0669,2026-04-25T10:00:00+00:00,1.57,253.9,0.62,4.86,249.6,2026-04-25T10:04:55+00:00,0.643,1.3,rising,1.37,2026-04-25 12:23,-0.07,2026-04-25 19:29,2.5,18,4.6,sideshore-N
2026-04-25T11:30:36.407645+00:00,2026-04-25T10:00:00+00:00,0.5,0.597,HIGH,SW  (200–230°),1.1951,2026-04-25T10:30:00+00:00,1.65,201.8,0.62,5.12,246.3,2026-04-25T11:04:55+00:00,0.648,1.42,rising,1.37,2026-04-25 12:23,-0.07,2026-04-25 19:29,0.8,263,2.0,onshore
2026-04-25T12:35:48.193783+00:00,2026-04-25T11:00:00+00:00,0.457,0.511,MEDIUM,NW  (290–330°),1.1175,2026-04-25T12:00:00+00:00,1.55,298.9,0.59,4.64,242.9,2026-04-25T12:04:55+00:00,0.528,1.5,rising,1.32,2026-04-26 02:16,-0.07,2026-04-25 19:29,1.3,266,1.9,onshore
2026-04-25T13:56:45.714570+00:00,2026-04-25T12:00:00+00:00,0.434,0.485,MEDIUM,NW  (290–330°),1.1175,2026-04-25T13:00:00+00:00,1.51,311.5,0.62,5.38,239.9,2026-04-25T13:04:55+00:00,0.496,1.37,falling,1.32,2026-04-26 02:16,-0.07,2026-04-25 19:29,1.8,357,3.9,sideshore-N
2026-04-25T14:36:58.620880+00:00,2026-04-25T13:00:00+00:00,0.417,0.499,HIGH,SW  (200–230°),1.1951,2026-04-25T14:00:00+00:00,1.58,207.5,0.66,4.64,244.4,2026-04-25T14:04:55+00:00,0.576,1.22,falling,1.32,2026-04-26 02:16,-0.07,2026-04-25 19:29,0.5,79,2.1,offshore
2026-04-25T15:31:05.590670+00:00,2026-04-25T14:00:00+00:00,0.416,0.497,HIGH,SW  (200–230°),1.1951,2026-04-25T15:00:00+00:00,1.45,222.9,0.67,5.12,252.0,2026-04-25T15:05:03+00:00,0.55,0.98,falling,1.32,2026-04-26 02:16,-0.07,2026-04-25 19:29,0.8,249,0.9,onshore
2026-04-25T16:28:50.359253+00:00,2026-04-25T15:00:00+00:00,0.388,0.436,HIGH,S   (150–200°),1.126,2026-04-25T15:30:00+00:00,1.45,187.8,0.61,5.68,253.5,2026-04-25T16:04:55+00:00,0.54,0.66,falling,1.32,2026-04-26 02:16,-0.07,2026-04-25 19:29,0.2,243,1.7,onshore
2026-04-25T17:29:57.522267+00:00,2026-04-25T16:00:00+00:00,0.354,0.423,HIGH,SW  (200–230°),1.1951,2026-04-25T16:30:00+00:00,1.35,214.5,0.54,5.38,254.8,2026-04-25T17:04:55+00:00,0.495,0.39,falling,1.32,2026-04-26 02:16,-0.07,2026-04-25 19:29,0.9,243,1.4,onshore
2026-04-25T18:33:41.028736+00:00,2026-04-25T17:00:00+00:00,0.357,0.427,HIGH,SW  (200–230°),1.1951,2026-04-25T18:00:00+00:00,1.44,204.7,0.46,5.38,252.5,2026-04-25T18:04:55+00:00,0.514,0.11,falling,1.32,2026-04-26 02:16,-0.07,2026-04-25 19:29,3.4,243,3.8,onshore
2026-04-25T19:37:17.059446+00:00,2026-04-25T18:00:00+00:00,0.328,0.392,HIGH,SW  (200–230°),1.1951,2026-04-25T19:00:00+00:00,1.28,207.5,0.44,5.12,254.5,2026-04-25T19:04:55+00:00,0.469,0.11,falling,1.32,2026-04-26 02:16,0.53,2026-04-26 07:58,2.5,252,3.0,onshore
2026-04-25T20:26:20.838646+00:00,2026-04-25T19:00:00+00:00,0.311,0.35,HIGH,S   (150–200°),1.126,2026-04-25T19:30:00+00:00,1.24,194.8,0.44,5.12,254.5,2026-04-25T19:04:55+00:00,0.455,0.11,rising,1.32,2026-04-26 02:16,0.53,2026-04-26 07:58,3.4,258,3.9,onshore
2026-04-25T21:26:11.331659+00:00,2026-04-25T20:00:00+00:00,0.322,0.367,LOW,WNW (260–290°),1.1382,2026-04-25T20:30:00+00:00,1.35,273.6,,,,,0.426,0.29,rising,1.32,2026-04-26 02:16,0.53,2026-04-26 07:58,3.4,291,4.4,onshore
2026-04-25T22:24:17.603672+00:00,2026-04-25T21:00:00+00:00,0.372,0.416,MEDIUM,NW  (290–330°),1.1175,2026-04-25T21:30:00+00:00,1.32,305.9,0.54,3.2,249.7,2026-04-25T22:05:31+00:00,0.428,0.51,rising,1.32,2026-04-26 02:16,0.53,2026-04-26 07:58,3.2,275,4.9,onshore
2026-04-25T23:27:23.233052+00:00,2026-04-25T22:00:00+00:00,0.414,0.441,MEDIUM,W   (230–260°),1.0669,2026-04-25T22:30:00+00:00,1.45,256.7,0.54,3.2,249.7,2026-04-25T22:05:31+00:00,0.523,0.96,rising,1.32,2026-04-26 02:16,0.53,2026-04-26 07:58,3.9,282,6.6,onshore
2026-04-26T01:25:12.959123+00:00,2026-04-26T00:00:00+00:00,0.449,0.479,MEDIUM,W   (230–260°),1.0669,2026-04-26T00:30:00+00:00,1.43,241.2,,,,,0.559,1.36,rising,1.32,2026-04-26 02:16,0.53,2026-04-26 07:58,2.9,282,5.0,onshore
2026-04-26T04:49:58.758817+00:00,2026-04-26T03:00:00+00:00,0.428,0.482,HIGH,S   (150–200°),1.126,2026-04-26T04:00:00+00:00,1.23,196.2,0.58,3.92,245.2,2026-04-26T03:46:01+00:00,0.538,1.11,falling,1.33,2026-04-26 13:35,0.53,2026-04-26 07:58,1.5,293,3.8,onshore
2026-04-26T06:53:20.877160+00:00,2026-04-26T05:00:00+00:00,0.401,0.428,MEDIUM,W   (230–260°),1.0669,2026-04-26T06:00:00+00:00,1.25,251.1,0.5,12.8,200.9,2026-04-26T06:44:01+00:00,0.491,0.71,falling,1.33,2026-04-26 13:35,0.53,2026-04-26 07:58,1.6,288,2.6,onshore
2026-04-26T08:10:15.381639+00:00,2026-04-26T06:00:00+00:00,0.373,0.425,LOW,WNW (260–290°),1.1382,2026-04-26T07:30:00+00:00,1.13,273.6,0.46,3.1,252.4,2026-04-26T07:44:01+00:00,0.433,0.64,falling,1.33,2026-04-26 13:35,-0.0,2026-04-26 20:13,1.8,267,3.2,onshore
2026-04-26T09:42:33.688691+00:00,2026-04-26T08:00:00+00:00,0.329,0.374,LOW,WNW (260–290°),1.1382,2026-04-26T09:00:00+00:00,1.08,260.9,0.44,3.3,254.4,2026-04-26T08:44:01+00:00,0.405,0.78,rising,1.33,2026-04-26 13:35,-0.0,2026-04-26 20:13,2.0,279,3.6,onshore
2026-04-26T10:35:29.993508+00:00,2026-04-26T09:00:00+00:00,0.324,0.388,HIGH,SW  (200–230°),1.1951,2026-04-26T10:00:00+00:00,1.12,220.1,0.41,3.0,257.0,2026-04-26T09:44:01+00:00,0.439,0.93,rising,1.33,2026-04-26 13:35,-0.0,2026-04-26 20:13,2.3,263,5.2,onshore
2026-04-26T11:31:19.050658+00:00,2026-04-26T10:00:00+00:00,0.315,0.336,MEDIUM,W   (230–260°),1.0669,2026-04-26T11:00:00+00:00,1.08,239.8,0.4,14.62,200.4,2026-04-26T10:44:01+00:00,0.413,1.13,rising,1.33,2026-04-26 13:35,-0.0,2026-04-26 20:13,2.1,270,6.3,onshore
2026-04-26T12:38:05.405523+00:00,2026-04-26T11:00:00+00:00,0.316,0.378,HIGH,SW  (200–230°),1.1951,2026-04-26T12:00:00+00:00,1.08,228.6,0.39,14.62,205.7,2026-04-26T11:44:01+00:00,0.422,1.34,rising,1.33,2026-04-26 13:35,-0.0,2026-04-26 20:13,2.7,268,8.2,onshore
2026-04-26T13:58:01.272657+00:00,2026-04-26T12:00:00+00:00,0.314,0.335,MEDIUM,W   (230–260°),1.0669,2026-04-26T13:00:00+00:00,1.1,258.1,0.38,12.8,184.8,2026-04-26T13:44:01+00:00,0.4,1.45,rising,1.44,2026-04-27 02:47,-0.0,2026-04-26 20:13,3.0,268,8.2,onshore
2026-04-26T14:39:30.418416+00:00,2026-04-26T13:00:00+00:00,0.295,0.336,LOW,WNW (260–290°),1.1382,2026-04-26T14:00:00+00:00,1.24,284.8,0.38,12.8,184.8,2026-04-26T13:44:01+00:00,0.38,1.4,falling,1.44,2026-04-27 02:47,-0.0,2026-04-26 20:13,2.3,280,7.9,onshore
2026-04-26T15:32:53.356776+00:00,2026-04-26T14:00:00+00:00,0.27,0.288,MEDIUM,W   (230–260°),1.0669,2026-04-26T14:30:00+00:00,1.12,259.5,0.38,12.8,184.8,2026-04-26T13:44:01+00:00,0.369,1.2,falling,1.44,2026-04-27 02:47,-0.0,2026-04-26 20:13,3.0,307,5.9,onshore
2026-04-26T16:29:37.809717+00:00,2026-04-26T15:00:00+00:00,0.26,0.293,HIGH,S   (150–200°),1.126,2026-04-26T15:30:00+00:00,1.12,187.8,0.33,14.62,202.9,2026-04-26T16:01:49+00:00,0.401,0.95,falling,1.44,2026-04-27 02:47,-0.0,2026-04-26 20:13,3.8,309,6.1,onshore
2026-04-26T17:30:07.455183+00:00,2026-04-26T16:00:00+00:00,0.279,0.317,LOW,WNW (260–290°),1.1382,2026-04-26T16:30:00+00:00,1.09,279.2,0.42,14.62,199.7,2026-04-26T17:01:49+00:00,0.352,0.62,falling,1.44,2026-04-27 02:47,-0.0,2026-04-26 20:13,4.4,276,5.7,onshore
2026-04-26T18:34:35.808485+00:00,2026-04-26T17:00:00+00:00,0.294,0.334,LOW,WNW (260–290°),1.1382,2026-04-26T18:00:00+00:00,1.14,277.8,0.42,14.62,199.7,2026-04-26T17:01:49+00:00,0.372,0.34,falling,1.44,2026-04-27 02:47,-0.0,2026-04-26 20:13,5.3,260,7.0,onshore
2026-04-26T19:38:11.344181+00:00,2026-04-26T18:00:00+00:00,0.301,0.359,HIGH,SW  (200–230°),1.1951,2026-04-26T19:00:00+00:00,1.14,220.1,0.41,14.62,187.6,2026-04-26T18:49:31+00:00,0.424,0.13,falling,1.44,2026-04-27 02:47,-0.0,2026-04-26 20:13,5.3,268,7.2,onshore
2026-04-26T20:26:33.000850+00:00,2026-04-26T19:00:00+00:00,0.295,0.315,MEDIUM,W   (230–260°),1.0669,2026-04-26T19:30:00+00:00,1.08,255.3,0.4,14.62,206.3,2026-04-26T19:49:31+00:00,0.447,0.07,falling,1.44,2026-04-27 02:47,0.33,2026-04-27 08:52,6.3,273,8.7,onshore
2026-04-26T21:27:29.744187+00:00,2026-04-26T20:00:00+00:00,0.318,0.361,LOW,WNW (260–290°),1.1382,2026-04-26T20:30:00+00:00,1.13,260.9,0.55,4.44,239.7,2026-04-26T20:49:31+00:00,0.467,0.16,rising,1.44,2026-04-27 02:47,0.33,2026-04-27 08:52,6.3,271,9.1,onshore
2026-04-26T22:25:52.462810+00:00,2026-04-26T21:00:00+00:00,0.357,0.381,MEDIUM,W   (230–260°),1.0669,2026-04-26T21:30:00+00:00,1.03,256.7,0.55,4.44,239.7,2026-04-26T20:49:31+00:00,0.476,0.41,rising,1.44,2026-04-27 02:47,0.33,2026-04-27 08:52,5.8,278,9.1,onshore
2026-04-26T23:28:51.748607+00:00,2026-04-26T22:00:00+00:00,0.409,0.465,LOW,WNW (260–290°),1.1382,2026-04-26T22:30:00+00:00,1.09,283.4,0.58,3.2,248.0,2026-04-26T22:47:01+00:00,0.505,0.72,rising,1.44,2026-04-27 02:47,0.33,2026-04-27 08:52,6.2,277,9.6,onshore
2026-04-27T01:26:21.740447+00:00,2026-04-27T00:00:00+00:00,0.5,0.533,MEDIUM,W   (230–260°),1.0669,2026-04-27T00:30:00+00:00,1.22,255.3,0.65,3.64,250.8,2026-04-27T00:47:01+00:00,0.601,1.32,rising,1.44,2026-04-27 02:47,0.33,2026-04-27 08:52,5.9,283,9.1,onshore
2026-04-27T04:58:10.201914+00:00,2026-04-27T03:00:00+00:00,0.525,0.598,LOW,WNW (260–290°),1.1382,2026-04-27T04:00:00+00:00,1.25,270.8,0.56,4.64,247.3,2026-04-27T04:18:19+00:00,0.617,1.21,falling,1.3,2026-04-27 14:36,0.33,2026-04-27 08:52,3.2,330,8.2,sideshore-N
2026-04-27T07:32:19.462307+00:00,2026-04-27T06:00:00+00:00,0.418,0.476,LOW,WNW (260–290°),1.1382,2026-04-27T07:00:00+00:00,1.23,262.3,0.45,4.64,251.7,2026-04-27T06:18:19+00:00,0.55,0.52,falling,1.3,2026-04-27 14:36,0.33,2026-04-27 08:52,1.9,270,4.2,onshore
2026-04-27T10:04:00.421824+00:00,2026-04-27T08:00:00+00:00,0.358,0.4,MEDIUM,NW  (290–330°),1.1175,2026-04-27T09:30:00+00:00,1.24,298.9,0.39,14.62,188.1,2026-04-27T09:50:19+00:00,0.486,0.49,rising,1.3,2026-04-27 14:36,0.1,2026-04-27 20:49,2.4,255,3.7,onshore
2026-04-27T12:14:46.752991+00:00,2026-04-27T10:00:00+00:00,0.341,0.381,MEDIUM,NW  (290–330°),1.1175,2026-04-27T11:30:00+00:00,1.54,293.2,0.34,12.8,188.7,2026-04-27T11:50:19+00:00,0.536,0.98,rising,1.3,2026-04-27 14:36,0.1,2026-04-27 20:49,3.3,339,8.0,sideshore-N
2026-04-27T14:55:25.472398+00:00,2026-04-27T13:00:00+00:00,0.299,0.334,MEDIUM,NW  (290–330°),1.1175,2026-04-27T14:00:00+00:00,1.2,310.1,0.36,14.62,181.6,2026-04-27T14:50:19+00:00,0.429,1.37,rising,1.54,2026-04-28 03:14,0.1,2026-04-27 20:49,2.2,257,4.0,onshore
2026-04-27T16:17:48.057577+00:00,2026-04-27T14:00:00+00:00,0.304,0.347,LOW,WNW (260–290°),1.1382,2026-04-27T15:30:00+00:00,1.33,286.2,0.42,14.62,198.1,2026-04-27T16:02:55+00:00,0.479,1.21,falling,1.54,2026-04-28 03:14,0.1,2026-04-27 20:49,1.1,338,3.1,sideshore-N
2026-04-27T17:58:49.262098+00:00,2026-04-27T16:00:00+00:00,0.311,0.347,MEDIUM,NW  (290–330°),1.1175,2026-04-27T17:00:00+00:00,1.34,298.9,0.42,14.62,205.5,2026-04-27T17:02:55+00:00,0.472,0.77,falling,1.54,2026-04-28 03:14,0.1,2026-04-27 20:49,4.4,269,5.5,onshore
2026-04-27T19:15:50.538784+00:00,2026-04-27T17:00:00+00:00,0.347,0.388,MEDIUM,NW  (290–330°),1.1175,2026-04-27T18:30:00+00:00,1.25,296.1,0.51,14.62,178.2,2026-04-27T19:02:55+00:00,0.481,0.4,falling,1.54,2026-04-28 03:14,0.1,2026-04-27 20:49,7.4,262,10.7,onshore
2026-04-27T20:49:40.069972+00:00,2026-04-27T19:00:00+00:00,0.364,0.406,MEDIUM,NW  (290–330°),1.1175,2026-04-27T20:00:00+00:00,1.27,300.3,0.74,14.62,200.1,2026-04-27T20:02:55+00:00,0.491,0.19,falling,1.54,2026-04-28 03:14,0.1,2026-04-27 20:49,6.6,265,9.8,onshore
2026-04-27T21:44:21.510095+00:00,2026-04-27T20:00:00+00:00,0.405,0.452,MEDIUM,NW  (290–330°),1.1175,2026-04-27T21:00:00+00:00,1.11,293.2,0.84,25.6,247.4,2026-04-27T21:02:55+00:00,0.495,0.23,rising,1.54,2026-04-28 03:14,0.16,2026-04-28 09:37,6.9,268,11.2,onshore
2026-04-27T22:38:33.248016+00:00,2026-04-27T21:00:00+00:00,0.478,0.534,MEDIUM,NW  (290–330°),1.1175,2026-04-27T22:00:00+00:00,1.39,293.2,0.73,4.44,240.1,2026-04-27T22:02:55+00:00,0.595,0.41,rising,1.54,2026-04-28 03:14,0.16,2026-04-28 09:37,8.1,271,12.9,onshore
2026-04-27T23:41:40.335484+00:00,2026-04-27T22:00:00+00:00,0.546,0.621,LOW,WNW (260–290°),1.1382,2026-04-27T23:00:00+00:00,1.34,277.8,0.63,4.44,245.5,2026-04-27T23:02:55+00:00,0.643,0.7,rising,1.54,2026-04-28 03:14,0.16,2026-04-28 09:37,7.4,268,11.5,onshore
2026-04-28T01:45:40.872737+00:00,2026-04-28T00:00:00+00:00,0.699,0.781,MEDIUM,NW  (290–330°),1.1175,2026-04-28T01:00:00+00:00,1.53,294.7,1.24,25.6,251.2,2026-04-28T01:02:55+00:00,0.757,1.37,rising,1.54,2026-04-28 03:14,0.16,2026-04-28 09:37,5.0,285,8.0,onshore
2026-04-28T05:20:27.799283+00:00,2026-04-28T04:00:00+00:00,0.7,0.782,MEDIUM,NW  (290–330°),1.1175,2026-04-28T04:30:00+00:00,1.84,300.3,0.47,4.44,242.3,2026-04-28T05:02:55+00:00,0.812,1.27,falling,1.25,2026-04-28 15:30,0.16,2026-04-28 09:37,0.8,310,8.4,onshore
2026-04-28T08:02:39.826992+00:00,2026-04-28T06:00:00+00:00,0.701,0.798,LOW,WNW (260–290°),1.1382,2026-04-28T07:30:00+00:00,1.75,275.0,0.4,12.8,209.2,2026-04-28T08:02:55+00:00,0.818,0.44,falling,1.25,2026-04-28 15:30,0.16,2026-04-28 09:37,1.6,252,1.6,onshore
2026-04-28T10:52:37.554399+00:00,2026-04-28T09:00:00+00:00,0.595,0.677,LOW,WNW (260–290°),1.1382,2026-04-28T10:00:00+00:00,1.62,279.2,0.37,12.8,200.6,2026-04-28T10:02:55+00:00,0.721,0.3,rising,1.25,2026-04-28 15:30,0.21,2026-04-28 21:20,2.0,75,3.8,offshore
2026-04-28T12:19:24.998444+00:00,2026-04-28T11:00:00+00:00,0.507,0.567,MEDIUM,NW  (290–330°),1.1175,2026-04-28T11:30:00+00:00,1.59,312.9,0.34,12.8,197.8,2026-04-28T11:02:55+00:00,0.627,0.67,rising,1.25,2026-04-28 15:30,0.21,2026-04-28 21:20,1.6,60,2.2,offshore
2026-04-28T17:28:00.548680+00:00,2026-04-28T16:00:00+00:00,0.406,0.454,MEDIUM,NW  (290–330°),1.1175,2026-04-28T16:30:00+00:00,1.55,303.1,0.39,11.36,208.4,2026-04-28T17:10:19+00:00,0.566,1.11,falling,1.62,2026-04-29 03:40,0.21,2026-04-28 21:20,2.5,194,2.5,sideshore-S
2026-04-28T19:16:12.205187+00:00,2026-04-28T17:00:00+00:00,0.365,0.408,MEDIUM,NW  (290–330°),1.1175,2026-04-28T18:30:00+00:00,1.49,296.1,0.31,14.62,202.7,2026-04-28T19:10:19+00:00,0.536,0.59,falling,1.62,2026-04-29 03:40,0.21,2026-04-28 21:20,3.3,239,3.6,onshore
2026-04-28T20:57:23.536381+00:00,2026-04-28T19:00:00+00:00,0.366,0.417,LOW,WNW (260–290°),1.1382,2026-04-28T20:00:00+00:00,1.77,289.0,0.34,12.8,183.3,2026-04-28T20:10:19+00:00,0.593,0.31,falling,1.62,2026-04-29 03:40,0.21,2026-04-28 21:20,3.7,248,4.3,onshore
2026-04-28T21:51:54.164026+00:00,2026-04-28T20:00:00+00:00,0.362,0.412,LOW,WNW (260–290°),1.1382,2026-04-28T21:00:00+00:00,1.58,289.0,0.3,14.62,180.6,2026-04-28T21:10:19+00:00,0.553,0.27,falling,1.62,2026-04-29 03:40,0.03,2026-04-29 10:17,3.7,250,4.4,onshore
2026-04-28T22:44:55.097921+00:00,2026-04-28T21:00:00+00:00,0.333,0.373,MEDIUM,NW  (290–330°),1.1175,2026-04-28T22:00:00+00:00,1.63,296.1,0.29,12.8,192.0,2026-04-28T22:10:19+00:00,0.537,0.43,rising,1.62,2026-04-29 03:40,0.03,2026-04-29 10:17,2.8,243,3.5,onshore
2026-04-28T23:43:29.383245+00:00,2026-04-28T22:00:00+00:00,0.323,0.361,MEDIUM,NW  (290–330°),1.1175,2026-04-28T23:00:00+00:00,1.89,303.1,0.26,12.8,181.4,2026-04-28T23:10:19+00:00,0.57,0.7,rising,1.62,2026-04-29 03:40,0.03,2026-04-29 10:17,2.6,239,3.5,onshore
2026-04-29T01:48:35.061752+00:00,2026-04-29T00:00:00+00:00,0.412,0.469,LOW,WNW (260–290°),1.1382,2026-04-29T01:00:00+00:00,1.94,279.2,0.34,3.92,242.2,2026-04-29T01:10:19+00:00,0.651,1.33,rising,1.62,2026-04-29 03:40,0.03,2026-04-29 10:17,1.0,217,2.2,sideshore-S
2026-04-29T05:17:19.995768+00:00,2026-04-29T03:00:00+00:00,0.626,0.699,MEDIUM,NW  (290–330°),1.1175,2026-04-29T04:30:00+00:00,2.12,318.6,0.41,14.62,202.5,2026-04-29T04:10:19+00:00,0.787,1.57,falling,1.2,2026-04-29 16:17,0.03,2026-04-29 10:17,1.7,173,1.8,sideshore-S
2026-04-29T07:56:47.622301+00:00,2026-04-29T06:00:00+00:00,0.611,0.683,MEDIUM,NW  (290–330°),1.1175,2026-04-29T07:00:00+00:00,1.89,315.8,0.5,4.26,219.9,2026-04-29T07:12:25+00:00,0.737,0.55,falling,1.2,2026-04-29 16:17,0.03,2026-04-29 10:17,1.9,96,5.2,offshore
2026-04-29T09:58:44.673552+00:00,2026-04-29T08:00:00+00:00,0.558,0.624,MEDIUM,NW  (290–330°),1.1175,2026-04-29T09:00:00+00:00,1.79,318.6,0.62,4.86,240.7,2026-04-29T09:12:25+00:00,0.681,0.16,falling,1.2,2026-04-29 16:17,0.03,2026-04-29 10:17,1.6,79,4.7,offshore
2026-04-29T11:26:41.163208+00:00,2026-04-29T10:00:00+00:00,0.535,0.598,MEDIUM,NW  (290–330°),1.1175,2026-04-29T10:30:00+00:00,1.77,315.8,0.52,3.78,239.8,2026-04-29T11:12:25+00:00,0.665,0.22,rising,1.2,2026-04-29 16:17,0.33,2026-04-29 21:46,1.9,35,3.0,sideshore-N
2026-04-29T13:18:28.938861+00:00,2026-04-29T11:00:00+00:00,0.507,0.566,MEDIUM,NW  (290–330°),1.1175,2026-04-29T12:30:00+00:00,1.7,314.3,0.43,3.78,236.4,2026-04-29T13:12:25+00:00,0.635,0.67,rising,1.2,2026-04-29 16:17,0.33,2026-04-29 21:46,1.2,70,1.4,offshore
2026-04-29T15:50:59.340637+00:00,2026-04-29T14:00:00+00:00,0.489,0.557,LOW,WNW (260–290°),1.1382,2026-04-29T15:00:00+00:00,1.76,280.6,0.46,4.86,240.7,2026-04-29T15:12:25+00:00,0.664,1.25,rising,1.2,2026-04-29 16:17,0.33,2026-04-29 21:46,0.5,117,1.9,offshore
2026-04-29T17:14:54.114448+00:00,2026-04-29T15:00:00+00:00,0.503,0.562,MEDIUM,NW  (290–330°),1.1175,2026-04-29T16:30:00+00:00,1.86,307.3,0.49,4.64,239.5,2026-04-29T17:12:25+00:00,0.666,1.23,falling,1.68,2026-04-30 04:05,0.33,2026-04-29 21:46,2.2,156,2.8,sideshore-S
2026-04-29T19:05:47.738682+00:00,2026-04-29T17:00:00+00:00,0.443,0.504,LOW,WNW (260–290°),1.1382,2026-04-29T18:30:00+00:00,2.04,277.8,0.45,4.86,251.8,2026-04-29T18:12:25+00:00,0.684,0.91,falling,1.68,2026-04-30 04:05,0.33,2026-04-29 21:46,2.8,232,2.9,onshore
2026-04-29T20:49:33.769047+00:00,2026-04-29T19:00:00+00:00,0.446,0.498,MEDIUM,NW  (290–330°),1.1175,2026-04-29T20:00:00+00:00,1.94,320.0,0.41,5.12,241.0,2026-04-29T20:12:25+00:00,0.631,0.49,falling,1.68,2026-04-30 04:05,0.33,2026-04-29 21:46,3.8,248,4.3,onshore
2026-04-29T21:50:32.001421+00:00,2026-04-29T20:00:00+00:00,0.413,0.462,MEDIUM,NW  (290–330°),1.1175,2026-04-29T21:00:00+00:00,1.9,315.8,0.4,3.92,247.6,2026-04-29T21:12:25+00:00,0.605,0.43,falling,1.68,2026-04-30 04:05,-0.07,2026-04-30 10:54,3.4,253,4.0,onshore
2026-04-29T22:44:04.570864+00:00,2026-04-29T21:00:00+00:00,0.406,0.453,MEDIUM,NW  (290–330°),1.1175,2026-04-29T22:00:00+00:00,2.08,317.2,0.38,4.44,248.6,2026-04-29T22:12:25+00:00,0.63,0.51,rising,1.68,2026-04-30 04:05,-0.07,2026-04-30 10:54,4.7,258,6.0,onshore
2026-04-29T23:42:44.854975+00:00,2026-04-29T22:00:00+00:00,0.382,0.427,MEDIUM,NW  (290–330°),1.1175,2026-04-29T23:00:00+00:00,2.09,311.5,0.37,14.62,193.0,2026-04-29T23:12:25+00:00,0.619,0.61,rising,1.68,2026-04-30 04:05,-0.07,2026-04-30 10:54,3.1,243,4.8,onshore
2026-04-30T01:47:57.407101+00:00,2026-04-30T00:00:00+00:00,0.391,0.437,MEDIUM,NW  (290–330°),1.1175,2026-04-30T01:00:00+00:00,2.05,297.5,0.41,14.62,194.0,2026-04-30T01:12:25+00:00,0.63,1.27,rising,1.68,2026-04-30 04:05,-0.07,2026-04-30 10:54,0.9,180,2.0,sideshore-S
2026-04-30T05:20:23.584997+00:00,2026-04-30T04:00:00+00:00,0.76,0.849,MEDIUM,NW  (290–330°),1.1175,2026-04-30T04:30:00+00:00,2.15,304.5,0.68,4.26,237.1,2026-04-30T05:12:25+00:00,0.882,1.63,falling,1.15,2026-04-30 17:01,-0.07,2026-04-30 10:54,2.1,169,2.2,sideshore-S
2026-04-30T08:00:08.265519+00:00,2026-04-30T06:00:00+00:00,0.754,0.842,MEDIUM,NW  (290–330°),1.1175,2026-04-30T07:00:00+00:00,2.27,305.9,0.7,4.44,229.3,2026-04-30T07:12:25+00:00,0.896,0.77,falling,1.15,2026-04-30 17:01,-0.07,2026-04-30 10:54,,,,
2026-04-30T10:07:15.262378+00:00,2026-04-30T08:00:00+00:00,0.676,0.755,MEDIUM,NW  (290–330°),1.1175,2026-04-30T09:30:00+00:00,2.08,312.9,0.68,4.26,240.1,2026-04-30T09:34:19+00:00,0.804,0.12,falling,1.15,2026-04-30 17:01,-0.07,2026-04-30 10:54,2.1,67,5.1,offshore
2026-04-30T12:07:04.114693+00:00,2026-04-30T10:00:00+00:00,0.602,0.673,MEDIUM,NW  (290–330°),1.1175,2026-04-30T11:30:00+00:00,2.17,296.1,0.64,4.64,250.6,2026-04-30T11:34:19+00:00,0.787,0.12,rising,1.15,2026-04-30 17:01,0.45,2026-04-30 22:10,2.1,62,3.5,offshore
2026-04-30T14:56:51.808835+00:00,2026-04-30T13:00:00+00:00,0.609,0.68,MEDIUM,NW  (290–330°),1.1175,2026-04-30T14:00:00+00:00,2.1,301.7,0.59,4.26,253.0,2026-04-30T14:34:19+00:00,0.773,0.93,rising,1.15,2026-04-30 17:01,0.45,2026-04-30 22:10,0.4,166,0.8,sideshore-S
2026-04-30T16:14:04.659366+00:00,2026-04-30T14:00:00+00:00,0.603,0.673,MEDIUM,NW  (290–330°),1.1175,2026-04-30T15:30:00+00:00,2.16,305.9,0.64,5.68,245.5,2026-04-30T15:34:19+00:00,0.775,1.18,rising,1.15,2026-04-30 17:01,0.45,2026-04-30 22:10,1.0,151,1.3,sideshore-S
2026-04-30T18:02:23.423878+00:00,2026-04-30T16:00:00+00:00,0.535,0.598,MEDIUM,NW  (290–330°),1.1175,2026-04-30T17:30:00+00:00,2.54,321.4,0.71,4.44,236.4,2026-04-30T17:34:19+00:00,0.78,1.24,falling,1.71,2026-05-01 04:29,0.45,2026-04-30 22:10,2.9,198,3.0,sideshore-S
2026-04-30T20:03:33.703296+00:00,2026-04-30T18:00:00+00:00,0.533,0.596,MEDIUM,NW  (290–330°),1.1175,2026-04-30T19:30:00+00:00,2.67,300.3,0.67,4.26,247.2,2026-04-30T19:34:19+00:00,0.822,0.83,falling,1.71,2026-05-01 04:29,0.45,2026-04-30 22:10,2.5,201,2.6,sideshore-S
2026-04-30T21:45:14.741373+00:00,2026-04-30T20:00:00+00:00,0.506,0.565,MEDIUM,NW  (290–330°),1.1175,2026-04-30T21:00:00+00:00,2.8,312.9,0.62,6.4,251.3,2026-04-30T21:34:19+00:00,0.812,0.58,falling,1.71,2026-05-01 04:29,0.45,2026-04-30 22:10,2.9,224,3.0,sideshore-S
2026-04-30T22:40:09.993951+00:00,2026-04-30T21:00:00+00:00,0.515,0.575,MEDIUM,NW  (290–330°),1.1175,2026-04-30T22:00:00+00:00,2.67,308.7,0.67,5.12,243.2,2026-04-30T22:34:19+00:00,0.797,0.58,falling,1.71,2026-05-01 04:29,-0.12,2026-05-01 11:29,2.0,198,2.0,sideshore-S
2026-04-30T23:41:04.471295+00:00,2026-04-30T22:00:00+00:00,0.523,0.585,MEDIUM,NW  (290–330°),1.1175,2026-04-30T23:00:00+00:00,2.58,305.9,0.8,4.86,247.2,2026-04-30T23:34:19+00:00,0.789,0.72,rising,1.71,2026-05-01 04:29,-0.12,2026-05-01 11:29,2.7,172,2.8,sideshore-S
2026-05-01T01:50:23.634296+00:00,2026-05-01T00:00:00+00:00,0.699,0.781,MEDIUM,NW  (290–330°),1.1175,2026-05-01T01:00:00+00:00,2.51,303.1,0.87,5.38,244.9,2026-05-01T01:34:19+00:00,0.897,1.29,rising,1.71,2026-05-01 04:29,-0.12,2026-05-01 11:29,2.5,178,2.6,sideshore-S
2026-05-01T05:32:27.683654+00:00,2026-05-01T04:00:00+00:00,0.931,1.04,MEDIUM,NW  (290–330°),1.1175,2026-05-01T05:00:00+00:00,2.39,307.3,1.09,5.12,243.0,2026-05-01T04:34:19+00:00,1.026,1.73,falling,1.09,2026-05-01 17:43,-0.12,2026-05-01 11:29,4.4,129,5.9,offshore
2026-05-01T07:58:06.012705+00:00,2026-05-01T06:00:00+00:00,0.899,1.005,MEDIUM,NW  (290–330°),1.1175,2026-05-01T07:00:00+00:00,2.69,317.2,0.87,4.64,278.6,2026-05-01T07:34:19+00:00,1.046,0.96,falling,1.09,2026-05-01 17:43,-0.12,2026-05-01 11:29,3.4,90,6.4,offshore
2026-05-01T09:29:40.088573+00:00,2026-05-01T08:00:00+00:00,0.78,0.872,MEDIUM,NW  (290–330°),1.1175,2026-05-01T08:30:00+00:00,2.63,314.3,0.86,6.82,240.0,2026-05-01T08:34:19+00:00,0.957,0.39,falling,1.09,2026-05-01 17:43,-0.12,2026-05-01 11:29,3.3,70,5.6,offshore
2026-05-01T11:00:13.247016+00:00,2026-05-01T09:00:00+00:00,0.791,0.884,MEDIUM,NW  (290–330°),1.1175,2026-05-01T10:00:00+00:00,2.58,290.4,0.78,7.3,237.1,2026-05-01T10:34:19+00:00,0.981,0.01,falling,1.09,2026-05-01 17:43,-0.12,2026-05-01 11:29,2.3,23,2.5,sideshore-N
2026-05-01T12:00:09.569201+00:00,2026-05-01T10:00:00+00:00,0.74,0.827,MEDIUM,NW  (290–330°),1.1175,2026-05-01T11:00:00+00:00,2.43,321.4,0.73,6.02,252.3,2026-05-01T11:34:19+00:00,0.888,-0.02,rising,,,,,,,,
2026-05-01T13:20:13.267777+00:00,2026-05-01T12:00:00+00:00,0.654,0.73,MEDIUM,NW  (290–330°),1.1175,2026-05-01T12:30:00+00:00,2.32,315.8,0.68,5.12,257.4,2026-05-01T12:34:19+00:00,0.817,0.21,rising,1.09,2026-05-01 17:43,0.56,2026-05-01 22:32,1.7,65,2.4,offshore
2026-05-01T14:45:27.567949+00:00,2026-05-01T13:00:00+00:00,0.585,0.654,MEDIUM,NW  (290–330°),1.1175,2026-05-01T14:00:00+00:00,2.12,320.0,0.72,6.4,254.0,2026-05-01T14:34:19+00:00,0.733,0.6,rising,1.09,2026-05-01 17:43,0.56,2026-05-01 22:32,0.9,122,1.6,offshore
2026-05-01T15:44:38.692406+00:00,2026-05-01T14:00:00+00:00,0.513,0.574,MEDIUM,NW  (290–330°),1.1175,2026-05-01T15:00:00+00:00,1.99,298.9,0.7,5.68,254.7,2026-05-01T15:34:19+00:00,0.689,0.87,rising,1.09,2026-05-01 17:43,0.56,2026-05-01 22:32,0.6,81,1.3,offshore
2026-05-01T16:42:46.136024+00:00,2026-05-01T15:00:00+00:00,0.477,0.543,LOW,WNW (260–290°),1.1382,2026-05-01T16:00:00+00:00,2.14,286.2,0.7,4.86,259.1,2026-05-01T16:34:19+00:00,0.703,1.07,rising,1.09,2026-05-01 17:43,0.56,2026-05-01 22:32,1.3,180,1.4,sideshore-S
2026-05-01T17:46:35.097351+00:00,2026-05-01T16:00:00+00:00,0.476,0.532,MEDIUM,NW  (290–330°),1.1175,2026-05-01T17:00:00+00:00,2.05,304.5,0.66,5.68,247.3,2026-05-01T17:34:19+00:00,0.668,1.12,falling,1.71,2026-05-02 04:52,0.56,2026-05-01 22:32,0.6,162,0.9,sideshore-S
2026-05-01T18:54:22.077411+00:00,2026-05-01T17:00:00+00:00,0.471,0.526,MEDIUM,NW  (290–330°),1.1175,2026-05-01T18:00:00+00:00,1.81,321.4,0.55,6.82,241.3,2026-05-01T18:34:19+00:00,0.605,1.13,falling,1.71,2026-05-02 04:52,0.56,2026-05-01 22:32,0.2,207,0.5,sideshore-S
2026-05-01T19:59:33.412822+00:00,2026-05-01T18:00:00+00:00,0.452,0.505,MEDIUM,NW  (290–330°),1.1175,2026-05-01T19:00:00+00:00,1.95,314.3,0.54,12.8,212.7,2026-05-01T19:34:19+00:00,0.624,0.91,falling,1.71,2026-05-02 04:52,0.56,2026-05-01 22:32,2.4,232,2.5,onshore
2026-05-01T20:52:21.095924+00:00,2026-05-01T19:00:00+00:00,0.45,0.502,MEDIUM,NW  (290–330°),1.1175,2026-05-01T20:00:00+00:00,2.17,314.3,0.49,6.02,251.3,2026-05-01T20:34:19+00:00,0.658,0.82,falling,1.71,2026-05-02 04:52,0.56,2026-05-01 22:32,1.9,249,2.0,onshore
2026-05-01T21:41:53.498785+00:00,2026-05-01T20:00:00+00:00,0.44,0.492,MEDIUM,NW  (290–330°),1.1175,2026-05-01T21:00:00+00:00,2.09,320.0,0.51,7.86,236.4,2026-05-01T21:34:19+00:00,0.631,0.71,falling,1.71,2026-05-02 04:52,0.56,2026-05-01 22:32,2.8,247,3.2,onshore
2026-05-01T22:39:27.894667+00:00,2026-05-01T21:00:00+00:00,0.426,0.476,MEDIUM,NW  (290–330°),1.1175,2026-05-01T22:00:00+00:00,2.11,318.6,0.52,6.02,252.6,2026-05-01T22:34:19+00:00,0.626,0.64,falling,1.71,2026-05-02 04:52,-0.14,2026-05-02 12:04,3.6,251,4.1,onshore
2026-05-01T23:40:54.999586+00:00,2026-05-01T22:00:00+00:00,0.411,0.459,MEDIUM,NW  (290–330°),1.1175,2026-05-01T23:00:00+00:00,2.33,320.0,0.55,12.8,218.6,2026-05-01T23:34:19+00:00,0.649,0.68,rising,1.71,2026-05-02 04:52,-0.14,2026-05-02 12:04,3.1,249,3.6,onshore
2026-05-02T01:28:00.987395+00:00,2026-05-02T00:00:00+00:00,0.401,0.448,MEDIUM,NW  (290–330°),1.1175,2026-05-02T00:30:00+00:00,2.08,307.3,0.66,6.02,256.5,2026-05-02T00:34:19+00:00,0.616,1.04,rising,1.71,2026-05-02 04:52,-0.14,2026-05-02 12:04,3.0,256,3.8,onshore
2026-05-02T04:50:26.666816+00:00,2026-05-02T03:00:00+00:00,0.589,0.658,MEDIUM,NW  (290–330°),1.1175,2026-05-02T04:00:00+00:00,1.84,305.9,,,,,0.704,1.78,rising,1.71,2026-05-02 04:52,-0.14,2026-05-02 12:04,2.6,152,3.0,sideshore-S
2026-05-02T06:55:15.167452+00:00,2026-05-02T05:00:00+00:00,0.698,0.78,MEDIUM,NW  (290–330°),1.1175,2026-05-02T06:00:00+00:00,1.65,294.7,0.76,4.86,266.2,2026-05-02T05:31:55+00:00,0.758,1.48,falling,1.04,2026-05-02 18:28,-0.14,2026-05-02 12:04,3.6,124,5.6,offshore
2026-05-02T08:16:53.517716+00:00,2026-05-02T06:00:00+00:00,0.679,0.759,MEDIUM,NW  (290–330°),1.1175,2026-05-02T07:30:00+00:00,1.72,304.5,0.7,5.12,243.6,2026-05-02T07:29:01+00:00,0.746,0.99,falling,1.04,2026-05-02 18:28,-0.14,2026-05-02 12:04,3.6,98,6.0,offshore
2026-05-02T09:52:12.808089+00:00,2026-05-02T08:00:00+00:00,0.692,0.773,MEDIUM,NW  (290–330°),1.1175,2026-05-02T09:00:00+00:00,1.97,290.4,0.6,12.8,219.7,2026-05-02T09:29:01+00:00,0.811,0.34,falling,1.04,2026-05-02 18:28,-0.14,2026-05-02 12:04,2.5,61,4.0,offshore
2026-05-02T10:40:27.167389+00:00,2026-05-02T09:00:00+00:00,0.646,0.722,MEDIUM,NW  (290–330°),1.1175,2026-05-02T10:00:00+00:00,1.85,312.9,0.62,5.38,250.5,2026-05-02T10:29:01+00:00,0.734,0.14,falling,1.04,2026-05-02 18:28,-0.14,2026-05-02 12:04,1.2,104,2.7,offshore
2026-05-02T11:36:25.375807+00:00,2026-05-02T10:00:00+00:00,0.59,0.66,MEDIUM,NW  (290–330°),1.1175,2026-05-02T11:00:00+00:00,1.87,308.7,0.61,12.8,221.9,2026-05-02T11:29:01+00:00,0.705,-0.04,falling,1.04,2026-05-02 18:28,-0.14,2026-05-02 12:04,1.5,74,3.0,offshore
2026-05-02T12:41:34.715126+00:00,2026-05-02T11:00:00+00:00,0.518,0.579,MEDIUM,NW  (290–330°),1.1175,2026-05-02T12:00:00+00:00,1.85,308.7,0.56,12.8,215.7,2026-05-02T12:29:01+00:00,0.654,-0.09,falling,1.04,2026-05-02 18:28,0.65,2026-05-02 22:55,1.5,86,3.4,offshore
2026-05-02T14:03:45.910772+00:00,2026-05-02T12:00:00+00:00,0.476,0.532,MEDIUM,NW  (290–330°),1.1175,2026-05-02T13:30:00+00:00,1.63,300.3,0.54,4.64,250.8,2026-05-02T13:29:01+00:00,0.6,0.15,rising,1.04,2026-05-02 18:28,0.65,2026-05-02 22:55,2.0,84,3.5,offshore
2026-05-02T15:36:47.183024+00:00,2026-05-02T14:00:00+00:00,0.38,0.432,LOW,WNW (260–290°),1.1382,2026-05-02T15:00:00+00:00,1.63,287.6,0.47,5.12,256.5,2026-05-02T15:29:01+00:00,0.55,0.56,rising,1.04,2026-05-02 18:28,0.65,2026-05-02 22:55,1.0,135,2.8,offshore
2026-05-02T16:34:49.679229+00:00,2026-05-02T15:00:00+00:00,0.338,0.378,MEDIUM,NW  (290–330°),1.1175,2026-05-02T16:00:00+00:00,1.46,305.9,0.53,5.12,245.3,2026-05-02T16:29:01+00:00,0.474,0.86,rising,1.04,2026-05-02 18:28,0.65,2026-05-02 22:55,0.0,270,0.9,onshore
2026-05-02T17:35:35.325037+00:00,2026-05-02T16:00:00+00:00,0.321,0.359,MEDIUM,NW  (290–330°),1.1175,2026-05-02T17:00:00+00:00,1.63,307.3,0.53,5.12,253.6,2026-05-02T17:29:01+00:00,0.489,1.0,rising,1.04,2026-05-02 18:28,0.65,2026-05-02 22:55,1.5,143,2.8,sideshore-S
2026-05-02T18:40:40.871558+00:00,2026-05-02T17:00:00+00:00,0.343,0.383,MEDIUM,NW  (290–330°),1.1175,2026-05-02T18:00:00+00:00,1.56,301.7,0.51,6.4,243.1,2026-05-02T18:29:01+00:00,0.499,1.11,rising,1.69,2026-05-03 05:17,0.65,2026-05-02 22:55,2.6,176,2.9,sideshore-S
2026-05-02T19:45:20.333668+00:00,2026-05-02T18:00:00+00:00,0.363,0.405,MEDIUM,NW  (290–330°),1.1175,2026-05-02T19:00:00+00:00,1.5,303.1,0.53,4.64,265.6,2026-05-02T19:29:01+00:00,0.5,1.03,falling,1.69,2026-05-03 05:17,0.65,2026-05-02 22:55,2.1,203,2.2,sideshore-S
2026-05-02T20:29:49.106524+00:00,2026-05-02T19:00:00+00:00,0.333,0.372,MEDIUM,NW  (290–330°),1.1175,2026-05-02T19:30:00+00:00,1.57,304.5,0.55,5.12,272.7,2026-05-02T20:29:01+00:00,0.49,1.0,falling,1.69,2026-05-03 05:17,0.65,2026-05-02 22:55,1.7,220,2.0,sideshore-S
2026-05-02T21:29:41.457354+00:00,2026-05-02T20:00:00+00:00,0.285,0.318,MEDIUM,NW  (290–330°),1.1175,2026-05-02T20:30:00+00:00,1.62,300.3,0.54,5.12,279.2,2026-05-02T21:29:01+00:00,0.472,0.81,falling,1.69,2026-05-03 05:17,0.65,2026-05-02 22:55,0.9,238,1.0,onshore
2026-05-02T22:28:38.724996+00:00,2026-05-02T21:00:00+00:00,0.276,0.308,MEDIUM,NW  (290–330°),1.1175,2026-05-02T21:30:00+00:00,1.8,304.5,0.54,5.12,279.2,2026-05-02T21:29:01+00:00,0.491,0.76,falling,1.69,2026-05-03 05:17,0.65,2026-05-02 22:55,2.8,244,3.0,onshore
2026-05-02T23:32:36.708607+00:00,2026-05-02T22:00:00+00:00,0.277,0.309,MEDIUM,NW  (290–330°),1.1175,2026-05-02T23:00:00+00:00,1.7,296.1,0.44,12.8,214.8,2026-05-02T23:29:01+00:00,0.486,0.74,rising,1.69,2026-05-03 05:17,-0.12,2026-05-03 12:41,2.6,259,3.0,onshore
2026-05-03T01:43:27.721780+00:00,2026-05-03T00:00:00+00:00,0.272,0.304,MEDIUM,NW  (290–330°),1.1175,2026-05-03T01:00:00+00:00,1.52,311.5,0.47,12.8,217.4,2026-05-03T01:29:01+00:00,0.435,1.09,rising,1.69,2026-05-03 05:17,-0.12,2026-05-03 12:41,2.9,268,3.6,onshore
2026-05-03T05:20:23.515089+00:00,2026-05-03T04:00:00+00:00,0.405,0.452,MEDIUM,NW  (290–330°),1.1175,2026-05-03T04:30:00+00:00,1.62,297.5,0.45,12.8,216.4,2026-05-03T03:29:01+00:00,0.555,1.77,rising,0.98,2026-05-03 19:16,-0.12,2026-05-03 12:41,1.6,105,1.9,offshore
2026-05-03T07:44:31.023375+00:00,2026-05-03T06:00:00+00:00,0.486,0.543,MEDIUM,NW  (290–330°),1.1175,2026-05-03T07:00:00+00:00,1.56,296.1,0.68,4.08,256.8,2026-05-03T07:37:31+00:00,0.599,1.34,falling,0.98,2026-05-03 19:16,-0.12,2026-05-03 12:41,2.4,85,4.0,offshore
2026-05-03T09:11:24.243430+00:00,2026-05-03T07:00:00+00:00,0.496,0.554,MEDIUM,NW  (290–330°),1.1175,2026-05-03T08:30:00+00:00,1.79,305.9,0.66,4.26,243.7,2026-05-03T08:37:31+00:00,0.633,0.84,falling,0.98,2026-05-03 19:16,-0.12,2026-05-03 12:41,1.6,105,2.8,offshore
2026-05-03T10:43:15.312761+00:00,2026-05-03T09:00:00+00:00,0.522,0.584,MEDIUM,NW  (290–330°),1.1175,2026-05-03T10:00:00+00:00,1.57,307.3,0.55,12.8,214.6,2026-05-03T10:37:31+00:00,0.612,0.24,falling,0.98,2026-05-03 19:16,-0.12,2026-05-03 12:41,2.1,93,4.7,offshore
2026-05-03T11:34:23.140068+00:00,2026-05-03T10:00:00+00:00,0.461,0.516,MEDIUM,NW  (290–330°),1.1175,2026-05-03T11:00:00+00:00,1.59,304.5,0.55,12.8,214.6,2026-05-03T10:37:31+00:00,0.579,0.03,falling,0.98,2026-05-03 19:16,-0.12,2026-05-03 12:41,1.9,74,3.9,offshore
2026-05-03T12:41:14.700528+00:00,2026-05-03T11:00:00+00:00,0.392,0.438,MEDIUM,NW  (290–330°),1.1175,2026-05-03T12:00:00+00:00,1.63,300.3,0.45,12.8,208.9,2026-05-03T12:37:31+00:00,0.545,-0.04,falling,0.98,2026-05-03 19:16,-0.12,2026-05-03 12:41,0.7,98,2.4,offshore
2026-05-03T14:04:58.168555+00:00,2026-05-03T12:00:00+00:00,0.34,0.38,MEDIUM,NW  (290–330°),1.1175,2026-05-03T13:30:00+00:00,1.57,300.3,0.45,12.8,208.9,2026-05-03T12:37:31+00:00,0.5,0.02,rising,0.98,2026-05-03 19:16,0.72,2026-05-03 23:18,0.7,56,1.0,offshore
2026-05-03T15:36:31.401743+00:00,2026-05-03T14:00:00+00:00,0.323,0.361,MEDIUM,NW  (290–330°),1.1175,2026-05-03T15:00:00+00:00,1.59,294.7,,,,,0.498,0.37,rising,0.98,2026-05-03 19:16,0.72,2026-05-03 23:18,1.5,53,1.8,offshore
2026-05-03T16:35:26.395813+00:00,2026-05-03T15:00:00+00:00,0.332,0.371,MEDIUM,NW  (290–330°),1.1175,2026-05-03T16:00:00+00:00,1.45,305.9,,,,,0.468,0.63,rising,0.98,2026-05-03 19:16,0.72,2026-05-03 23:18,1.3,72,2.0,offshore
2026-05-03T17:37:43.854245+00:00,2026-05-03T16:00:00+00:00,0.347,0.387,MEDIUM,NW  (290–330°),1.1175,2026-05-03T17:00:00+00:00,1.42,311.5,,,,,0.467,0.86,rising,0.98,2026-05-03 19:16,0.72,2026-05-03 23:18,1.0,107,2.9,offshore
2026-05-03T18:40:49.250021+00:00,2026-05-03T17:00:00+00:00,0.373,0.417,MEDIUM,NW  (290–330°),1.1175,2026-05-03T18:00:00+00:00,1.5,294.7,,,,,0.517,0.99,rising,0.98,2026-05-03 19:16,0.72,2026-05-03 23:18,1.8,158,1.9,sideshore-S
2026-05-03T19:44:32.214444+00:00,2026-05-03T18:00:00+00:00,0.39,0.444,LOW,WNW (260–290°),1.1382,2026-05-03T19:00:00+00:00,1.25,279.2,0.45,11.36,211.8,2026-05-03T19:41:31+00:00,0.503,1.04,falling,1.65,2026-05-04 05:43,0.72,2026-05-03 23:18,1.5,176,2.1,sideshore-S
2026-05-03T20:30:54.744348+00:00,2026-05-03T19:00:00+00:00,0.381,0.426,MEDIUM,NW  (290–330°),1.1175,2026-05-03T19:30:00+00:00,1.41,290.4,0.45,11.36,211.8,2026-05-03T19:41:31+00:00,0.512,1.0,falling,1.65,2026-05-04 05:43,0.72,2026-05-03 23:18,2.4,210,3.1,sideshore-S
2026-05-03T21:31:16.190809+00:00,2026-05-03T20:00:00+00:00,0.382,0.427,MEDIUM,NW  (290–330°),1.1175,2026-05-03T21:00:00+00:00,1.48,321.4,0.44,4.64,250.1,2026-05-03T20:41:31+00:00,0.488,0.93,rising,1.65,2026-05-04 05:43,0.72,2026-05-03 23:18,3.1,191,3.3,sideshore-S
2026-05-03T22:29:07.044412+00:00,2026-05-03T21:00:00+00:00,0.368,0.411,MEDIUM,NW  (290–330°),1.1175,2026-05-03T21:30:00+00:00,1.49,315.8,0.47,10.24,224.6,2026-05-03T21:41:31+00:00,0.486,0.82,falling,1.65,2026-05-04 05:43,0.72,2026-05-03 23:18,3.3,200,3.5,sideshore-S
2026-05-03T23:33:19.725523+00:00,2026-05-03T22:00:00+00:00,0.327,0.365,MEDIUM,NW  (290–330°),1.1175,2026-05-03T23:00:00+00:00,1.67,305.9,0.51,11.36,218.8,2026-05-03T22:41:31+00:00,0.5,0.82,rising,1.65,2026-05-04 05:43,-0.09,2026-05-04 13:22,2.8,232,3.0,onshore
2026-05-04T01:30:44.524967+00:00,2026-05-04T00:00:00+00:00,0.311,0.348,MEDIUM,NW  (290–330°),1.1175,2026-05-04T00:30:00+00:00,1.81,310.1,0.59,3.4,258.7,2026-05-04T00:41:31+00:00,0.508,0.96,rising,1.65,2026-05-04 05:43,-0.09,2026-05-04 13:22,3.7,275,5.2,onshore
2026-05-04T05:23:02.538843+00:00,2026-05-04T04:00:00+00:00,0.575,0.642,MEDIUM,NW  (290–330°),1.1175,2026-05-04T04:30:00+00:00,1.61,291.8,0.56,4.26,257.6,2026-05-04T05:05:01+00:00,0.67,1.69,rising,1.65,2026-05-04 05:43,-0.09,2026-05-04 13:22,4.5,352,8.4,sideshore-N
2026-05-04T08:13:45.928196+00:00,2026-05-04T06:00:00+00:00,0.543,0.607,MEDIUM,NW  (290–330°),1.1175,2026-05-04T07:30:00+00:00,1.72,303.1,0.61,4.44,245.8,2026-05-04T08:13:01+00:00,0.654,1.43,falling,0.94,2026-05-04 20:11,-0.09,2026-05-04 13:22,2.2,265,3.0,onshore
2026-05-04T10:53:34.517113+00:00,2026-05-04T09:00:00+00:00,0.588,0.657,MEDIUM,NW  (290–330°),1.1175,2026-05-04T10:00:00+00:00,1.51,303.1,0.67,3.92,245.7,2026-05-04T10:13:01+00:00,0.649,0.42,falling,0.94,2026-05-04 20:11,-0.09,2026-05-04 13:22,2.0,273,3.8,onshore
2026-05-04T12:16:58.182097+00:00,2026-05-04T10:00:00+00:00,0.527,0.599,LOW,WNW (260–290°),1.1382,2026-05-04T11:30:00+00:00,1.49,286.2,0.55,3.78,249.5,2026-05-04T11:29:25+00:00,0.624,0.11,falling,0.94,2026-05-04 20:11,-0.09,2026-05-04 13:22,2.7,268,4.1,onshore
2026-05-04T15:01:49.459427+00:00,2026-05-04T13:00:00+00:00,0.383,0.436,LOW,WNW (260–290°),1.1382,2026-05-04T14:30:00+00:00,1.36,286.2,0.41,14.62,189.8,2026-05-04T14:29:25+00:00,0.507,-0.01,falling,0.94,2026-05-04 20:11,0.79,2026-05-04 23:41,2.9,241,4.3,onshore
2026-05-04T17:19:29.975753+00:00,2026-05-04T16:00:00+00:00,0.378,0.431,LOW,WNW (260–290°),1.1382,2026-05-04T16:30:00+00:00,1.39,266.5,0.47,14.62,205.0,2026-05-04T16:29:25+00:00,0.526,0.58,rising,0.94,2026-05-04 20:11,0.79,2026-05-04 23:41,4.5,254,5.6,onshore
2026-05-04T19:10:33.581421+00:00,2026-05-04T17:00:00+00:00,0.381,0.434,LOW,WNW (260–290°),1.1382,2026-05-04T18:30:00+00:00,1.62,282.0,0.4,14.62,194.9,2026-05-04T18:29:25+00:00,0.552,0.87,rising,0.94,2026-05-04 20:11,0.79,2026-05-04 23:41,4.9,264,6.0,onshore
2026-05-04T20:56:26.651984+00:00,2026-05-04T19:00:00+00:00,0.366,0.416,LOW,WNW (260–290°),1.1382,2026-05-04T20:00:00+00:00,1.5,280.6,0.44,2.76,249.8,2026-05-04T20:29:25+00:00,0.522,0.92,rising,1.59,2026-05-05 06:12,0.79,2026-05-04 23:41,4.7,260,5.8,onshore
2026-05-04T21:53:42.721689+00:00,2026-05-04T20:00:00+00:00,0.357,0.398,MEDIUM,NW  (290–330°),1.1175,2026-05-04T21:00:00+00:00,1.69,297.5,0.46,14.62,206.1,2026-05-04T21:29:25+00:00,0.531,0.9,falling,1.59,2026-05-05 06:12,0.79,2026-05-04 23:41,4.3,252,5.4,onshore
2026-05-04T22:45:42.140727+00:00,2026-05-04T21:00:00+00:00,0.38,0.433,LOW,WNW (260–290°),1.1382,2026-05-04T22:00:00+00:00,1.69,269.3,0.42,14.62,202.2,2026-05-04T22:29:25+00:00,0.572,0.89,falling,1.59,2026-05-05 06:12,0.79,2026-05-04 23:41,4.7,260,6.3,onshore
2026-05-04T23:42:00.161307+00:00,2026-05-04T22:00:00+00:00,0.364,0.414,LOW,WNW (260–290°),1.1382,2026-05-04T23:00:00+00:00,1.64,275.0,0.46,14.62,203.3,2026-05-04T23:29:25+00:00,0.547,0.78,falling,1.59,2026-05-05 06:12,0.79,2026-05-04 23:41,4.9,264,6.5,onshore
2026-05-05T01:30:07.516621+00:00,2026-05-05T00:00:00+00:00,0.381,0.426,MEDIUM,NW  (290–330°),1.1175,2026-05-05T00:30:00+00:00,1.61,303.1,0.49,14.62,212.6,2026-05-05T01:29:25+00:00,0.526,0.91,rising,1.59,2026-05-05 06:12,-0.03,2026-05-05 14:07,3.8,268,5.9,onshore
2026-05-05T04:52:09.988447+00:00,2026-05-05T03:00:00+00:00,0.462,0.517,MEDIUM,NW  (290–330°),1.1175,2026-05-05T04:00:00+00:00,1.79,291.8,0.56,4.08,249.5,2026-05-05T04:29:25+00:00,0.621,1.54,rising,1.59,2026-05-05 06:12,-0.03,2026-05-05 14:07,1.9,291,4.9,onshore
2026-05-05T07:10:15.283595+00:00,2026-05-05T05:00:00+00:00,0.513,0.573,MEDIUM,NW  (290–330°),1.1175,2026-05-05T06:30:00+00:00,1.59,294.7,0.5,14.62,201.6,2026-05-05T06:29:25+00:00,0.618,1.57,falling,0.9,2026-05-05 21:17,-0.03,2026-05-05 14:07,2.6,349,6.9,sideshore-N
2026-05-05T09:50:27.798770+00:00,2026-05-05T08:00:00+00:00,0.522,0.584,MEDIUM,NW  (290–330°),1.1175,2026-05-05T09:00:00+00:00,1.88,293.2,0.55,14.62,208.8,2026-05-05T09:29:25+00:00,0.674,0.96,falling,0.9,2026-05-05 21:17,-0.03,2026-05-05 14:07,1.4,282,5.9,onshore
2026-05-05T11:09:05.286938+00:00,2026-05-05T09:00:00+00:00,0.554,0.631,LOW,WNW (260–290°),1.1382,2026-05-05T10:30:00+00:00,1.52,289.0,0.55,14.62,208.8,2026-05-05T09:29:25+00:00,0.638,0.57,falling,0.9,2026-05-05 21:17,-0.03,2026-05-05 14:07,3.0,333,8.1,sideshore-N
2026-05-05T13:06:15.216683+00:00,2026-05-05T11:00:00+00:00,0.509,0.579,LOW,WNW (260–290°),1.1382,2026-05-05T12:30:00+00:00,1.52,286.2,0.53,3.52,252.5,2026-05-05T12:16:55+00:00,0.611,0.1,falling,0.9,2026-05-05 21:17,-0.03,2026-05-05 14:07,3.9,357,8.8,sideshore-N
2026-05-05T15:27:22.250995+00:00,2026-05-05T14:00:00+00:00,0.473,0.538,LOW,WNW (260–290°),1.1382,2026-05-05T14:30:00+00:00,1.48,286.2,0.49,12.8,204.0,2026-05-05T15:16:55+00:00,0.579,0.06,falling,0.9,2026-05-05 21:17,0.85,2026-05-06 00:01,2.1,331,6.4,sideshore-N
2026-05-05T17:11:38.767650+00:00,2026-05-05T15:00:00+00:00,0.484,0.551,LOW,WNW (260–290°),1.1382,2026-05-05T16:30:00+00:00,1.4,277.8,0.48,14.62,198.3,2026-05-05T16:16:55+00:00,0.581,0.43,rising,0.9,2026-05-05 21:17,0.85,2026-05-06 00:01,1.4,236,2.8,onshore
2026-05-05T19:02:14.802215+00:00,2026-05-05T17:00:00+00:00,0.522,0.595,LOW,WNW (260–290°),1.1382,2026-05-05T18:30:00+00:00,1.41,283.4,0.48,14.62,210.0,2026-05-05T18:16:55+00:00,0.602,0.8,rising,0.9,2026-05-05 21:17,0.85,2026-05-06 00:01,6.6,260,8.7,onshore
2026-05-05T20:51:40.146275+00:00,2026-05-05T19:00:00+00:00,0.599,0.681,LOW,WNW (260–290°),1.1382,2026-05-05T20:00:00+00:00,1.39,283.4,0.84,3.92,246.2,2026-05-05T20:16:55+00:00,0.648,0.97,rising,0.9,2026-05-05 21:17,0.85,2026-05-06 00:01,5.4,268,10.2,onshore
2026-05-05T21:51:42.014043+00:00,2026-05-05T20:00:00+00:00,0.716,0.8,MEDIUM,NW  (290–330°),1.1175,2026-05-05T21:00:00+00:00,1.55,290.4,1.0,4.64,246.6,2026-05-05T21:16:55+00:00,0.748,1.0,rising,1.51,2026-05-06 06:47,0.85,2026-05-06 00:01,6.0,267,11.0,onshore
2026-05-05T22:44:10.603050+00:00,2026-05-05T21:00:00+00:00,0.822,0.919,MEDIUM,NW  (290–330°),1.1175,2026-05-05T22:00:00+00:00,1.59,298.9,1.0,5.12,250.2,2026-05-05T22:16:55+00:00,0.82,0.93,rising,1.51,2026-05-06 06:47,0.85,2026-05-06 00:01,6.2,270,10.3,onshore
2026-05-05T23:38:32.552522+00:00,2026-05-05T22:00:00+00:00,0.871,0.974,MEDIUM,NW  (290–330°),1.1175,2026-05-05T23:00:00+00:00,1.73,298.9,0.97,4.44,260.8,2026-05-05T23:16:55+00:00,0.879,0.88,falling,1.51,2026-05-06 06:47,0.85,2026-05-06 00:01,5.1,300,8.4,onshore
2026-05-06T01:28:31.987630+00:00,2026-05-06T00:00:00+00:00,0.884,1.006,LOW,WNW (260–290°),1.1382,2026-05-06T00:30:00+00:00,1.65,276.4,0.84,4.64,258.3,2026-05-06T01:16:55+00:00,0.896,0.92,rising,1.51,2026-05-06 06:47,0.03,2026-05-06 14:58,4.2,305,7.3,onshore
2026-05-06T05:18:17.732511+00:00,2026-05-06T03:00:00+00:00,0.754,0.843,MEDIUM,NW  (290–330°),1.1175,2026-05-06T04:30:00+00:00,1.64,308.7,0.68,4.64,249.2,2026-05-06T05:16:55+00:00,0.776,1.45,rising,1.51,2026-05-06 06:47,0.03,2026-05-06 14:58,1.9,141,2.0,sideshore-S
2026-05-06T08:03:17.659454+00:00,2026-05-06T06:00:00+00:00,0.697,0.779,MEDIUM,NW  (290–330°),1.1175,2026-05-06T07:30:00+00:00,1.71,301.7,0.64,4.26,267.5,2026-05-06T07:16:55+00:00,0.755,1.5,falling,1.42,2026-05-07 07:30,0.03,2026-05-06 14:58,1.9,155,1.8,sideshore-S
2026-05-06T10:54:27.156058+00:00,2026-05-06T09:00:00+00:00,0.595,0.677,LOW,WNW (260–290°),1.1382,2026-05-06T10:00:00+00:00,1.63,283.4,0.54,14.62,217.0,2026-05-06T10:16:55+00:00,0.689,0.9,falling,1.42,2026-05-07 07:30,0.03,2026-05-06 14:58,0.4,256,0.8,onshore
2026-05-06T12:22:22.951853+00:00,2026-05-06T11:00:00+00:00,0.497,0.566,LOW,WNW (260–290°),1.1382,2026-05-06T11:30:00+00:00,1.54,277.8,0.52,17.06,213.6,2026-05-06T12:16:55+00:00,0.613,0.39,falling,1.42,2026-05-07 07:30,0.03,2026-05-06 14:58,0.4,304,1.4,onshore
2026-05-06T15:19:49.647922+00:00,2026-05-06T13:00:00+00:00,0.405,0.461,LOW,WNW (260–290°),1.1382,2026-05-06T14:30:00+00:00,1.4,275.0,0.49,4.44,263.1,2026-05-06T15:16:55+00:00,0.53,0.04,falling,1.42,2026-05-07 07:30,,,0.5,68,1.6,offshore
2026-05-06T17:20:15.149223+00:00,2026-05-06T16:00:00+00:00,0.341,0.381,MEDIUM,NW  (290–330°),1.1175,2026-05-06T16:30:00+00:00,1.5,297.5,0.43,12.8,210.3,2026-05-06T17:16:55+00:00,0.483,0.27,rising,1.42,2026-05-07 07:30,0.07,2026-05-07 15:57,2.4,178,2.6,sideshore-S
2026-05-06T19:18:15.826205+00:00,2026-05-06T17:00:00+00:00,0.329,0.374,LOW,WNW (260–290°),1.1382,2026-05-06T18:30:00+00:00,1.54,262.3,0.42,14.62,214.6,2026-05-06T19:16:55+00:00,0.511,0.62,rising,1.42,2026-05-07 07:30,0.07,2026-05-07 15:57,3.0,194,3.1,sideshore-S
2026-05-06T21:01:12.019078+00:00,2026-05-06T19:00:00+00:00,0.317,0.361,LOW,WNW (260–290°),1.1382,2026-05-06T20:30:00+00:00,1.46,262.3,0.39,14.62,210.8,2026-05-06T20:16:55+00:00,0.489,0.83,rising,1.42,2026-05-07 07:30,0.07,2026-05-07 15:57,2.9,196,3.0,sideshore-S
2026-05-06T22:37:58.807085+00:00,2026-05-06T21:00:00+00:00,0.338,0.385,LOW,WNW (260–290°),1.1382,2026-05-06T22:00:00+00:00,1.62,282.0,0.39,14.62,211.8,2026-05-06T22:16:55+00:00,0.514,0.92,rising,1.42,2026-05-07 07:30,0.07,2026-05-07 15:57,2.1,197,2.1,sideshore-S
2026-05-06T23:39:43.747570+00:00,2026-05-06T22:00:00+00:00,0.396,0.423,MEDIUM,W   (230–260°),1.0669,2026-05-06T23:00:00+00:00,1.59,259.5,0.49,14.62,220.9,2026-05-06T23:16:55+00:00,0.564,0.91,rising,1.42,2026-05-07 07:30,0.07,2026-05-07 15:57,2.3,209,2.3,sideshore-S
2026-05-07T01:46:58.761068+00:00,2026-05-07T00:00:00+00:00,0.639,0.727,LOW,WNW (260–290°),1.1382,2026-05-07T01:00:00+00:00,1.66,267.9,0.57,4.44,261.3,2026-05-07T01:16:55+00:00,0.733,0.92,falling,1.42,2026-05-07 07:30,0.07,2026-05-07 15:57,1.0,204,1.2,sideshore-S
2026-05-07T05:20:49.738330+00:00,2026-05-07T04:00:00+00:00,0.864,0.966,MEDIUM,NW  (290–330°),1.1175,2026-05-07T04:30:00+00:00,1.91,300.3,0.77,4.64,254.4,2026-05-07T05:16:55+00:00,0.899,1.33,rising,1.42,2026-05-07 07:30,0.07,2026-05-07 15:57,1.8,171,1.8,sideshore-S
2026-05-07T08:10:58.857580+00:00,2026-05-07T06:00:00+00:00,0.77,0.86,MEDIUM,NW  (290–330°),1.1175,2026-05-07T07:30:00+00:00,1.8,298.9,0.79,4.86,251.9,2026-05-07T07:32:54+00:00,0.817,1.42,falling,,,0.07,2026-05-07 15:57,3.0,117,5.2,offshore
2026-05-07T10:58:37.052086+00:00,2026-05-07T09:00:00+00:00,0.683,0.777,LOW,WNW (260–290°),1.1382,2026-05-07T10:00:00+00:00,1.76,279.2,0.68,5.38,262.9,2026-05-07T10:32:54+00:00,0.768,1.06,falling,1.32,2026-05-08 08:27,0.07,2026-05-07 15:57,0.9,108,2.6,offshore
2026-05-07T12:27:47.935669+00:00,2026-05-07T11:00:00+00:00,0.618,0.66,MEDIUM,W   (230–260°),1.0669,2026-05-07T11:30:00+00:00,1.77,252.5,0.66,6.02,267.8,2026-05-07T11:32:54+00:00,0.746,0.62,falling,1.32,2026-05-08 08:27,0.07,2026-05-07 15:57,0.8,69,2.2,offshore
2026-05-07T15:24:05.584985+00:00,2026-05-07T14:00:00+00:00,0.54,0.603,MEDIUM,NW  (290–330°),1.1175,2026-05-07T14:30:00+00:00,1.85,305.9,0.71,6.02,252.0,2026-05-07T14:32:54+00:00,0.665,0.13,falling,1.32,2026-05-08 08:27,0.07,2026-05-07 15:57,0.8,159,1.1,sideshore-S
2026-05-07T17:30:08.092157+00:00,2026-05-07T16:00:00+00:00,0.517,0.589,LOW,WNW (260–290°),1.1382,2026-05-07T16:30:00+00:00,1.94,267.9,0.66,5.68,257.7,2026-05-07T16:32:54+00:00,0.695,0.21,rising,1.32,2026-05-08 08:27,0.1,2026-05-08 17:01,1.9,177,2.1,sideshore-S
2026-05-07T19:23:01.021203+00:00,2026-05-07T18:00:00+00:00,0.526,0.588,MEDIUM,NW  (290–330°),1.1175,2026-05-07T18:30:00+00:00,1.91,290.4,0.57,6.02,259.1,2026-05-07T18:32:54+00:00,0.678,0.52,rising,1.32,2026-05-08 08:27,0.1,2026-05-08 17:01,2.4,187,2.6,sideshore-S
2026-05-07T20:55:49.819737+00:00,2026-05-07T19:00:00+00:00,0.567,0.633,MEDIUM,NW  (290–330°),1.1175,2026-05-07T20:00:00+00:00,1.96,296.1,0.52,14.62,214.3,2026-05-07T20:32:54+00:00,0.709,0.77,rising,1.32,2026-05-08 08:27,0.1,2026-05-08 17:01,2.7,178,2.8,sideshore-S
2026-05-07T21:44:56.721141+00:00,2026-05-07T20:00:00+00:00,0.551,0.627,LOW,WNW (260–290°),1.1382,2026-05-07T21:00:00+00:00,2.13,276.4,0.48,14.62,214.2,2026-05-07T21:32:54+00:00,0.742,0.86,rising,1.32,2026-05-08 08:27,0.1,2026-05-08 17:01,2.3,180,2.3,sideshore-S
2026-05-07T22:50:13.536283+00:00,2026-05-07T21:00:00+00:00,0.534,0.608,LOW,WNW (260–290°),1.1382,2026-05-07T22:00:00+00:00,2.1,287.6,0.48,12.8,214.8,2026-05-07T22:32:54+00:00,0.716,0.99,rising,1.32,2026-05-08 08:27,0.1,2026-05-08 17:01,2.1,180,2.2,sideshore-S
2026-05-07T23:42:02.233157+00:00,2026-05-07T22:00:00+00:00,0.568,0.634,MEDIUM,NW  (290–330°),1.1175,2026-05-07T23:00:00+00:00,2.14,304.5,0.56,12.8,218.8,2026-05-07T23:32:54+00:00,0.731,0.98,falling,1.32,2026-05-08 08:27,0.1,2026-05-08 17:01,2.1,157,2.1,sideshore-S
2026-05-08T01:50:17.487609+00:00,2026-05-08T00:00:00+00:00,0.67,0.762,LOW,WNW (260–290°),1.1382,2026-05-08T01:00:00+00:00,2.44,287.6,0.71,5.38,254.5,2026-05-08T01:32:54+00:00,0.863,0.98,falling,1.32,2026-05-08 08:27,0.1,2026-05-08 17:01,2.3,155,2.6,sideshore-S
2026-05-08T04:46:53.427011+00:00,2026-05-08T03:00:00+00:00,0.831,0.928,MEDIUM,NW  (290–330°),1.1175,2026-05-08T04:00:00+00:00,2.56,310.1,0.87,5.12,255.6,2026-05-08T04:32:54+00:00,0.973,1.16,rising,1.32,2026-05-08 08:27,0.1,2026-05-08 17:01,3.0,148,3.3,sideshore-S
2026-05-08T06:26:44.500436+00:00,2026-05-08T05:00:00+00:00,0.836,0.934,MEDIUM,NW  (290–330°),1.1175,2026-05-08T05:30:00+00:00,2.27,301.7,0.83,5.68,233.4,2026-05-08T05:32:54+00:00,0.934,1.26,rising,1.32,2026-05-08 08:27,0.1,2026-05-08 17:01,3.7,121,5.1,offshore
2026-05-08T08:17:19.817423+00:00,2026-05-08T06:00:00+00:00,0.782,0.873,MEDIUM,NW  (290–330°),1.1175,2026-05-08T07:30:00+00:00,2.21,301.7,0.71,5.68,256.3,2026-05-08T07:57:49+00:00,0.887,1.35,falling,1.32,2026-05-08 08:27,0.1,2026-05-08 17:01,5.1,112,8.5,offshore
2026-05-08T10:14:44.013928+00:00,2026-05-08T08:00:00+00:00,0.721,0.806,MEDIUM,NW  (290–330°),1.1175,2026-05-08T09:00:00+00:00,2.21,307.3,0.78,6.02,261.3,2026-05-08T09:57:49+00:00,0.841,1.24,falling,1.03,2026-05-09 01:08,0.1,2026-05-08 17:01,3.8,117,6.4,offshore
2026-05-08T12:03:28.066777+00:00,2026-05-08T10:00:00+00:00,0.704,0.787,MEDIUM,NW  (290–330°),1.1175,2026-05-08T11:30:00+00:00,2.36,291.8,0.86,4.44,204.4,2026-05-08T10:57:49+00:00,0.867,0.95,falling,1.03,2026-05-09 01:08,0.1,2026-05-08 17:01,2.7,112,4.3,offshore
2026-05-08T14:29:43.934584+00:00,2026-05-08T13:00:00+00:00,0.587,0.656,MEDIUM,NW  (290–330°),1.1175,2026-05-08T13:30:00+00:00,2.34,317.2,0.84,5.68,248.6,2026-05-08T13:46:25+00:00,0.765,0.39,falling,1.03,2026-05-09 01:08,0.1,2026-05-08 17:01,2.8,107,4.4,offshore
2026-05-08T16:07:49.667783+00:00,2026-05-08T14:00:00+00:00,0.548,0.612,MEDIUM,NW  (290–330°),1.1175,2026-05-08T15:30:00+00:00,2.19,304.5,0.72,5.68,260.9,2026-05-08T15:46:25+00:00,0.724,0.19,falling,1.03,2026-05-09 01:08,0.1,2026-05-08 17:01,1.3,180,2.3,sideshore-S
2026-05-08T18:03:08.906506+00:00,2026-05-08T16:00:00+00:00,0.508,0.568,MEDIUM,NW  (290–330°),1.1175,2026-05-08T17:30:00+00:00,2.24,304.5,0.76,4.86,264.8,2026-05-08T17:46:25+00:00,0.706,0.17,rising,1.03,2026-05-09 01:08,0.98,2026-05-09 04:09,2.2,162,3.3,sideshore-S
2026-05-08T20:02:30.670379+00:00,2026-05-08T18:00:00+00:00,0.468,0.523,MEDIUM,NW  (290–330°),1.1175,2026-05-08T19:00:00+00:00,2.16,298.9,0.72,5.38,253.9,2026-05-08T19:46:25+00:00,0.671,0.49,rising,1.03,2026-05-09 01:08,0.98,2026-05-09 04:09,2.5,201,2.7,sideshore-S
2026-05-08T21:46:40.655474+00:00,2026-05-08T20:00:00+00:00,0.421,0.47,MEDIUM,NW  (290–330°),1.1175,2026-05-08T21:00:00+00:00,2.27,314.3,0.63,4.86,265.0,2026-05-08T21:46:25+00:00,0.646,0.77,rising,1.03,2026-05-09 01:08,0.98,2026-05-09 04:09,2.3,205,2.5,sideshore-S
2026-05-08T22:43:16.788075+00:00,2026-05-08T21:00:00+00:00,0.433,0.484,MEDIUM,NW  (290–330°),1.1175,2026-05-08T22:00:00+00:00,2.19,317.2,0.63,4.86,265.0,2026-05-08T21:46:25+00:00,0.638,0.93,rising,1.03,2026-05-09 01:08,0.98,2026-05-09 04:09,2.1,219,2.2,sideshore-S
2026-05-08T23:43:58.138342+00:00,2026-05-08T22:00:00+00:00,0.455,0.508,MEDIUM,NW  (290–330°),1.1175,2026-05-08T23:00:00+00:00,2.23,321.4,0.67,5.38,267.7,2026-05-08T22:46:25+00:00,0.656,0.99,rising,1.03,2026-05-09 01:08,0.98,2026-05-09 04:09,2.1,149,2.6,sideshore-S
2026-05-09T01:45:55.332131+00:00,2026-05-09T00:00:00+00:00,0.564,0.631,MEDIUM,NW  (290–330°),1.1175,2026-05-09T01:00:00+00:00,2.55,311.5,0.64,6.4,249.8,2026-05-09T00:46:25+00:00,0.791,1.06,rising,1.23,2026-05-09 09:46,0.98,2026-05-09 04:09,2.9,142,3.8,sideshore-S
2026-05-09T04:59:04.604199+00:00,2026-05-09T03:00:00+00:00,0.79,0.883,MEDIUM,NW  (290–330°),1.1175,2026-05-09T04:00:00+00:00,2.76,311.5,0.76,5.68,240.6,2026-05-09T04:46:25+00:00,0.975,1.06,rising,1.23,2026-05-09 09:46,0.11,2026-05-09 17:56,3.9,125,5.8,offshore
2026-05-09T07:05:57.905749+00:00,2026-05-09T05:00:00+00:00,0.792,0.885,MEDIUM,NW  (290–330°),1.1175,2026-05-09T06:00:00+00:00,2.62,315.8,0.76,6.02,230.9,2026-05-09T06:46:25+00:00,0.948,1.15,rising,1.23,2026-05-09 09:46,0.11,2026-05-09 17:56,3.0,122,4.4,offshore
2026-05-09T09:06:19.051986+00:00,2026-05-09T07:00:00+00:00,0.776,0.867,MEDIUM,NW  (290–330°),1.1175,2026-05-09T08:30:00+00:00,2.49,305.9,1.01,5.68,255.6,2026-05-09T08:46:25+00:00,0.923,1.28,rising,1.23,2026-05-09 09:46,0.11,2026-05-09 17:56,1.9,122,2.9,offshore
2026-05-09T10:44:55.909326+00:00,2026-05-09T09:00:00+00:00,0.705,0.788,MEDIUM,NW  (290–330°),1.1175,2026-05-09T10:00:00+00:00,2.55,314.3,1.04,7.86,246.1,2026-05-09T09:46:25+00:00,0.879,1.29,falling,1.11,2026-05-10 01:20,0.11,2026-05-09 17:56,0.9,186,1.7,sideshore-S
2026-05-09T11:40:24.208677+00:00,2026-05-09T10:00:00+00:00,0.666,0.744,MEDIUM,NW  (290–330°),1.1175,2026-05-09T11:00:00+00:00,2.5,315.8,1.13,7.86,246.0,2026-05-09T10:46:25+00:00,0.844,1.16,falling,1.11,2026-05-10 01:20,0.11,2026-05-09 17:56,0.9,162,2.8,sideshore-S
2026-05-09T12:48:32.851174+00:00,2026-05-09T11:00:00+00:00,0.64,0.715,MEDIUM,NW  (290–330°),1.1175,2026-05-09T12:00:00+00:00,2.43,308.7,1.06,7.3,247.8,2026-05-09T12:46:25+00:00,0.823,1.05,falling,1.11,2026-05-10 01:20,0.11,2026-05-09 17:56,1.7,97,2.9,offshore
2026-05-09T14:12:26.700311+00:00,2026-05-09T12:00:00+00:00,0.663,0.74,MEDIUM,NW  (290–330°),1.1175,2026-05-09T13:30:00+00:00,2.36,318.6,1.09,6.82,252.0,2026-05-09T13:46:25+00:00,0.82,0.74,falling,1.11,2026-05-10 01:20,0.11,2026-05-09 17:56,2.1,53,2.9,offshore
2026-05-09T15:39:41.408582+00:00,2026-05-09T14:00:00+00:00,0.618,0.691,MEDIUM,NW  (290–330°),1.1175,2026-05-09T15:00:00+00:00,2.34,310.1,1.07,6.02,249.4,2026-05-09T14:46:25+00:00,0.794,0.41,falling,1.11,2026-05-10 01:20,0.11,2026-05-09 17:56,1.1,56,1.6,offshore
2026-05-09T16:39:26.617026+00:00,2026-05-09T15:00:00+00:00,0.57,0.637,MEDIUM,NW  (290–330°),1.1175,2026-05-09T16:00:00+00:00,2.22,315.8,1.04,5.68,254.4,2026-05-09T15:46:25+00:00,0.739,0.25,falling,1.11,2026-05-10 01:20,0.11,2026-05-09 17:56,1.3,129,1.7,offshore
2026-05-09T17:40:13.306504+00:00,2026-05-09T16:00:00+00:00,0.554,0.619,MEDIUM,NW  (290–330°),1.1175,2026-05-09T17:00:00+00:00,2.33,310.1,1.01,5.68,246.6,2026-05-09T16:46:25+00:00,0.752,0.18,falling,1.11,2026-05-10 01:20,0.11,2026-05-09 17:56,1.8,153,2.0,sideshore-S
2026-05-09T18:41:31.750012+00:00,2026-05-09T17:00:00+00:00,0.544,0.608,MEDIUM,NW  (290–330°),1.1175,2026-05-09T18:00:00+00:00,2.37,311.5,1.02,5.38,240.9,2026-05-09T17:46:25+00:00,0.753,0.23,rising,1.11,2026-05-10 01:20,0.87,2026-05-10 06:14,1.9,174,2.0,sideshore-S
2026-05-09T19:49:04.042207+00:00,2026-05-09T18:00:00+00:00,0.494,0.552,MEDIUM,NW  (290–330°),1.1175,2026-05-09T19:00:00+00:00,2.19,312.9,0.89,5.12,237.1,2026-05-09T19:46:25+00:00,0.689,0.3,rising,1.11,2026-05-10 01:20,0.87,2026-05-10 06:14,2.7,193,2.8,sideshore-S
2026-05-09T20:32:55.143252+00:00,2026-05-09T19:00:00+00:00,0.497,0.555,MEDIUM,NW  (290–330°),1.1175,2026-05-09T20:00:00+00:00,2.16,312.9,0.89,5.12,237.1,2026-05-09T19:46:25+00:00,0.687,0.48,rising,1.11,2026-05-10 01:20,0.87,2026-05-10 06:14,2.0,191,2.3,sideshore-S
2026-05-09T21:33:00.934572+00:00,2026-05-09T20:00:00+00:00,0.506,0.565,MEDIUM,NW  (290–330°),1.1175,2026-05-09T21:00:00+00:00,2.14,310.1,0.86,5.38,238.1,2026-05-09T20:46:25+00:00,0.692,0.67,rising,1.11,2026-05-10 01:20,0.87,2026-05-10 06:14,2.3,200,2.3,sideshore-S
2026-05-09T22:31:23.254034+00:00,2026-05-09T21:00:00+00:00,0.461,0.515,MEDIUM,NW  (290–330°),1.1175,2026-05-09T22:00:00+00:00,2.17,312.9,0.91,6.4,245.8,2026-05-09T21:46:25+00:00,0.666,0.92,rising,1.11,2026-05-10 01:20,0.87,2026-05-10 06:14,2.4,204,2.4,sideshore-S
2026-05-09T23:35:40.982689+00:00,2026-05-09T22:00:00+00:00,0.454,0.508,MEDIUM,NW  (290–330°),1.1175,2026-05-09T23:00:00+00:00,2.11,320.0,0.83,6.02,246.9,2026-05-09T22:46:25+00:00,0.649,1.05,rising,1.11,2026-05-10 01:20,0.87,2026-05-10 06:14,2.1,202,2.2,sideshore-S
2026-05-10T01:46:51.000057+00:00,2026-05-10T00:00:00+00:00,0.474,0.529,MEDIUM,NW  (290–330°),1.1175,2026-05-10T01:00:00+00:00,2.4,318.6,0.83,6.82,247.9,2026-05-10T00:46:25+00:00,0.714,1.19,rising,1.17,2026-05-10 11:23,0.87,2026-05-10 06:14,3.1,144,3.7,sideshore-S
2026-05-10T05:27:08.932247+00:00,2026-05-10T04:00:00+00:00,0.766,0.855,MEDIUM,NW  (290–330°),1.1175,2026-05-10T04:30:00+00:00,2.71,308.7,1.01,4.86,251.5,2026-05-10T05:14:01+00:00,0.967,0.98,falling,1.17,2026-05-10 11:23,0.87,2026-05-10 06:14,2.9,119,4.3,offshore
2026-05-10T07:53:24.295077+00:00,2026-05-10T06:00:00+00:00,0.731,0.817,MEDIUM,NW  (290–330°),1.1175,2026-05-10T07:00:00+00:00,2.52,311.5,0.99,5.68,258.0,2026-05-10T07:14:01+00:00,0.909,1.04,rising,1.17,2026-05-10 11:23,0.12,2026-05-10 18:40,1.1,128,3.7,offshore
2026-05-10T09:19:58.475291+00:00,2026-05-10T07:00:00+00:00,0.693,0.774,MEDIUM,NW  (290–330°),1.1175,2026-05-10T08:30:00+00:00,2.61,315.8,1.01,6.02,254.2,2026-05-10T08:14:01+00:00,0.898,1.09,rising,1.17,2026-05-10 11:23,0.12,2026-05-10 18:40,2.5,102,4.4,offshore
2026-05-10T10:52:36.458037+00:00,2026-05-10T09:00:00+00:00,0.656,0.733,MEDIUM,NW  (290–330°),1.1175,2026-05-10T10:00:00+00:00,2.35,318.6,1.05,6.4,261.6,2026-05-10T09:59:31+00:00,0.827,1.25,rising,1.17,2026-05-10 11:23,0.12,2026-05-10 18:40,1.6,63,2.8,offshore
2026-05-10T11:40:32.015917+00:00,2026-05-10T10:00:00+00:00,0.634,0.709,MEDIUM,NW  (290–330°),1.1175,2026-05-10T11:00:00+00:00,2.42,318.6,1.08,6.4,255.2,2026-05-10T10:59:31+00:00,0.827,1.25,rising,1.23,2026-05-11 01:38,0.12,2026-05-10 18:40,1.4,54,2.7,offshore
2026-05-10T12:49:35.926617+00:00,2026-05-10T11:00:00+00:00,0.647,0.723,MEDIUM,NW  (290–330°),1.1175,2026-05-10T12:00:00+00:00,2.35,321.4,1.04,5.68,240.3,2026-05-10T11:59:31+00:00,0.823,1.13,falling,1.23,2026-05-11 01:38,0.12,2026-05-10 18:40,2.1,82,3.2,offshore
2026-05-10T14:15:15.878641+00:00,2026-05-10T12:00:00+00:00,0.644,0.72,MEDIUM,NW  (290–330°),1.1175,2026-05-10T13:30:00+00:00,2.33,320.0,1.08,5.68,239.9,2026-05-10T13:59:31+00:00,0.82,0.95,falling,1.23,2026-05-11 01:38,0.12,2026-05-10 18:40,1.8,77,3.1,offshore
2026-05-10T15:41:34.983323+00:00,2026-05-10T14:00:00+00:00,0.61,0.681,MEDIUM,NW  (290–330°),1.1175,2026-05-10T15:00:00+00:00,2.2,308.7,0.91,5.12,221.3,2026-05-10T14:59:31+00:00,0.779,0.68,falling,1.23,2026-05-11 01:38,0.12,2026-05-10 18:40,1.4,124,2.1,offshore
2026-05-10T16:40:36.641450+00:00,2026-05-10T15:00:00+00:00,0.561,0.627,MEDIUM,NW  (290–330°),1.1175,2026-05-10T16:00:00+00:00,2.3,312.9,0.92,5.68,238.4,2026-05-10T15:59:31+00:00,0.764,0.4,falling,1.23,2026-05-11 01:38,0.12,2026-05-10 18:40,1.2,138,2.0,sideshore-S
2026-05-10T17:41:02.364736+00:00,2026-05-10T16:00:00+00:00,0.519,0.58,MEDIUM,NW  (290–330°),1.1175,2026-05-10T17:00:00+00:00,2.05,296.1,0.93,5.38,246.2,2026-05-10T16:59:31+00:00,0.699,0.3,falling,1.23,2026-05-11 01:38,0.12,2026-05-10 18:40,2.5,214,2.7,sideshore-S
2026-05-10T18:43:02.985904+00:00,2026-05-10T17:00:00+00:00,0.487,0.545,MEDIUM,NW  (290–330°),1.1175,2026-05-10T18:00:00+00:00,2.18,312.9,0.94,5.38,259.6,2026-05-10T17:59:31+00:00,0.695,0.26,rising,1.23,2026-05-11 01:38,0.68,2026-05-11 07:19,2.5,228,2.6,onshore
2026-05-10T19:51:04.566730+00:00,2026-05-10T18:00:00+00:00,0.455,0.509,MEDIUM,NW  (290–330°),1.1175,2026-05-10T19:00:00+00:00,2.22,311.5,0.93,6.02,251.4,2026-05-10T18:59:31+00:00,0.683,0.3,rising,1.23,2026-05-11 01:38,0.68,2026-05-11 07:19,3.3,226,3.5,onshore
2026-05-10T20:36:06.549582+00:00,2026-05-10T19:00:00+00:00,0.438,0.489,MEDIUM,NW  (290–330°),1.1175,2026-05-10T20:00:00+00:00,2.24,317.2,0.93,5.68,256.1,2026-05-10T19:59:31+00:00,0.675,0.43,rising,1.23,2026-05-11 01:38,0.68,2026-05-11 07:19,3.2,226,3.5,onshore
2026-05-10T21:37:07.458498+00:00,2026-05-10T20:00:00+00:00,0.423,0.473,MEDIUM,NW  (290–330°),1.1175,2026-05-10T21:00:00+00:00,2.4,312.9,0.88,6.02,254.3,2026-05-10T20:59:31+00:00,0.698,0.62,rising,1.23,2026-05-11 01:38,0.68,2026-05-11 07:19,2.2,223,2.3,sideshore-S
2026-05-10T22:35:15.937921+00:00,2026-05-10T21:00:00+00:00,0.417,0.475,LOW,WNW (260–290°),1.1382,2026-05-10T22:00:00+00:00,2.34,287.6,0.84,6.4,244.3,2026-05-10T21:59:31+00:00,0.695,0.86,rising,1.23,2026-05-11 01:38,0.68,2026-05-11 07:19,2.3,230,2.5,onshore
2026-05-10T23:39:31.925476+00:00,2026-05-10T22:00:00+00:00,0.457,0.52,LOW,WNW (260–290°),1.1382,2026-05-10T23:00:00+00:00,2.16,267.9,0.84,7.86,237.9,2026-05-10T22:59:31+00:00,0.698,1.06,rising,1.23,2026-05-11 01:38,0.68,2026-05-11 07:19,2.7,193,2.8,sideshore-S
2026-05-11T01:54:06.875119+00:00,2026-05-11T00:00:00+00:00,0.502,0.571,LOW,WNW (260–290°),1.1382,2026-05-11T01:00:00+00:00,2.24,279.2,0.89,4.86,237.2,2026-05-11T00:59:31+00:00,0.737,1.29,falling,1.15,2026-05-11 12:42,0.68,2026-05-11 07:19,1.6,166,1.8,sideshore-S
2026-05-11T05:48:38.011559+00:00,2026-05-11T04:00:00+00:00,0.648,0.737,LOW,WNW (260–290°),1.1382,2026-05-11T05:00:00+00:00,2.4,270.8,0.86,11.36,234.9,2026-05-11T04:59:31+00:00,0.866,0.88,falling,1.15,2026-05-11 12:42,0.68,2026-05-11 07:19,2.2,95,3.6,offshore
2026-05-11T08:54:44.699425+00:00,2026-05-11T07:00:00+00:00,0.632,0.674,MEDIUM,W   (230–260°),1.0669,2026-05-11T08:00:00+00:00,2.08,246.8,0.86,11.36,230.1,2026-05-11T07:59:31+00:00,0.808,0.81,rising,1.15,2026-05-11 12:42,0.16,2026-05-11 19:17,0.3,252,0.6,onshore
2026-05-11T11:55:45.352892+00:00,2026-05-11T10:00:00+00:00,0.515,0.586,LOW,WNW (260–290°),1.1382,2026-05-11T11:00:00+00:00,2.1,275.0,0.94,11.36,232.7,2026-05-11T10:59:31+00:00,0.722,1.2,rising,1.15,2026-05-11 12:42,0.16,2026-05-11 19:17,0.5,360,0.5,sideshore-N
2026-05-11T17:16:39.640708+00:00,2026-05-11T15:00:00+00:00,0.509,0.579,LOW,WNW (260–290°),1.1382,2026-05-11T16:30:00+00:00,1.89,279.2,0.84,10.24,235.4,2026-05-11T17:15:01+00:00,0.677,0.51,falling,1.36,2026-05-12 01:59,0.16,2026-05-11 19:17,2.2,236,2.2,onshore
2026-05-11T19:24:52.553528+00:00,2026-05-11T18:00:00+00:00,0.508,0.578,LOW,WNW (260–290°),1.1382,2026-05-11T18:30:00+00:00,2.03,279.2,0.87,10.24,236.3,2026-05-11T19:15:01+00:00,0.704,0.22,falling,1.36,2026-05-12 01:59,0.45,2026-05-12 08:09,2.8,226,2.9,onshore
2026-05-11T21:08:31.214154+00:00,2026-05-11T19:00:00+00:00,0.514,0.575,MEDIUM,NW  (290–330°),1.1175,2026-05-11T20:30:00+00:00,1.8,296.1,,,,,0.656,0.35,rising,1.36,2026-05-12 01:59,0.45,2026-05-12 08:09,2.3,223,2.5,sideshore-S
2026-05-11T22:44:20.566355+00:00,2026-05-11T21:00:00+00:00,0.496,0.565,LOW,WNW (260–290°),1.1382,2026-05-11T22:00:00+00:00,1.62,289.0,0.87,9.3,237.4,2026-05-11T22:15:01+00:00,0.614,0.77,rising,1.36,2026-05-12 01:59,0.45,2026-05-12 08:09,2.8,231,2.9,onshore
2026-05-11T23:45:09.360660+00:00,2026-05-11T22:00:00+00:00,0.492,0.56,LOW,WNW (260–290°),1.1382,2026-05-11T23:00:00+00:00,1.57,277.8,0.88,10.24,235.5,2026-05-11T23:15:01+00:00,0.609,1.07,rising,1.36,2026-05-12 01:59,0.45,2026-05-12 08:09,3.0,253,3.4,onshore
2026-05-12T01:49:53.175563+00:00,2026-05-12T00:00:00+00:00,0.423,0.476,HIGH,S   (150–200°),1.126,2026-05-12T01:00:00+00:00,1.63,196.2,0.85,9.3,234.9,2026-05-12T01:15:01+00:00,0.608,1.43,rising,1.36,2026-05-12 01:59,0.45,2026-05-12 08:09,3.7,273,4.7,onshore
2026-05-12T05:29:34.257842+00:00,2026-05-12T04:00:00+00:00,0.462,0.526,LOW,WNW (260–290°),1.1382,2026-05-12T04:30:00+00:00,1.65,265.1,0.83,10.24,235.8,2026-05-12T05:24:31+00:00,0.614,0.95,falling,1.16,2026-05-12 13:49,0.45,2026-05-12 08:09,0.5,281,1.6,onshore
2026-05-12T08:20:06.024100+00:00,2026-05-12T07:00:00+00:00,0.54,0.614,LOW,WNW (260–290°),1.1382,2026-05-12T07:30:00+00:00,1.77,262.3,0.78,10.24,232.7,2026-05-12T07:24:31+00:00,0.689,0.56,falling,1.16,2026-05-12 13:49,0.22,2026-05-12 19:51,1.4,228,1.6,onshore
2026-05-12T11:09:49.580152+00:00,2026-05-12T09:00:00+00:00,0.556,0.626,HIGH,S   (150–200°),1.126,2026-05-12T10:30:00+00:00,1.61,193.4,0.78,11.36,228.6,2026-05-12T10:24:31+00:00,0.692,0.89,rising,1.16,2026-05-12 13:49,0.22,2026-05-12 19:51,1.1,56,1.6,offshore
2026-05-12T13:48:09.798515+00:00,2026-05-12T12:00:00+00:00,0.493,0.561,LOW,WNW (260–290°),1.1382,2026-05-12T13:00:00+00:00,1.55,279.2,0.76,11.36,231.9,2026-05-12T13:24:31+00:00,0.609,1.25,rising,1.16,2026-05-12 13:49,0.22,2026-05-12 19:51,2.0,66,2.7,offshore
2026-05-12T16:11:29.250087+00:00,2026-05-12T14:00:00+00:00,0.471,0.536,LOW,WNW (260–290°),1.1382,2026-05-12T15:30:00+00:00,1.54,284.8,0.77,11.36,237.9,2026-05-12T15:24:31+00:00,0.59,0.95,falling,1.53,2026-05-13 02:23,0.22,2026-05-12 19:51,2.3,105,3.3,offshore
2026-05-12T18:29:44.361039+00:00,2026-05-12T17:00:00+00:00,0.451,0.513,LOW,WNW (260–290°),1.1382,2026-05-12T17:30:00+00:00,1.72,280.6,0.8,10.24,240.0,2026-05-12T17:24:31+00:00,0.615,0.45,falling,1.53,2026-05-13 02:23,0.22,2026-05-12 19:51,3.1,159,3.3,sideshore-S
2026-05-12T20:23:52.943515+00:00,2026-05-12T19:00:00+00:00,0.435,0.486,MEDIUM,NW  (290–330°),1.1175,2026-05-12T19:30:00+00:00,1.5,290.4,0.69,10.24,229.9,2026-05-12T19:54:01+00:00,0.557,0.27,rising,1.53,2026-05-13 02:23,0.2,2026-05-13 08:55,1.7,170,2.0,sideshore-S
2026-05-12T22:01:20.905301+00:00,2026-05-12T20:00:00+00:00,0.404,0.46,LOW,WNW (260–290°),1.1382,2026-05-12T21:30:00+00:00,1.49,270.8,0.64,11.36,224.1,2026-05-12T21:54:01+00:00,0.55,0.51,rising,1.53,2026-05-13 02:23,0.2,2026-05-13 08:55,2.3,160,3.2,sideshore-S
2026-05-12T23:48:35.847879+00:00,2026-05-12T22:00:00+00:00,0.425,0.484,LOW,WNW (260–290°),1.1382,2026-05-12T23:00:00+00:00,1.41,280.6,0.68,11.36,227.1,2026-05-12T22:54:01+00:00,0.542,1.02,rising,1.53,2026-05-13 02:23,0.2,2026-05-13 08:55,1.8,114,2.7,offshore
2026-05-13T01:54:36.029467+00:00,2026-05-13T00:00:00+00:00,0.413,0.47,LOW,WNW (260–290°),1.1382,2026-05-13T01:00:00+00:00,1.46,276.4,0.67,10.24,237.0,2026-05-13T01:54:01+00:00,0.548,1.53,rising,1.53,2026-05-13 02:23,0.2,2026-05-13 08:55,1.4,141,2.2,sideshore-S
2026-05-13T05:39:51.515540+00:00,2026-05-13T04:00:00+00:00,0.409,0.466,LOW,WNW (260–290°),1.1382,2026-05-13T05:00:00+00:00,1.54,287.6,0.71,11.36,234.1,2026-05-13T05:29:19+00:00,0.553,0.96,falling,1.17,2026-05-13 14:50,0.2,2026-05-13 08:55,0.5,63,2.3,offshore
2026-05-13T08:30:33.401078+00:00,2026-05-13T07:00:00+00:00,0.478,0.534,MEDIUM,NW  (290–330°),1.1175,2026-05-13T08:00:00+00:00,1.45,298.9,0.7,11.36,232.2,2026-05-13T07:45:31+00:00,0.572,0.26,falling,1.17,2026-05-13 14:50,0.2,2026-05-13 08:55,0.7,74,1.7,offshore
2026-05-13T11:23:35.457188+00:00,2026-05-13T10:00:00+00:00,0.498,0.567,LOW,WNW (260–290°),1.1382,2026-05-13T10:30:00+00:00,1.44,289.0,0.69,11.36,225.7,2026-05-13T10:45:31+00:00,0.591,0.58,rising,1.17,2026-05-13 14:50,0.29,2026-05-13 20:25,1.2,256,1.6,onshore
2026-05-13T14:01:30.613600+00:00,2026-05-13T12:00:00+00:00,0.383,0.428,MEDIUM,NW  (290–330°),1.1175,2026-05-13T13:30:00+00:00,1.25,291.8,0.62,11.36,227.1,2026-05-13T13:45:31+00:00,0.481,1.16,rising,1.17,2026-05-13 14:50,0.29,2026-05-13 20:25,0.4,76,0.6,offshore
2026-05-13T17:06:04.170339+00:00,2026-05-13T15:00:00+00:00,0.463,0.521,HIGH,S   (150–200°),1.126,2026-05-13T16:30:00+00:00,1.25,197.6,0.59,11.36,229.7,2026-05-13T16:45:31+00:00,0.566,0.94,falling,1.7,2026-05-14 02:51,0.29,2026-05-13 20:25,0.6,231,0.7,onshore
2026-05-13T19:28:02.453992+00:00,2026-05-13T18:00:00+00:00,0.433,0.518,HIGH,SW  (200–230°),1.1951,2026-05-13T18:30:00+00:00,1.45,228.6,0.56,11.36,225.1,2026-05-13T18:45:31+00:00,0.585,0.41,falling,1.7,2026-05-14 02:51,0.29,2026-05-13 20:25,3.2,225,3.6,onshore
2026-05-13T21:14:52.185857+00:00,2026-05-13T19:00:00+00:00,0.428,0.512,HIGH,SW  (200–230°),1.1951,2026-05-13T20:30:00+00:00,1.42,204.7,0.54,10.24,230.0,2026-05-13T20:45:31+00:00,0.577,0.36,rising,1.7,2026-05-14 02:51,-0.04,2026-05-14 09:39,3.2,246,3.7,onshore
2026-05-13T22:55:03.083013+00:00,2026-05-13T21:00:00+00:00,0.359,0.429,HIGH,SW  (200–230°),1.1951,2026-05-13T22:00:00+00:00,1.64,208.9,0.54,10.24,232.2,2026-05-13T22:45:31+00:00,0.574,0.71,rising,1.7,2026-05-14 02:51,-0.04,2026-05-14 09:39,3.3,241,4.4,onshore
2026-05-13T23:46:58.137681+00:00,2026-05-13T22:00:00+00:00,0.341,0.388,LOW,WNW (260–290°),1.1382,2026-05-13T23:00:00+00:00,1.65,279.2,0.55,10.24,228.1,2026-05-13T23:45:31+00:00,0.538,0.99,rising,1.7,2026-05-14 02:51,-0.04,2026-05-14 09:39,3.2,244,3.7,onshore
2026-05-14T01:57:04.504908+00:00,2026-05-14T00:00:00+00:00,0.409,0.457,MEDIUM,NW  (290–330°),1.1175,2026-05-14T01:00:00+00:00,1.91,290.4,0.84,4.44,259.1,2026-05-14T01:45:31+00:00,0.621,1.62,rising,1.7,2026-05-14 02:51,-0.04,2026-05-14 09:39,1.8,135,2.2,offshore
2026-05-14T05:42:21.450297+00:00,2026-05-14T04:00:00+00:00,0.721,0.82,LOW,WNW (260–290°),1.1382,2026-05-14T05:00:00+00:00,2.39,276.4,0.93,4.64,260.8,2026-05-14T04:45:31+00:00,0.918,1.19,falling,1.18,2026-05-14 15:47,-0.04,2026-05-14 09:39,3.4,113,6.0,offshore
2026-05-14T08:24:35.315901+00:00,2026-05-14T07:00:00+00:00,0.696,0.777,MEDIUM,NW  (290–330°),1.1175,2026-05-14T07:30:00+00:00,2.81,311.5,0.82,5.68,259.0,2026-05-14T07:45:31+00:00,0.953,0.21,falling,1.18,2026-05-14 15:47,-0.04,2026-05-14 09:39,2.3,108,6.2,offshore
2026-05-14T11:07:19.418495+00:00,2026-05-14T09:00:00+00:00,0.696,0.777,MEDIUM,NW  (290–330°),1.1175,2026-05-14T10:30:00+00:00,2.7,310.1,0.78,11.36,229.6,2026-05-14T10:45:31+00:00,0.933,0.22,rising,1.18,2026-05-14 15:47,0.38,2026-05-14 21:00,2.8,42,4.1,sideshore-N
2026-05-14T13:25:01.832389+00:00,2026-05-14T12:00:00+00:00,0.678,0.772,LOW,WNW (260–290°),1.1382,2026-05-14T12:30:00+00:00,2.61,275.0,0.83,11.36,222.1,2026-05-14T12:45:31+00:00,0.932,0.88,rising,1.18,2026-05-14 15:47,0.38,2026-05-14 21:00,2.8,41,4.4,sideshore-N
2026-05-14T16:03:02.620325+00:00,2026-05-14T14:00:00+00:00,0.61,0.695,LOW,WNW (260–290°),1.1382,2026-05-14T15:30:00+00:00,2.43,284.8,0.91,11.36,228.1,2026-05-14T15:39:01+00:00,0.848,1.2,rising,1.86,2026-05-15 03:23,0.38,2026-05-14 21:00,1.3,103,3.3,offshore
2026-05-14T18:27:35.044728+00:00,2026-05-14T17:00:00+00:00,0.638,0.726,LOW,WNW (260–290°),1.1382,2026-05-14T17:30:00+00:00,2.55,282.0,0.86,12.8,222.5,2026-05-14T17:39:01+00:00,0.89,0.81,falling,1.86,2026-05-15 03:23,0.38,2026-05-14 21:00,1.9,183,2.0,sideshore-S
2026-05-14T20:22:35.116922+00:00,2026-05-14T19:00:00+00:00,0.626,0.712,LOW,WNW (260–290°),1.1382,2026-05-14T19:30:00+00:00,2.47,270.8,0.82,11.36,222.3,2026-05-14T19:39:01+00:00,0.876,0.45,falling,1.86,2026-05-15 03:23,0.38,2026-05-14 21:00,1.1,195,1.5,sideshore-S
2026-05-14T21:59:01.173100+00:00,2026-05-14T20:00:00+00:00,0.595,0.678,LOW,WNW (260–290°),1.1382,2026-05-14T21:00:00+00:00,2.61,280.6,0.72,11.36,221.9,2026-05-14T21:39:01+00:00,0.875,0.47,rising,1.86,2026-05-15 03:23,-0.25,2026-05-15 10:24,2.3,209,2.3,sideshore-S
2026-05-14T22:54:57.312454+00:00,2026-05-14T21:00:00+00:00,0.624,0.71,LOW,WNW (260–290°),1.1382,2026-05-14T22:00:00+00:00,2.56,282.0,0.69,11.36,217.5,2026-05-14T22:39:01+00:00,0.882,0.68,rising,1.86,2026-05-15 03:23,-0.25,2026-05-15 10:24,2.1,211,2.2,sideshore-S
2026-05-14T23:44:38.752029+00:00,2026-05-14T22:00:00+00:00,0.625,0.711,LOW,WNW (260–290°),1.1382,2026-05-14T23:00:00+00:00,2.33,279.2,0.74,11.36,223.6,2026-05-14T23:39:01+00:00,0.842,0.92,rising,1.86,2026-05-15 03:23,-0.25,2026-05-15 10:24,2.8,251,3.2,onshore
2026-05-15T01:55:40.950414+00:00,2026-05-15T00:00:00+00:00,0.55,0.626,LOW,WNW (260–290°),1.1382,2026-05-15T01:00:00+00:00,2.52,282.0,0.76,10.24,228.2,2026-05-15T01:39:01+00:00,0.827,1.69,rising,1.86,2026-05-15 03:23,-0.25,2026-05-15 10:24,2.5,247,3.5,onshore
2026-05-15T05:45:32.934115+00:00,2026-05-15T04:00:00+00:00,0.859,0.978,LOW,WNW (260–290°),1.1382,2026-05-15T05:00:00+00:00,2.52,287.6,1.0,5.38,248.8,2026-05-15T04:26:31+00:00,1.019,1.44,falling,1.17,2026-05-15 16:42,-0.25,2026-05-15 10:24,3.9,105,6.4,offshore
2026-05-15T08:35:47.737355+00:00,2026-05-15T07:00:00+00:00,0.955,1.067,MEDIUM,NW  (290–330°),1.1175,2026-05-15T08:00:00+00:00,2.79,294.7,1.02,5.12,237.5,2026-05-15T08:14:48+00:00,1.123,0.22,falling,1.17,2026-05-15 16:42,-0.25,2026-05-15 10:24,2.5,83,4.9,offshore
2026-05-15T11:11:04.508993+00:00,2026-05-15T09:00:00+00:00,0.849,0.948,MEDIUM,NW  (290–330°),1.1175,2026-05-15T10:30:00+00:00,2.88,297.5,1.0,9.3,232.9,2026-05-15T10:14:48+00:00,1.069,-0.14,falling,1.17,2026-05-15 16:42,0.47,2026-05-15 21:37,1.8,109,3.9,offshore
2026-05-15T13:23:59.614556+00:00,2026-05-15T12:00:00+00:00,0.752,0.84,MEDIUM,NW  (290–330°),1.1175,2026-05-15T12:30:00+00:00,2.47,294.7,0.95,6.02,252.4,2026-05-15T13:14:48+00:00,0.935,0.46,rising,1.17,2026-05-15 16:42,0.47,2026-05-15 21:37,2.0,41,2.5,sideshore-N
2026-05-15T15:54:40.228662+00:00,2026-05-15T14:00:00+00:00,0.661,0.739,MEDIUM,NW  (290–330°),1.1175,2026-05-15T15:00:00+00:00,2.41,297.5,0.87,10.24,225.1,2026-05-15T15:14:48+00:00,0.865,1.14,rising,1.17,2026-05-15 16:42,0.47,2026-05-15 21:37,1.8,87,3.3,offshore
2026-05-15T17:19:45.913226+00:00,2026-05-15T16:00:00+00:00,0.632,0.706,MEDIUM,NW  (290–330°),1.1175,2026-05-15T16:30:00+00:00,2.7,298.9,0.87,9.3,236.2,2026-05-15T17:14:48+00:00,0.898,1.21,falling,1.99,2026-05-16 03:59,0.47,2026-05-15 21:37,1.4,126,2.1,offshore
2026-05-15T19:13:18.045400+00:00,2026-05-15T17:00:00+00:00,0.653,0.73,MEDIUM,NW  (290–330°),1.1175,2026-05-15T18:30:00+00:00,2.83,301.7,0.87,9.3,236.2,2026-05-15T17:14:48+00:00,0.932,0.87,falling,1.99,2026-05-16 03:59,0.47,2026-05-15 21:37,0.8,166,1.2,sideshore-S
2026-05-15T20:48:15.942704+00:00,2026-05-15T19:00:00+00:00,0.665,0.743,MEDIUM,NW  (290–330°),1.1175,2026-05-15T20:00:00+00:00,2.73,298.9,0.86,6.4,247.0,2026-05-15T20:42:31+00:00,0.924,0.58,falling,1.99,2026-05-16 03:59,0.47,2026-05-15 21:37,2.3,220,2.4,sideshore-S
2026-05-15T21:46:37.342636+00:00,2026-05-15T20:00:00+00:00,0.633,0.707,MEDIUM,NW  (290–330°),1.1175,2026-05-15T21:00:00+00:00,2.97,300.3,0.86,10.24,225.0,2026-05-15T21:42:31+00:00,0.946,0.54,falling,1.99,2026-05-16 03:59,-0.4,2026-05-16 11:11,2.3,230,2.4,onshore
2026-05-15T22:42:43.817312+00:00,2026-05-15T21:00:00+00:00,0.561,0.627,MEDIUM,NW  (290–330°),1.1175,2026-05-15T22:00:00+00:00,2.95,293.2,0.91,5.12,254.9,2026-05-15T22:42:31+00:00,0.902,0.62,rising,1.99,2026-05-16 03:59,-0.4,2026-05-16 11:11,3.1,243,3.4,onshore
2026-05-15T23:43:28.386968+00:00,2026-05-15T22:00:00+00:00,0.547,0.611,MEDIUM,NW  (290–330°),1.1175,2026-05-15T23:00:00+00:00,2.83,294.7,0.92,9.3,235.2,2026-05-15T23:42:31+00:00,0.87,0.85,rising,1.99,2026-05-16 03:59,-0.4,2026-05-16 11:11,2.8,253,3.2,onshore
2026-05-16T01:48:39.121252+00:00,2026-05-16T00:00:00+00:00,0.66,0.738,MEDIUM,NW  (290–330°),1.1175,2026-05-16T01:00:00+00:00,2.94,312.9,0.98,4.86,264.1,2026-05-16T01:42:31+00:00,0.947,1.61,rising,1.99,2026-05-16 03:59,-0.4,2026-05-16 11:11,0.9,180,1.2,sideshore-S
2026-05-16T05:17:50.163138+00:00,2026-05-16T03:00:00+00:00,0.915,1.023,MEDIUM,NW  (290–330°),1.1175,2026-05-16T04:30:00+00:00,2.87,301.7,1.06,9.3,232.9,2026-05-16T04:42:31+00:00,1.105,1.93,falling,1.15,2026-05-16 17:37,-0.4,2026-05-16 11:11,2.5,130,3.9,offshore
2026-05-16T07:46:06.313696+00:00,2026-05-16T06:00:00+00:00,0.945,1.056,MEDIUM,NW  (290–330°),1.1175,2026-05-16T07:00:00+00:00,3.5,318.6,1.12,7.3,243.2,2026-05-16T06:42:31+00:00,1.225,0.84,falling,1.15,2026-05-16 17:37,-0.4,2026-05-16 11:11,2.5,119,4.1,offshore
2026-05-16T09:19:01.787815+00:00,2026-05-16T07:00:00+00:00,0.901,1.007,MEDIUM,NW  (290–330°),1.1175,2026-05-16T08:30:00+00:00,3.69,314.3,,,,,1.233,0.12,falling,1.15,2026-05-16 17:37,-0.4,2026-05-16 11:11,1.2,121,1.9,offshore
2026-05-16T10:53:26.056279+00:00,2026-05-16T09:00:00+00:00,0.795,0.889,MEDIUM,NW  (290–330°),1.1175,2026-05-16T10:00:00+00:00,3.51,311.5,1.13,6.82,245.4,2026-05-16T10:20:25+00:00,1.136,-0.28,falling,1.15,2026-05-16 17:37,-0.4,2026-05-16 11:11,0.7,196,1.3,sideshore-S
2026-05-16T11:41:55.703943+00:00,2026-05-16T10:00:00+00:00,0.737,0.823,MEDIUM,NW  (290–330°),1.1175,2026-05-16T11:00:00+00:00,3.34,305.9,1.13,6.82,245.4,2026-05-16T10:20:25+00:00,1.073,-0.28,rising,1.15,2026-05-16 17:37,0.56,2026-05-16 22:15,0.7,236,1.3,onshore
2026-05-16T12:54:06.755571+00:00,2026-05-16T11:00:00+00:00,0.701,0.783,MEDIUM,NW  (290–330°),1.1175,2026-05-16T12:00:00+00:00,3.65,311.5,,,,,1.102,-0.14,rising,1.15,2026-05-16 17:37,0.56,2026-05-16 22:15,1.2,222,1.7,sideshore-S
2026-05-16T14:17:29.311634+00:00,2026-05-16T12:00:00+00:00,0.754,0.843,MEDIUM,NW  (290–330°),1.1175,2026-05-16T13:30:00+00:00,4.15,318.6,,,,,1.221,0.35,rising,1.15,2026-05-16 17:37,0.56,2026-05-16 22:15,1.6,198,2.0,sideshore-S
2026-05-16T15:45:53.728298+00:00,2026-05-16T14:00:00+00:00,0.722,0.807,MEDIUM,NW  (290–330°),1.1175,2026-05-16T15:00:00+00:00,4.33,315.8,,,,,1.235,0.96,rising,1.15,2026-05-16 17:37,0.56,2026-05-16 22:15,1.6,235,1.9,onshore
2026-05-16T16:42:48.576639+00:00,2026-05-16T15:00:00+00:00,0.733,0.819,MEDIUM,NW  (290–330°),1.1175,2026-05-16T16:00:00+00:00,4.15,320.0,0.9,5.68,248.6,2026-05-16T16:21:57+00:00,1.206,1.09,rising,1.15,2026-05-16 17:37,0.56,2026-05-16 22:15,2.8,159,3.2,sideshore-S
2026-05-16T17:44:46.226231+00:00,2026-05-16T16:00:00+00:00,0.81,0.906,MEDIUM,NW  (290–330°),1.1175,2026-05-16T17:00:00+00:00,4.22,311.5,0.93,5.68,244.4,2026-05-16T17:21:57+00:00,1.266,1.2,rising,2.07,2026-05-17 04:38,0.56,2026-05-16 22:15,2.8,157,3.4,sideshore-S
2026-05-16T18:45:25.866670+00:00,2026-05-16T17:00:00+00:00,0.85,0.95,MEDIUM,NW  (290–330°),1.1175,2026-05-16T18:00:00+00:00,4.62,314.3,0.98,4.86,243.3,2026-05-16T18:21:57+00:00,1.349,1.18,falling,2.07,2026-05-17 04:38,0.56,2026-05-16 22:15,2.6,182,2.8,sideshore-S
2026-05-16T19:54:42.608568+00:00,2026-05-16T18:00:00+00:00,0.888,0.992,MEDIUM,NW  (290–330°),1.1175,2026-05-16T19:00:00+00:00,4.5,314.3,1.03,5.12,247.4,2026-05-16T19:21:57+00:00,1.34,0.99,falling,2.07,2026-05-17 04:38,0.56,2026-05-16 22:15,3.3,166,3.4,sideshore-S
2026-05-16T20:36:41.256778+00:00,2026-05-16T19:00:00+00:00,0.955,1.067,MEDIUM,NW  (290–330°),1.1175,2026-05-16T20:00:00+00:00,4.71,317.2,1.14,5.38,238.3,2026-05-16T20:21:57+00:00,1.406,0.86,falling,2.07,2026-05-17 04:38,0.56,2026-05-16 22:15,3.4,163,3.3,sideshore-S
2026-05-16T21:38:15.968629+00:00,2026-05-16T20:00:00+00:00,0.938,1.049,MEDIUM,NW  (290–330°),1.1175,2026-05-16T21:00:00+00:00,4.59,310.1,1.13,6.02,242.6,2026-05-16T21:21:57+00:00,1.376,0.7,falling,2.07,2026-05-17 04:38,0.56,2026-05-16 22:15,3.5,163,3.8,sideshore-S
2026-05-16T22:34:35.035329+00:00,2026-05-16T21:00:00+00:00,0.966,1.08,MEDIUM,NW  (290–330°),1.1175,2026-05-16T21:30:00+00:00,4.69,310.1,1.25,5.68,251.7,2026-05-16T22:21:57+00:00,1.403,0.65,falling,2.07,2026-05-17 04:38,-0.49,2026-05-17 12:00,3.4,170,3.5,sideshore-S
2026-05-16T23:39:55.062918+00:00,2026-05-16T22:00:00+00:00,0.956,1.068,MEDIUM,NW  (290–330°),1.1175,2026-05-16T23:00:00+00:00,4.66,315.8,1.25,5.38,259.2,2026-05-16T23:21:57+00:00,1.38,0.83,rising,2.07,2026-05-17 04:38,-0.49,2026-05-17 12:00,2.5,189,2.6,sideshore-S
2026-05-17T01:52:33.626854+00:00,2026-05-17T00:00:00+00:00,1.094,1.223,MEDIUM,NW  (290–330°),1.1175,2026-05-17T01:00:00+00:00,4.95,321.4,1.43,5.12,249.2,2026-05-17T01:21:57+00:00,1.506,1.47,rising,2.07,2026-05-17 04:38,-0.49,2026-05-17 12:00,1.3,266,3.9,onshore
2026-05-17T05:39:03.757911+00:00,2026-05-17T04:00:00+00:00,1.06,1.185,MEDIUM,NW  (290–330°),1.1175,2026-05-17T05:00:00+00:00,5.03,310.1,1.3,5.38,261.9,2026-05-17T05:21:57+00:00,1.508,2.06,falling,1.12,2026-05-17 18:34,-0.49,2026-05-17 12:00,1.5,188,1.5,sideshore-S
2026-05-17T08:06:45.282721+00:00,2026-05-17T06:00:00+00:00,1.079,1.205,MEDIUM,NW  (290–330°),1.1175,2026-05-17T07:30:00+00:00,5.38,315.8,1.21,5.12,265.5,2026-05-17T07:21:57+00:00,1.56,1.08,falling,1.12,2026-05-17 18:34,-0.49,2026-05-17 12:00,3.2,118,5.0,offshore
2026-05-17T10:16:19.441977+00:00,2026-05-17T08:00:00+00:00,1.077,1.204,MEDIUM,NW  (290–330°),1.1175,2026-05-17T09:30:00+00:00,5.41,311.5,1.2,5.12,240.8,2026-05-17T09:21:57+00:00,1.556,-0.01,falling,1.12,2026-05-17 18:34,-0.49,2026-05-17 12:00,4.4,120,5.8,offshore
2026-05-17T11:52:32.012796+00:00,2026-05-17T10:00:00+00:00,1.056,1.18,MEDIUM,NW  (290–330°),1.1175,2026-05-17T11:00:00+00:00,5.58,307.3,1.19,5.68,247.8,2026-05-17T11:21:57+00:00,1.56,-0.32,falling,1.12,2026-05-17 18:34,-0.49,2026-05-17 12:00,1.1,135,2.5,offshore
2026-05-17T12:51:49.212498+00:00,2026-05-17T11:00:00+00:00,1.046,1.168,MEDIUM,NW  (290–330°),1.1175,2026-05-17T12:00:00+00:00,4.94,311.5,1.17,5.12,246.4,2026-05-17T12:21:57+00:00,1.442,-0.31,rising,1.12,2026-05-17 18:34,0.64,2026-05-17 22:57,0.1,225,0.8,onshore
2026-05-17T14:20:04.595830+00:00,2026-05-17T13:00:00+00:00,0.934,1.043,MEDIUM,NW  (290–330°),1.1175,2026-05-17T13:30:00+00:00,5.32,315.8,1.19,6.02,241.8,2026-05-17T13:21:57+00:00,1.404,0.05,rising,1.12,2026-05-17 18:34,0.64,2026-05-17 22:57,0.5,117,1.9,offshore
2026-05-17T15:48:17.883168+00:00,2026-05-17T14:00:00+00:00,0.894,0.999,MEDIUM,NW  (290–330°),1.1175,2026-05-17T15:00:00+00:00,4.95,305.9,1.12,6.02,238.8,2026-05-17T15:21:57+00:00,1.335,0.58,rising,1.12,2026-05-17 18:34,0.64,2026-05-17 22:57,2.2,240,2.3,onshore
2026-05-17T16:43:23.950607+00:00,2026-05-17T15:00:00+00:00,0.87,0.973,MEDIUM,NW  (290–330°),1.1175,2026-05-17T16:00:00+00:00,4.65,310.1,1.12,6.02,238.8,2026-05-17T15:21:57+00:00,1.267,0.92,rising,1.12,2026-05-17 18:34,0.64,2026-05-17 22:57,3.0,200,3.2,sideshore-S
2026-05-17T17:45:44.506008+00:00,2026-05-17T16:00:00+00:00,0.856,0.956,MEDIUM,NW  (290–330°),1.1175,2026-05-17T17:00:00+00:00,4.79,308.7,1.1,6.02,238.2,2026-05-17T17:31:01+00:00,1.274,1.17,rising,1.12,2026-05-17 18:34,0.64,2026-05-17 22:57,2.6,193,3.0,sideshore-S
2026-05-17T18:50:53.236475+00:00,2026-05-17T17:00:00+00:00,0.813,0.909,MEDIUM,NW  (290–330°),1.1175,2026-05-17T18:00:00+00:00,4.77,317.2,1.14,5.38,242.3,2026-05-17T18:31:01+00:00,1.222,1.21,rising,2.08,2026-05-18 05:20,0.64,2026-05-17 22:57,2.8,174,3.3,sideshore-S
2026-05-17T19:59:03.035759+00:00,2026-05-17T18:00:00+00:00,0.853,0.953,MEDIUM,NW  (290–330°),1.1175,2026-05-17T19:00:00+00:00,4.86,311.5,1.16,5.12,237.1,2026-05-17T19:31:01+00:00,1.27,1.14,falling,2.08,2026-05-18 05:20,0.64,2026-05-17 22:57,3.0,178,3.4,sideshore-S
2026-05-17T20:48:35.738175+00:00,2026-05-17T19:00:00+00:00,0.829,0.926,MEDIUM,NW  (290–330°),1.1175,2026-05-17T20:00:00+00:00,4.9,311.5,1.16,6.02,238.0,2026-05-17T20:31:01+00:00,1.255,1.05,falling,2.08,2026-05-18 05:20,0.64,2026-05-17 22:57,3.3,173,3.6,sideshore-S
2026-05-17T21:43:23.064178+00:00,2026-05-17T20:00:00+00:00,0.834,0.932,MEDIUM,NW  (290–330°),1.1175,2026-05-17T21:00:00+00:00,5.12,314.3,1.23,5.38,244.8,2026-05-17T21:31:01+00:00,1.28,0.83,falling,2.08,2026-05-18 05:20,0.64,2026-05-17 22:57,3.2,171,3.6,sideshore-S
2026-05-17T22:42:06.064405+00:00,2026-05-17T21:00:00+00:00,0.857,0.957,MEDIUM,NW  (290–330°),1.1175,2026-05-17T22:00:00+00:00,4.67,315.8,1.35,5.68,251.5,2026-05-17T22:31:01+00:00,1.234,0.87,falling,2.08,2026-05-18 05:20,0.64,2026-05-17 22:57,3.4,161,3.8,sideshore-S
2026-05-17T23:45:45.767197+00:00,2026-05-17T22:00:00+00:00,0.906,1.013,MEDIUM,NW  (290–330°),1.1175,2026-05-17T23:00:00+00:00,4.87,311.5,1.43,5.68,246.0,2026-05-17T23:31:01+00:00,1.305,0.83,falling,2.08,2026-05-18 05:20,-0.51,2026-05-18 12:52,3.3,168,3.8,sideshore-S
2026-05-18T02:01:47.390499+00:00,2026-05-18T00:00:00+00:00,1.043,1.165,MEDIUM,NW  (290–330°),1.1175,2026-05-18T01:30:00+00:00,4.66,310.1,1.47,5.68,244.1,2026-05-18T01:31:01+00:00,1.378,1.39,rising,2.08,2026-05-18 05:20,-0.51,2026-05-18 12:52,2.6,141,3.1,sideshore-S
2026-05-18T06:42:19.826961+00:00,2026-05-18T05:00:00+00:00,1.08,1.207,MEDIUM,NW  (290–330°),1.1175,2026-05-18T06:00:00+00:00,4.24,312.9,1.28,5.38,228.2,2026-05-18T06:05:01+00:00,1.347,2.06,falling,1.09,2026-05-18 19:36,-0.51,2026-05-18 12:52,1.8,61,2.8,offshore
2026-05-18T10:54:23.696928+00:00,2026-05-18T09:00:00+00:00,1.032,1.153,MEDIUM,NW  (290–330°),1.1175,2026-05-18T10:00:00+00:00,4.36,305.9,1.28,6.02,241.8,2026-05-18T10:26:31+00:00,1.34,0.06,falling,1.09,2026-05-18 19:36,-0.51,2026-05-18 12:52,2.3,38,3.1,sideshore-N
2026-05-18T14:23:51.915437+00:00,2026-05-18T13:00:00+00:00,0.83,0.927,MEDIUM,NW  (290–330°),1.1175,2026-05-18T13:30:00+00:00,3.83,317.2,1.25,6.82,240.9,2026-05-18T13:26:31+00:00,1.11,-0.28,rising,1.09,2026-05-18 19:36,0.71,2026-05-18 23:43,1.1,275,1.5,onshore
2026-05-18T17:24:04.303208+00:00,2026-05-18T16:00:00+00:00,0.758,0.847,MEDIUM,NW  (290–330°),1.1175,2026-05-18T16:30:00+00:00,3.62,308.7,1.1,11.36,223.4,2026-05-18T16:26:31+00:00,1.049,0.77,rising,1.09,2026-05-18 19:36,0.71,2026-05-18 23:43,2.5,236,2.6,onshore
2026-05-18T19:21:17.860835+00:00,2026-05-18T18:00:00+00:00,0.661,0.738,MEDIUM,NW  (290–330°),1.1175,2026-05-18T18:30:00+00:00,3.41,314.3,1.0,11.36,221.2,2026-05-18T18:26:31+00:00,0.944,1.13,rising,1.09,2026-05-18 19:36,0.71,2026-05-18 23:43,4.2,271,5.2,onshore
2026-05-18T21:00:14.203738+00:00,2026-05-18T19:00:00+00:00,0.722,0.806,MEDIUM,NW  (290–330°),1.1175,2026-05-18T20:00:00+00:00,3.07,305.9,0.93,11.36,217.7,2026-05-18T20:26:31+00:00,0.958,1.12,falling,2.02,2026-05-19 06:08,0.71,2026-05-18 23:43,6.1,271,8.2,onshore
2026-05-18T22:03:58.663312+00:00,2026-05-18T20:00:00+00:00,0.72,0.805,MEDIUM,NW  (290–330°),1.1175,2026-05-18T21:30:00+00:00,2.81,310.1,0.83,11.36,219.0,2026-05-18T21:26:31+00:00,0.916,,,,,,,5.2,270,7.5,onshore
2026-05-18T23:54:04.463622+00:00,2026-05-18T22:00:00+00:00,0.801,0.895,MEDIUM,NW  (290–330°),1.1175,2026-05-18T23:00:00+00:00,2.69,310.1,0.87,6.4,251.2,2026-05-18T23:26:31+00:00,0.957,0.85,falling,2.02,2026-05-19 06:08,-0.47,2026-05-19 13:47,6.2,276,10.1,onshore
2026-05-19T02:02:04.075674+00:00,2026-05-19T00:00:00+00:00,0.778,0.87,MEDIUM,NW  (290–330°),1.1175,2026-05-19T01:30:00+00:00,2.31,298.9,1.05,4.86,260.5,2026-05-19T01:26:31+00:00,0.91,1.1,rising,2.02,2026-05-19 06:08,-0.47,2026-05-19 13:47,3.8,317,9.7,sideshore-N
2026-05-19T06:37:57.556278+00:00,2026-05-19T05:00:00+00:00,0.666,0.744,MEDIUM,NW  (290–330°),1.1175,2026-05-19T06:00:00+00:00,2.0,303.1,0.95,11.36,225.0,2026-05-19T06:26:31+00:00,0.785,2.1,falling,1.07,2026-05-19 20:41,-0.47,2026-05-19 13:47,2.2,153,2.2,sideshore-S
2026-05-19T10:29:42.242594+00:00,2026-05-19T09:00:00+00:00,0.654,0.731,MEDIUM,NW  (290–330°),1.1175,2026-05-19T09:30:00+00:00,1.95,298.9,0.83,10.24,225.5,2026-05-19T09:26:31+00:00,0.778,0.75,falling,1.07,2026-05-19 20:41,-0.47,2026-05-19 13:47,1.9,55,3.9,offshore
2026-05-19T13:48:06.180272+00:00,2026-05-19T12:00:00+00:00,0.634,0.708,MEDIUM,NW  (290–330°),1.1175,2026-05-19T13:00:00+00:00,1.86,298.9,0.82,11.36,227.7,2026-05-19T13:34:01+00:00,0.752,-0.37,falling,1.07,2026-05-19 20:41,0.78,2026-05-20 00:39,2.1,49,2.4,offshore
2026-05-19T16:43:03.242570+00:00,2026-05-19T15:00:00+00:00,0.599,0.669,MEDIUM,NW  (290–330°),1.1175,2026-05-19T16:00:00+00:00,1.75,297.5,0.75,10.24,228.3,2026-05-19T16:30:31+00:00,0.716,0.24,rising,1.07,2026-05-19 20:41,0.78,2026-05-20 00:39,1.6,195,1.9,sideshore-S
2026-05-19T18:31:19.240467+00:00,2026-05-19T17:00:00+00:00,0.555,0.621,MEDIUM,NW  (290–330°),1.1175,2026-05-19T18:00:00+00:00,1.8,290.4,0.66,10.24,225.3,2026-05-19T18:30:31+00:00,0.702,0.86,rising,1.07,2026-05-19 20:41,0.78,2026-05-20 00:39,1.3,231,1.5,onshore
2026-05-19T20:22:48.185189+00:00,2026-05-19T19:00:00+00:00,0.599,0.669,MEDIUM,NW  (290–330°),1.1175,2026-05-19T19:30:00+00:00,2.06,308.7,0.65,6.02,250.6,2026-05-19T19:30:31+00:00,0.737,1.18,rising,1.07,2026-05-19 20:41,0.78,2026-05-20 00:39,3.7,241,4.1,onshore
2026-05-19T22:04:19.855525+00:00,2026-05-19T20:00:00+00:00,0.542,0.606,MEDIUM,NW  (290–330°),1.1175,2026-05-19T21:30:00+00:00,2.21,290.4,0.68,7.3,248.8,2026-05-19T21:30:31+00:00,0.745,1.14,falling,1.9,2026-05-20 07:01,0.78,2026-05-20 00:39,4.0,256,4.8,onshore
2026-05-19T23:52:45.014384+00:00,2026-05-19T22:00:00+00:00,0.458,0.512,MEDIUM,NW  (290–330°),1.1175,2026-05-19T23:00:00+00:00,2.02,298.9,0.77,9.3,232.3,2026-05-19T23:30:31+00:00,0.649,0.96,falling,1.9,2026-05-20 07:01,0.78,2026-05-20 00:39,2.9,252,4.4,onshore
2026-05-20T02:01:05.905728+00:00,2026-05-20T00:00:00+00:00,0.488,0.546,MEDIUM,NW  (290–330°),1.1175,2026-05-20T01:00:00+00:00,1.98,312.9,0.79,10.24,226.4,2026-05-20T01:30:31+00:00,0.642,0.98,rising,1.9,2026-05-20 07:01,-0.38,2026-05-20 14:45,3.3,272,7.3,onshore
2026-05-20T06:37:54.856128+00:00,2026-05-20T05:00:00+00:00,0.565,0.632,MEDIUM,NW  (290–330°),1.1175,2026-05-20T06:00:00+00:00,1.82,301.7,0.79,9.3,230.6,2026-05-20T05:50:55+00:00,0.695,2.0,rising,1.9,2026-05-20 07:01,-0.38,2026-05-20 14:45,3.2,270,4.2,onshore
2026-05-20T10:16:22.747616+00:00,2026-05-20T08:00:00+00:00,0.499,0.558,MEDIUM,NW  (290–330°),1.1175,2026-05-20T09:30:00+00:00,1.99,291.8,0.8,6.02,259.7,2026-05-20T09:23:01+00:00,0.685,1.31,falling,1.09,2026-05-20 21:49,-0.38,2026-05-20 14:45,1.6,230,1.5,onshore
2026-05-20T13:28:37.641405+00:00,2026-05-20T12:00:00+00:00,0.539,0.602,MEDIUM,NW  (290–330°),1.1175,2026-05-20T12:30:00+00:00,1.97,294.7,0.81,4.44,248.1,2026-05-20T12:53:31+00:00,0.707,-0.02,falling,1.09,2026-05-20 21:49,-0.38,2026-05-20 14:45,0.3,225,0.8,onshore
2026-05-20T16:43:08.096183+00:00,2026-05-20T15:00:00+00:00,0.609,0.68,MEDIUM,NW  (290–330°),1.1175,2026-05-20T16:00:00+00:00,2.06,290.4,0.69,4.86,254.4,2026-05-20T15:53:31+00:00,0.774,-0.01,rising,1.09,2026-05-20 21:49,0.84,2026-05-21 01:48,1.8,158,2.1,sideshore-S
2026-05-20T19:11:28.507285+00:00,2026-05-20T17:00:00+00:00,0.572,0.651,LOW,WNW (260–290°),1.1382,2026-05-20T18:30:00+00:00,2.05,286.2,0.73,14.62,197.0,2026-05-20T18:53:31+00:00,0.752,0.74,rising,1.09,2026-05-20 21:49,0.84,2026-05-21 01:48,2.1,188,2.2,sideshore-S
2026-05-20T21:28:50.586071+00:00,2026-05-20T20:00:00+00:00,0.545,0.62,LOW,WNW (260–290°),1.1382,2026-05-20T20:30:00+00:00,2.09,269.3,0.69,5.12,255.4,2026-05-20T20:53:31+00:00,0.755,1.17,rising,1.09,2026-05-20 21:49,0.84,2026-05-21 01:48,2.4,213,2.4,sideshore-S
2026-05-20T23:03:19.618998+00:00,2026-05-20T21:00:00+00:00,0.563,0.629,MEDIUM,NW  (290–330°),1.1175,2026-05-20T22:30:00+00:00,2.1,290.4,0.7,5.68,251.2,2026-05-20T22:53:31+00:00,0.746,1.21,falling,1.73,2026-05-21 08:01,0.84,2026-05-21 01:48,2.0,191,2.3,sideshore-S
2026-05-21T02:00:43.425108+00:00,2026-05-21T00:00:00+00:00,0.638,0.726,LOW,WNW (260–290°),1.1382,2026-05-21T01:30:00+00:00,2.04,287.6,1.05,5.38,253.6,2026-05-21T01:53:31+00:00,0.795,0.98,falling,1.73,2026-05-21 08:01,-0.26,2026-05-21 15:45,1.3,219,1.6,sideshore-S
2026-05-21T06:40:05.060599+00:00,2026-05-21T05:00:00+00:00,0.91,1.017,MEDIUM,NW  (290–330°),1.1175,2026-05-21T06:00:00+00:00,2.22,297.5,1.04,6.02,245.8,2026-05-21T05:53:31+00:00,0.995,1.66,rising,1.73,2026-05-21 08:01,-0.26,2026-05-21 15:45,1.6,218,2.0,sideshore-S
2026-05-21T10:28:42.503307+00:00,2026-05-21T09:00:00+00:00,0.992,1.109,MEDIUM,NW  (290–330°),1.1175,2026-05-21T09:30:00+00:00,2.17,298.9,1.22,5.68,236.3,2026-05-21T09:53:31+00:00,1.045,1.49,falling,1.15,2026-05-21 22:58,-0.26,2026-05-21 15:45,2.0,137,2.4,sideshore-S
2026-05-21T13:52:24.658651+00:00,2026-05-21T12:00:00+00:00,0.863,0.964,MEDIUM,NW  (290–330°),1.1175,2026-05-21T13:00:00+00:00,1.92,290.4,1.1,6.02,232.9,2026-05-21T12:53:31+00:00,0.936,0.22,falling,1.15,2026-05-21 22:58,-0.26,2026-05-21 15:45,2.4,85,3.4,offshore
2026-05-21T16:32:38.361256+00:00,2026-05-21T15:00:00+00:00,0.682,0.762,MEDIUM,NW  (290–330°),1.1175,2026-05-21T15:30:00+00:00,1.84,305.9,1.08,5.38,229.7,2026-05-21T15:36:49+00:00,0.775,-0.12,falling,1.15,2026-05-21 22:58,0.85,2026-05-22 03:16,1.3,184,2.3,sideshore-S
2026-05-21T18:50:37.447125+00:00,2026-05-21T17:00:00+00:00,0.581,0.649,MEDIUM,NW  (290–330°),1.1175,2026-05-21T18:00:00+00:00,1.75,298.9,0.87,6.82,247.3,2026-05-21T18:36:49+00:00,0.705,0.38,rising,1.15,2026-05-21 22:58,0.85,2026-05-22 03:16,2.1,205,2.1,sideshore-S
2026-05-21T20:28:56.226995+00:00,2026-05-21T19:00:00+00:00,0.505,0.575,LOW,WNW (260–290°),1.1382,2026-05-21T19:30:00+00:00,1.87,280.6,0.93,11.36,226.3,2026-05-21T19:36:49+00:00,0.69,0.85,rising,1.15,2026-05-21 22:58,0.85,2026-05-22 03:16,2.4,222,2.5,sideshore-S
2026-05-21T22:09:25.090600+00:00,2026-05-21T20:00:00+00:00,0.517,0.618,HIGH,SW  (200–230°),1.1951,2026-05-21T21:30:00+00:00,1.79,222.9,0.92,10.24,234.2,2026-05-21T22:03:01+00:00,0.697,1.22,rising,1.15,2026-05-21 22:58,0.85,2026-05-22 03:16,2.0,207,2.0,sideshore-S
2026-05-21T23:48:35.120524+00:00,2026-05-21T22:00:00+00:00,0.472,0.527,MEDIUM,NW  (290–330°),1.1175,2026-05-21T23:00:00+00:00,1.86,291.8,0.9,8.52,239.4,2026-05-21T23:39:31+00:00,0.652,1.24,falling,1.53,2026-05-22 09:10,0.85,2026-05-22 03:16,2.6,227,2.7,onshore
2026-05-22T02:01:59.477861+00:00,2026-05-22T00:00:00+00:00,0.49,0.547,MEDIUM,NW  (290–330°),1.1175,2026-05-22T01:30:00+00:00,2.22,305.9,0.89,4.86,256.1,2026-05-22T01:39:31+00:00,0.689,1.07,falling,1.53,2026-05-22 09:10,0.85,2026-05-22 03:16,2.0,246,2.5,onshore
2026-05-22T06:37:41.466085+00:00,2026-05-22T05:00:00+00:00,0.71,0.794,MEDIUM,NW  (290–330°),1.1175,2026-05-22T06:00:00+00:00,2.04,301.7,1.04,5.38,228.8,2026-05-22T06:31:31+00:00,0.83,1.33,rising,1.53,2026-05-22 09:10,-0.13,2026-05-22 16:46,2.3,130,3.3,offshore
2026-05-22T10:14:20.273914+00:00,2026-05-22T08:00:00+00:00,0.699,0.795,LOW,WNW (260–290°),1.1382,2026-05-22T09:30:00+00:00,1.87,287.6,1.04,5.38,222.8,2026-05-22T09:43:55+00:00,0.822,1.56,falling,1.24,2026-05-22 23:57,-0.13,2026-05-22 16:46,3.1,107,5.7,offshore
2026-05-22T13:20:09.341706+00:00,2026-05-22T11:00:00+00:00,0.669,0.747,MEDIUM,NW  (290–330°),1.1175,2026-05-22T12:30:00+00:00,1.79,311.5,0.98,5.12,204.9,2026-05-22T12:43:55+00:00,0.754,0.79,falling,1.24,2026-05-22 23:57,-0.13,2026-05-22 16:46,2.3,77,3.8,offshore
2026-05-22T16:13:01.152916+00:00,2026-05-22T14:00:00+00:00,0.531,0.594,MEDIUM,NW  (290–330°),1.1175,2026-05-22T15:30:00+00:00,1.85,301.7,0.77,7.3,233.8,2026-05-22T15:43:55+00:00,0.681,0.07,falling,1.24,2026-05-22 23:57,-0.13,2026-05-22 16:46,1.1,38,2.2,sideshore-N
2026-05-22T18:27:25.437938+00:00,2026-05-22T17:00:00+00:00,0.439,0.49,MEDIUM,NW  (290–330°),1.1175,2026-05-22T17:30:00+00:00,1.83,312.9,0.64,5.38,235.0,2026-05-22T17:43:55+00:00,0.592,0.17,rising,1.24,2026-05-22 23:57,0.79,2026-05-23 05:06,0.3,18,1.5,sideshore-N
2026-05-22T20:26:56.441605+00:00,2026-05-22T19:00:00+00:00,0.402,0.45,MEDIUM,NW  (290–330°),1.1175,2026-05-22T19:30:00+00:00,1.65,315.8,0.55,5.68,244.1,2026-05-22T19:43:55+00:00,0.539,0.71,rising,1.24,2026-05-22 23:57,0.79,2026-05-23 05:06,1.4,197,1.4,sideshore-S
2026-05-22T21:55:19.641842+00:00,2026-05-22T20:00:00+00:00,0.389,0.435,MEDIUM,NW  (290–330°),1.1175,2026-05-22T21:00:00+00:00,1.65,305.9,0.57,5.38,248.8,2026-05-22T21:43:55+00:00,0.547,1.11,rising,1.24,2026-05-22 23:57,0.79,2026-05-23 05:06,2.5,222,2.8,sideshore-S
2026-05-22T22:48:54.489184+00:00,2026-05-22T21:00:00+00:00,0.377,0.422,MEDIUM,NW  (290–330°),1.1175,2026-05-22T22:00:00+00:00,1.64,297.5,0.6,5.38,258.9,2026-05-22T22:43:55+00:00,0.551,1.26,rising,1.24,2026-05-22 23:57,0.79,2026-05-23 05:06,2.9,241,3.2,onshore
2026-05-22T23:55:33.882143+00:00,2026-05-22T22:00:00+00:00,0.372,0.416,MEDIUM,NW  (290–330°),1.1175,2026-05-22T23:00:00+00:00,1.53,303.1,0.61,6.4,255.4,2026-05-22T23:43:55+00:00,0.525,1.36,rising,1.24,2026-05-22 23:57,0.79,2026-05-23 05:06,2.5,244,2.8,onshore
2026-05-23T01:52:41.319702+00:00,2026-05-23T00:00:00+00:00,0.357,0.398,MEDIUM,NW  (290–330°),1.1175,2026-05-23T01:00:00+00:00,1.5,311.5,0.63,6.4,255.4,2026-05-23T01:43:55+00:00,0.495,1.23,falling,1.34,2026-05-23 10:31,0.79,2026-05-23 05:06,3.8,268,5.3,onshore
2026-05-23T05:31:05.894380+00:00,2026-05-23T04:00:00+00:00,0.392,0.438,MEDIUM,NW  (290–330°),1.1175,2026-05-23T05:00:00+00:00,1.43,305.9,0.72,5.38,258.0,2026-05-23T04:43:55+00:00,0.522,0.92,falling,1.34,2026-05-23 10:31,-0.01,2026-05-23 17:45,1.1,135,1.7,offshore
2026-05-23T08:03:11.598112+00:00,2026-05-23T06:00:00+00:00,0.364,0.406,MEDIUM,NW  (290–330°),1.1175,2026-05-23T07:30:00+00:00,1.42,305.9,0.69,10.24,228.9,2026-05-23T07:43:55+00:00,0.502,1.16,rising,1.34,2026-05-23 10:31,-0.01,2026-05-23 17:45,2.3,38,3.4,sideshore-N
2026-05-23T10:19:44.130255+00:00,2026-05-23T08:00:00+00:00,0.332,0.371,MEDIUM,NW  (290–330°),1.1175,2026-05-23T09:30:00+00:00,1.4,297.5,0.7,10.24,233.2,2026-05-23T09:44:04+00:00,0.491,1.46,rising,1.34,2026-05-23 10:31,-0.01,2026-05-23 17:45,1.1,95,2.2,offshore
2026-05-23T11:52:40.120107+00:00,2026-05-23T10:00:00+00:00,0.341,0.381,MEDIUM,NW  (290–330°),1.1175,2026-05-23T11:00:00+00:00,1.38,294.7,0.6,14.62,214.7,2026-05-23T11:43:55+00:00,0.5,1.38,falling,1.35,2026-05-24 00:45,-0.01,2026-05-23 17:45,0.5,158,0.7,sideshore-S
2026-05-23T12:55:08.812083+00:00,2026-05-23T11:00:00+00:00,0.351,0.392,MEDIUM,NW  (290–330°),1.1175,2026-05-23T12:00:00+00:00,1.43,305.9,0.53,14.62,206.1,2026-05-23T12:43:55+00:00,0.495,1.2,falling,1.35,2026-05-24 00:45,-0.01,2026-05-23 17:45,0.9,96,1.6,offshore
2026-05-23T14:24:41.262920+00:00,2026-05-23T13:00:00+00:00,0.287,0.321,MEDIUM,NW  (290–330°),1.1175,2026-05-23T13:30:00+00:00,1.31,311.5,0.54,7.3,235.9,2026-05-23T13:43:55+00:00,0.425,0.81,falling,1.35,2026-05-24 00:45,-0.01,2026-05-23 17:45,0.5,191,1.0,sideshore-S
2026-05-23T15:53:17.040093+00:00,2026-05-23T14:00:00+00:00,0.272,0.303,MEDIUM,NW  (290–330°),1.1175,2026-05-23T15:00:00+00:00,1.33,312.9,0.5,10.24,215.9,2026-05-23T15:43:55+00:00,0.414,0.39,falling,1.35,2026-05-24 00:45,-0.01,2026-05-23 17:45,1.1,10,1.3,sideshore-N
2026-05-23T16:45:48.713607+00:00,2026-05-23T15:00:00+00:00,0.286,0.32,MEDIUM,NW  (290–330°),1.1175,2026-05-23T16:00:00+00:00,1.33,301.7,0.45,6.4,243.1,2026-05-23T16:43:55+00:00,0.445,0.26,falling,1.35,2026-05-24 00:45,-0.01,2026-05-23 17:45,0.9,41,0.9,sideshore-N
2026-05-23T17:52:12.534235+00:00,2026-05-23T16:00:00+00:00,0.306,0.342,MEDIUM,NW  (290–330°),1.1175,2026-05-23T17:00:00+00:00,1.31,307.3,0.43,6.02,246.0,2026-05-23T17:43:55+00:00,0.447,0.14,falling,1.35,2026-05-24 00:45,0.63,2026-05-24 06:39,0.6,39,0.8,sideshore-N
2026-05-23T18:52:25.423833+00:00,2026-05-23T17:00:00+00:00,0.314,0.351,MEDIUM,NW  (290–330°),1.1175,2026-05-23T18:00:00+00:00,1.27,305.9,0.47,14.62,198.3,2026-05-23T18:43:55+00:00,0.45,0.16,rising,1.35,2026-05-24 00:45,0.63,2026-05-24 06:39,0.5,217,0.6,sideshore-S
2026-05-23T20:00:06.128810+00:00,2026-05-23T18:00:00+00:00,0.326,0.365,MEDIUM,NW  (290–330°),1.1175,2026-05-23T19:00:00+00:00,1.22,310.1,0.43,14.62,202.3,2026-05-23T19:43:55+00:00,0.445,0.42,rising,1.35,2026-05-24 00:45,0.63,2026-05-24 06:39,,,,
2026-05-23T20:53:47.953862+00:00,2026-05-23T19:00:00+00:00,0.322,0.384,HIGH,SW  (200–230°),1.1951,2026-05-23T20:00:00+00:00,1.25,204.7,0.45,6.82,240.3,2026-05-23T20:43:55+00:00,0.47,0.59,rising,1.35,2026-05-24 00:45,0.63,2026-05-24 06:39,0.9,257,1.1,onshore
2026-05-23T21:42:28.603415+00:00,2026-05-23T20:00:00+00:00,0.298,0.333,MEDIUM,NW  (290–330°),1.1175,2026-05-23T21:00:00+00:00,1.24,310.1,0.45,6.82,240.3,2026-05-23T20:43:55+00:00,0.427,0.85,rising,1.35,2026-05-24 00:45,0.63,2026-05-24 06:39,2.1,267,2.4,onshore
2026-05-23T22:41:17.719047+00:00,2026-05-23T21:00:00+00:00,0.286,0.326,LOW,WNW (260–290°),1.1382,2026-05-23T22:00:00+00:00,1.34,287.6,0.47,7.86,235.0,2026-05-23T21:43:55+00:00,0.467,1.15,rising,1.35,2026-05-24 00:45,0.63,2026-05-24 06:39,2.3,268,2.7,onshore
2026-05-23T23:45:28.617849+00:00,2026-05-23T22:00:00+00:00,0.302,0.338,MEDIUM,NW  (290–330°),1.1175,2026-05-23T23:00:00+00:00,1.22,300.3,0.54,9.3,229.0,2026-05-23T23:43:55+00:00,0.445,1.38,rising,1.35,2026-05-24 00:45,0.63,2026-05-24 06:39,3.0,264,3.7,onshore
2026-05-24T01:59:12.323449+00:00,2026-05-24T00:00:00+00:00,0.269,0.306,LOW,WNW (260–290°),1.1382,2026-05-24T01:00:00+00:00,1.17,286.2,0.49,8.52,230.2,2026-05-24T01:43:55+00:00,0.436,1.38,falling,1.19,2026-05-24 11:58,0.63,2026-05-24 06:39,4.0,274,5.6,onshore
2026-05-24T06:00:30.391371+00:00,2026-05-24T04:00:00+00:00,0.296,0.33,MEDIUM,NW  (290–330°),1.1175,2026-05-24T05:00:00+00:00,1.3,307.3,0.41,9.3,223.7,2026-05-24T05:42:31+00:00,0.439,0.76,falling,1.19,2026-05-24 11:58,0.63,2026-05-24 06:39,1.7,177,1.7,sideshore-S
2026-05-24T08:31:01.773922+00:00,2026-05-24T07:00:00+00:00,0.279,0.312,MEDIUM,NW  (290–330°),1.1175,2026-05-24T08:00:00+00:00,1.23,307.3,0.42,9.3,224.6,2026-05-24T07:42:31+00:00,0.418,0.86,rising,1.19,2026-05-24 11:58,0.12,2026-05-24 18:35,1.8,68,3.2,offshore
2026-05-24T10:25:44.998029+00:00,2026-05-24T09:00:00+00:00,0.284,0.318,MEDIUM,NW  (290–330°),1.1175,2026-05-24T09:30:00+00:00,1.22,308.7,0.37,7.3,241.5,2026-05-24T09:42:31+00:00,0.418,1.2,rising,1.19,2026-05-24 11:58,0.12,2026-05-24 18:35,2.1,45,3.3,offshore
2026-05-24T11:57:26.509243+00:00,2026-05-24T10:00:00+00:00,0.282,0.315,MEDIUM,NW  (290–330°),1.1175,2026-05-24T11:00:00+00:00,1.26,307.3,0.36,7.3,239.1,2026-05-24T11:42:31+00:00,0.424,1.28,rising,1.19,2026-05-24 11:58,0.12,2026-05-24 18:35,2.0,47,3.7,offshore
2026-05-24T13:08:12.555249+00:00,2026-05-24T11:00:00+00:00,0.28,0.313,MEDIUM,NW  (290–330°),1.1175,2026-05-24T12:30:00+00:00,1.33,297.5,0.39,7.3,241.0,2026-05-24T12:42:31+00:00,0.448,1.24,falling,1.47,2026-05-25 01:24,0.12,2026-05-24 18:35,2.0,47,3.0,offshore
2026-05-24T14:55:05.634386+00:00,2026-05-24T13:00:00+00:00,0.273,0.305,MEDIUM,NW  (290–330°),1.1175,2026-05-24T14:00:00+00:00,1.24,311.5,0.39,7.3,238.3,2026-05-24T14:42:31+00:00,0.407,0.9,falling,1.47,2026-05-25 01:24,0.12,2026-05-24 18:35,1.1,131,2.1,offshore
2026-05-24T15:53:14.335447+00:00,2026-05-24T14:00:00+00:00,0.277,0.309,MEDIUM,NW  (290–330°),1.1175,2026-05-24T15:00:00+00:00,1.21,304.5,0.37,6.82,244.4,2026-05-24T15:42:31+00:00,0.418,0.67,falling,1.47,2026-05-25 01:24,0.12,2026-05-24 18:35,1.4,94,1.7,offshore
2026-05-24T16:49:15.300239+00:00,2026-05-24T15:00:00+00:00,0.272,0.304,MEDIUM,NW  (290–330°),1.1175,2026-05-24T16:00:00+00:00,1.16,294.7,0.38,14.62,203.5,2026-05-24T16:42:31+00:00,0.424,0.47,falling,1.47,2026-05-25 01:24,0.12,2026-05-24 18:35,0.6,171,1.3,sideshore-S
2026-05-24T17:50:05.048992+00:00,2026-05-24T16:00:00+00:00,0.255,0.285,MEDIUM,NW  (290–330°),1.1175,2026-05-24T17:00:00+00:00,1.14,293.2,0.34,6.02,249.2,2026-05-24T17:42:31+00:00,0.412,0.38,falling,1.47,2026-05-25 01:24,0.12,2026-05-24 18:35,1.9,215,2.0,sideshore-S
2026-05-24T18:57:44.012673+00:00,2026-05-24T17:00:00+00:00,0.264,0.295,MEDIUM,NW  (290–330°),1.1175,2026-05-24T18:00:00+00:00,1.11,300.3,0.34,6.02,248.3,2026-05-24T18:42:31+00:00,0.403,0.25,falling,1.47,2026-05-25 01:24,0.43,2026-05-25 07:49,2.1,221,2.3,sideshore-S
2026-05-24T20:01:14.878588+00:00,2026-05-24T18:00:00+00:00,0.278,0.316,LOW,WNW (260–290°),1.1382,2026-05-24T19:30:00+00:00,1.16,284.8,0.34,6.4,245.0,2026-05-24T19:42:31+00:00,0.441,0.33,rising,1.47,2026-05-25 01:24,0.43,2026-05-25 07:49,2.8,247,3.2,onshore
2026-05-24T21:43:32.471023+00:00,2026-05-24T20:00:00+00:00,0.266,0.297,MEDIUM,NW  (290–330°),1.1175,2026-05-24T21:00:00+00:00,1.07,293.2,0.35,17.06,202.3,2026-05-24T21:42:31+00:00,0.409,0.79,rising,1.47,2026-05-25 01:24,0.43,2026-05-25 07:49,4.4,264,5.6,onshore
2026-05-24T22:44:40.709746+00:00,2026-05-24T21:00:00+00:00,0.26,0.291,MEDIUM,NW  (290–330°),1.1175,2026-05-24T22:00:00+00:00,1.26,294.7,0.33,14.62,202.0,2026-05-24T22:42:31+00:00,0.427,1.08,rising,,,,,5.0,265,6.5,onshore
2026-05-24T23:49:20.329779+00:00,2026-05-24T22:00:00+00:00,0.263,0.294,MEDIUM,NW  (290–330°),1.1175,2026-05-24T23:00:00+00:00,1.15,296.1,0.38,14.62,211.6,2026-05-24T23:42:31+00:00,0.413,1.36,rising,1.47,2026-05-25 01:24,0.43,2026-05-25 07:49,5.2,269,6.9,onshore
2026-05-25T02:06:17.409814+00:00,2026-05-25T00:00:00+00:00,0.263,0.294,MEDIUM,NW  (290–330°),1.1175,2026-05-25T01:30:00+00:00,1.21,300.3,0.37,10.24,213.5,2026-05-25T01:42:31+00:00,0.414,1.56,rising,1.1,2026-05-25 13:18,0.43,2026-05-25 07:49,4.9,274,8.2,onshore
2026-05-25T07:00:14.832617+00:00,2026-05-25T05:00:00+00:00,0.468,0.523,MEDIUM,NW  (290–330°),1.1175,2026-05-25T06:00:00+00:00,1.22,293.2,0.58,4.44,255.8,2026-05-25T06:42:31+00:00,0.572,0.63,falling,1.1,2026-05-25 13:18,0.43,2026-05-25 07:49,2.0,150,2.8,sideshore-S
2026-05-25T11:11:30.939322+00:00,2026-05-25T09:00:00+00:00,0.392,0.438,MEDIUM,NW  (290–330°),1.1175,2026-05-25T10:30:00+00:00,1.65,297.5,0.44,17.06,209.6,2026-05-25T10:42:31+00:00,0.565,0.97,rising,1.1,2026-05-25 13:18,0.26,2026-05-25 19:18,1.4,135,1.4,offshore
2026-05-25T14:29:26.393673+00:00,2026-05-25T13:00:00+00:00,0.353,0.394,MEDIUM,NW  (290–330°),1.1175,2026-05-25T13:30:00+00:00,1.55,294.7,0.39,14.62,207.8,2026-05-25T13:42:31+00:00,0.528,1.16,falling,1.57,2026-05-26 01:59,0.26,2026-05-25 19:18,1.9,106,4.3,offshore
2026-05-25T16:56:57.139446+00:00,2026-05-25T15:00:00+00:00,0.329,0.375,LOW,WNW (260–290°),1.1382,2026-05-25T16:00:00+00:00,1.45,286.2,0.42,14.62,202.4,2026-05-25T16:42:31+00:00,0.51,0.72,falling,1.57,2026-05-26 01:59,0.26,2026-05-25 19:18,2.5,151,2.7,sideshore-S
2026-05-25T18:22:19.598470+00:00,2026-05-25T17:00:00+00:00,0.308,0.351,LOW,WNW (260–290°),1.1382,2026-05-25T17:30:00+00:00,1.3,289.0,0.43,14.62,194.7,2026-05-25T17:42:31+00:00,0.472,0.5,falling,1.57,2026-05-26 01:59,0.26,2026-05-25 19:18,2.8,193,2.9,sideshore-S
2026-05-25T20:18:04.019761+00:00,2026-05-25T18:00:00+00:00,0.296,0.331,MEDIUM,NW  (290–330°),1.1175,2026-05-25T19:30:00+00:00,1.24,297.5,0.42,14.62,206.7,2026-05-25T19:42:31+00:00,0.444,0.44,rising,1.57,2026-05-26 01:59,0.24,2026-05-26 08:45,3.1,239,3.4,onshore
2026-05-25T21:59:33.135086+00:00,2026-05-25T20:00:00+00:00,0.29,0.33,LOW,WNW (260–290°),1.1382,2026-05-25T21:00:00+00:00,1.2,279.2,0.55,14.62,202.6,2026-05-25T21:42:31+00:00,0.458,0.81,rising,1.57,2026-05-26 01:59,0.24,2026-05-26 08:45,5.2,262,7.4,onshore
2026-05-25T23:00:50.075989+00:00,2026-05-25T21:00:00+00:00,0.29,0.33,LOW,WNW (260–290°),1.1382,2026-05-25T22:30:00+00:00,1.42,279.2,0.7,3.78,264.0,2026-05-25T22:42:31+00:00,0.485,1.07,rising,1.57,2026-05-26 01:59,0.24,2026-05-26 08:45,6.1,272,9.0,onshore
2026-05-26T01:57:08.873434+00:00,2026-05-26T00:00:00+00:00,0.436,0.497,LOW,WNW (260–290°),1.1382,2026-05-26T01:00:00+00:00,1.47,265.1,1.0,4.64,259.6,2026-05-26T01:42:31+00:00,0.609,1.69,rising,1.57,2026-05-26 01:59,0.24,2026-05-26 08:45,4.6,276,7.8,onshore
2026-05-26T06:00:37.581862+00:00,2026-05-26T04:00:00+00:00,0.565,0.632,MEDIUM,NW  (290–330°),1.1175,2026-05-26T05:00:00+00:00,1.54,300.3,0.68,14.62,213.3,2026-05-26T05:42:31+00:00,0.671,0.92,falling,1.05,2026-05-26 14:30,0.24,2026-05-26 08:45,1.4,172,1.5,sideshore-S
2026-05-26T10:39:17.071314+00:00,2026-05-26T09:00:00+00:00,0.6,0.671,MEDIUM,NW  (290–330°),1.1175,2026-05-26T10:00:00+00:00,1.66,301.7,0.61,4.86,247.5,2026-05-26T09:42:31+00:00,0.708,0.68,rising,1.05,2026-05-26 14:30,0.4,2026-05-26 19:56,1.8,27,5.0,sideshore-N
2026-05-26T13:44:45.604514+00:00,2026-05-26T12:00:00+00:00,0.554,0.63,LOW,WNW (260–290°),1.1382,2026-05-26T13:00:00+00:00,1.54,283.4,0.63,5.12,250.6,2026-05-26T13:42:31+00:00,0.687,1.18,rising,1.05,2026-05-26 14:30,0.4,2026-05-26 19:56,,,,
2026-05-26T17:17:56.095937+00:00,2026-05-26T15:00:00+00:00,0.494,0.59,HIGH,SW  (200–230°),1.1951,2026-05-26T16:30:00+00:00,1.55,201.8,0.58,12.8,211.0,2026-05-26T16:42:31+00:00,0.627,0.91,falling,1.65,2026-05-27 02:30,0.4,2026-05-26 19:56,2.5,282,3.2,onshore
2026-05-26T19:52:14.783417+00:00,2026-05-26T18:00:00+00:00,0.393,0.42,MEDIUM,W   (230–260°),1.0669,2026-05-26T19:00:00+00:00,1.63,232.8,0.55,4.86,249.9,2026-05-26T19:42:31+00:00,0.599,0.59,falling,1.65,2026-05-27 02:30,0.4,2026-05-26 19:56,5.1,253,6.4,onshore
2026-05-26T21:26:08.286437+00:00,2026-05-26T20:00:00+00:00,0.373,0.42,HIGH,S   (150–200°),1.126,2026-05-26T19:30:00+00:00,1.54,189.2,0.89,4.44,252.9,2026-05-26T20:42:31+00:00,0.517,0.7,rising,1.65,2026-05-27 02:30,0.08,2026-05-27 09:31,6.3,269,8.8,onshore
2026-05-26T22:59:50.026457+00:00,2026-05-26T21:00:00+00:00,0.369,0.42,LOW,WNW (260–290°),1.1382,2026-05-26T22:00:00+00:00,2.09,260.9,1.09,4.86,255.0,2026-05-26T22:42:31+00:00,0.642,1.03,rising,1.65,2026-05-27 02:30,0.08,2026-05-27 09:31,6.4,285,9.1,onshore
2026-05-27T00:04:16.791954+00:00,2026-05-26T22:00:00+00:00,0.674,0.753,MEDIUM,NW  (290–330°),1.1175,2026-05-26T23:30:00+00:00,2.41,296.1,1.11,4.86,256.9,2026-05-26T23:42:31+00:00,0.863,1.35,rising,1.65,2026-05-27 02:30,0.08,2026-05-27 09:31,5.5,314,8.4,onshore
2026-05-27T05:07:34.680113+00:00,2026-05-27T03:00:00+00:00,0.826,0.924,MEDIUM,NW  (290–330°),1.1175,2026-05-27T04:30:00+00:00,4.02,304.5,1.12,7.3,236.8,2026-05-27T04:42:31+00:00,1.16,1.35,falling,1.03,2026-05-27 15:33,0.08,2026-05-27 09:31,4.3,321,12.5,sideshore-N
2026-05-27T08:57:01.682682+00:00,2026-05-27T07:00:00+00:00,0.82,0.916,MEDIUM,NW  (290–330°),1.1175,2026-05-27T08:00:00+00:00,3.86,304.5,0.8,7.86,227.8,2026-05-27T08:42:31+00:00,1.135,0.33,falling,1.03,2026-05-27 15:33,0.08,2026-05-27 09:31,2.5,259,5.1,onshore
2026-05-27T12:14:11.782094+00:00,2026-05-27T10:00:00+00:00,0.804,0.898,MEDIUM,NW  (290–330°),1.1175,2026-05-27T11:00:00+00:00,3.88,311.5,0.79,7.86,231.1,2026-05-27T11:42:31+00:00,1.11,0.64,rising,1.03,2026-05-27 15:33,0.52,2026-05-27 20:28,3.0,328,10.8,sideshore-N
2026-05-27T16:31:16.747023+00:00,2026-05-27T15:00:00+00:00,0.627,0.701,MEDIUM,NW  (290–330°),1.1175,2026-05-27T16:00:00+00:00,3.94,301.7,0.78,12.8,210.2,2026-05-27T15:42:31+00:00,1.008,1.24,falling,1.71,2026-05-28 02:59,0.52,2026-05-27 20:28,3.7,225,4.2,onshore
2026-05-27T19:12:19.593805+00:00,2026-05-27T17:00:00+00:00,0.568,0.635,MEDIUM,NW  (290–330°),1.1175,2026-05-27T18:30:00+00:00,3.81,314.3,0.93,10.24,232.4,2026-05-27T18:42:31+00:00,0.922,0.8,falling,1.71,2026-05-28 02:59,0.52,2026-05-27 20:28,5.2,263,7.8,onshore
2026-05-27T21:43:01.027143+00:00,2026-05-27T20:00:00+00:00,0.567,0.634,MEDIUM,NW  (290–330°),1.1175,2026-05-27T21:00:00+00:00,3.32,310.1,0.86,9.3,234.1,2026-05-27T20:42:31+00:00,0.871,0.76,rising,1.71,2026-05-28 02:59,-0.04,2026-05-28 10:11,5.5,268,7.0,onshore
2026-05-27T23:07:24.409039+00:00,2026-05-27T21:00:00+00:00,0.573,0.64,MEDIUM,NW  (290–330°),1.1175,2026-05-27T22:30:00+00:00,3.13,311.5,0.83,8.52,235.4,2026-05-27T22:42:31+00:00,0.849,1.02,rising,1.71,2026-05-28 02:59,-0.04,2026-05-28 10:11,5.7,271,7.7,onshore
2026-05-28T01:49:16.943119+00:00,2026-05-28T00:00:00+00:00,0.562,0.628,MEDIUM,NW  (290–330°),1.1175,2026-05-28T01:00:00+00:00,3.21,305.9,0.94,9.3,231.2,2026-05-28T01:42:31+00:00,0.862,1.65,rising,1.71,2026-05-28 02:59,-0.04,2026-05-28 10:11,4.8,275,7.4,onshore
2026-05-28T05:59:40.387089+00:00,2026-05-28T04:00:00+00:00,0.651,0.727,MEDIUM,NW  (290–330°),1.1175,2026-05-28T05:00:00+00:00,3.08,314.3,0.88,9.3,231.7,2026-05-28T05:42:31+00:00,0.893,1.24,falling,1.02,2026-05-28 16:26,-0.04,2026-05-28 10:11,1.0,241,2.9,onshore
2026-05-28T10:00:43.060026+00:00,2026-05-28T08:00:00+00:00,0.567,0.634,MEDIUM,NW  (290–330°),1.1175,2026-05-28T09:00:00+00:00,2.97,303.1,0.8,9.3,228.4,2026-05-28T09:42:31+00:00,0.842,0.15,falling,1.02,2026-05-28 16:26,-0.04,2026-05-28 10:11,2.1,61,2.7,offshore
2026-05-28T14:26:01.264256+00:00,2026-05-28T13:00:00+00:00,0.441,0.493,MEDIUM,NW  (290–330°),1.1175,2026-05-28T13:30:00+00:00,2.66,318.6,0.72,9.3,225.3,2026-05-28T13:42:31+00:00,0.683,0.93,rising,1.02,2026-05-28 16:26,0.62,2026-05-28 20:58,1.8,63,2.9,offshore
2026-05-28T17:54:31.041519+00:00,2026-05-28T16:00:00+00:00,0.472,0.528,MEDIUM,NW  (290–330°),1.1175,2026-05-28T17:00:00+00:00,2.39,310.1,0.64,10.24,225.9,2026-05-28T17:42:31+00:00,0.69,1.09,falling,1.75,2026-05-29 03:27,0.62,2026-05-28 20:58,4.3,162,5.3,sideshore-S
2026-05-28T20:02:11.444755+00:00,2026-05-28T18:00:00+00:00,0.493,0.551,MEDIUM,NW  (290–330°),1.1175,2026-05-28T19:30:00+00:00,2.37,317.2,0.66,6.82,247.5,2026-05-28T19:42:31+00:00,0.688,0.8,falling,1.75,2026-05-29 03:27,0.62,2026-05-28 20:58,2.9,196,3.4,sideshore-S
2026-05-28T22:25:00.014323+00:00,2026-05-28T21:00:00+00:00,0.429,0.479,MEDIUM,NW  (290–330°),1.1175,2026-05-28T21:30:00+00:00,2.08,310.1,0.66,7.86,237.4,2026-05-28T21:42:31+00:00,0.621,0.9,rising,1.75,2026-05-29 03:27,-0.12,2026-05-29 10:47,2.3,225,2.4,onshore
2026-05-29T00:00:21.538215+00:00,2026-05-28T22:00:00+00:00,0.415,0.464,MEDIUM,NW  (290–330°),1.1175,2026-05-28T23:00:00+00:00,1.99,303.1,0.63,7.3,243.6,2026-05-28T23:42:31+00:00,0.614,1.11,rising,1.75,2026-05-29 03:27,-0.12,2026-05-29 10:47,2.6,219,2.8,sideshore-S
2026-05-29T03:41:50.602240+00:00,2026-05-29T02:00:00+00:00,0.484,0.541,MEDIUM,NW  (290–330°),1.1175,2026-05-29T03:00:00+00:00,1.89,301.7,0.58,6.82,244.9,2026-05-29T02:42:31+00:00,0.653,1.78,falling,1.02,2026-05-29 17:12,-0.12,2026-05-29 10:47,1.1,90,1.8,offshore
2026-05-29T07:44:10.934809+00:00,2026-05-29T06:00:00+00:00,0.504,0.563,MEDIUM,NW  (290–330°),1.1175,2026-05-29T07:00:00+00:00,1.9,314.3,0.61,9.3,226.1,2026-05-29T07:42:31+00:00,0.644,0.77,falling,1.02,2026-05-29 17:12,-0.12,2026-05-29 10:47,0.4,90,1.4,offshore
2026-05-29T11:17:28.185657+00:00,2026-05-29T09:00:00+00:00,0.465,0.52,MEDIUM,NW  (290–330°),1.1175,2026-05-29T10:30:00+00:00,2.04,303.1,0.58,10.24,220.0,2026-05-29T10:42:31+00:00,0.655,0.02,falling,1.02,2026-05-29 17:12,0.7,2026-05-29 21:26,1.7,303,1.9,onshore
2026-05-29T14:34:17.313974+00:00,2026-05-29T13:00:00+00:00,0.455,0.508,MEDIUM,NW  (290–330°),1.1175,2026-05-29T14:00:00+00:00,2.59,308.7,0.57,7.3,239.8,2026-05-29T13:40:19+00:00,0.704,0.71,rising,1.02,2026-05-29 17:12,0.7,2026-05-29 21:26,2.1,259,3.1,onshore
2026-05-29T17:59:29.939934+00:00,2026-05-29T16:00:00+00:00,0.477,0.533,MEDIUM,NW  (290–330°),1.1175,2026-05-29T17:00:00+00:00,2.06,303.1,0.51,17.06,196.8,2026-05-29T17:40:19+00:00,0.666,1.1,falling,1.77,2026-05-30 03:55,0.7,2026-05-29 21:26,3.9,241,4.5,onshore
2026-05-29T20:23:47.558406+00:00,2026-05-29T19:00:00+00:00,0.435,0.486,MEDIUM,NW  (290–330°),1.1175,2026-05-29T19:30:00+00:00,2.19,291.8,0.55,7.3,245.1,2026-05-29T19:40:19+00:00,0.67,0.92,falling,1.77,2026-05-30 03:55,0.7,2026-05-29 21:26,4.5,250,5.2,onshore
2026-05-29T22:23:11.460738+00:00,2026-05-29T21:00:00+00:00,0.43,0.481,MEDIUM,NW  (290–330°),1.1175,2026-05-29T21:30:00+00:00,2.29,293.2,0.63,17.06,204.9,2026-05-29T21:40:19+00:00,0.676,0.81,falling,1.77,2026-05-30 03:55,-0.16,2026-05-30 11:21,4.2,256,5.3,onshore
2026-05-30T00:00:59.191177+00:00,2026-05-29T22:00:00+00:00,0.471,0.526,MEDIUM,NW  (290–330°),1.1175,2026-05-29T23:30:00+00:00,2.29,293.2,0.85,4.86,255.8,2026-05-29T23:40:19+00:00,0.705,1.05,rising,1.77,2026-05-30 03:55,-0.16,2026-05-30 11:21,2.5,154,2.5,sideshore-S
2026-05-30T04:42:57.250387+00:00,2026-05-30T03:00:00+00:00,0.641,0.716,MEDIUM,NW  (290–330°),1.1175,2026-05-30T04:00:00+00:00,2.34,305.9,0.8,5.38,234.5,2026-05-30T04:40:19+00:00,0.812,1.82,falling,1.02,2026-05-30 17:55,-0.16,2026-05-30 11:21,2.1,183,2.4,sideshore-S
2026-05-30T07:34:40.778493+00:00,2026-05-30T06:00:00+00:00,0.7,0.782,MEDIUM,NW  (290–330°),1.1175,2026-05-30T07:00:00+00:00,2.22,290.4,0.83,6.02,250.8,2026-05-30T06:40:19+00:00,0.866,1.0,falling,1.02,2026-05-30 17:55,-0.16,2026-05-30 11:21,1.7,118,2.8,offshore
2026-05-30T09:48:35.682786+00:00,2026-05-30T08:00:00+00:00,0.577,0.657,LOW,WNW (260–290°),1.1382,2026-05-30T09:00:00+00:00,2.22,283.4,0.79,14.62,216.1,2026-05-30T09:40:19+00:00,0.787,0.18,falling,1.02,2026-05-30 17:55,-0.16,2026-05-30 11:21,1.9,118,2.0,offshore
2026-05-30T11:10:23.842729+00:00,2026-05-30T09:00:00+00:00,0.572,0.639,MEDIUM,NW  (290–330°),1.1175,2026-05-30T10:30:00+00:00,2.29,293.2,0.79,14.62,216.1,2026-05-30T09:40:19+00:00,0.778,-0.04,falling,1.02,2026-05-30 17:55,-0.16,2026-05-30 11:21,1.3,225,1.4,onshore
2026-05-30T12:59:05.390514+00:00,2026-05-30T11:00:00+00:00,0.559,0.625,MEDIUM,NW  (290–330°),1.1175,2026-05-30T12:00:00+00:00,2.28,298.9,0.72,6.4,249.2,2026-05-30T12:16:49+00:00,0.758,0.12,rising,1.02,2026-05-30 17:55,0.76,2026-05-30 21:55,1.2,200,1.2,sideshore-S
2026-05-30T14:27:50.260168+00:00,2026-05-30T13:00:00+00:00,0.545,0.621,LOW,WNW (260–290°),1.1382,2026-05-30T13:30:00+00:00,2.38,287.6,0.68,14.62,213.1,2026-05-30T14:16:49+00:00,0.778,0.54,rising,1.02,2026-05-30 17:55,0.76,2026-05-30 21:55,2.4,118,3.4,offshore
2026-05-30T15:57:31.256193+00:00,2026-05-30T14:00:00+00:00,0.522,0.583,MEDIUM,NW  (290–330°),1.1175,2026-05-30T15:00:00+00:00,2.25,293.2,0.68,6.4,243.5,2026-05-30T15:16:49+00:00,0.737,0.91,rising,1.02,2026-05-30 17:55,0.76,2026-05-30 21:55,1.8,174,2.2,sideshore-S
2026-05-30T16:54:53.881613+00:00,2026-05-30T15:00:00+00:00,0.54,0.615,LOW,WNW (260–290°),1.1382,2026-05-30T16:00:00+00:00,2.48,279.2,0.72,6.4,246.0,2026-05-30T16:16:49+00:00,0.797,1.09,rising,1.02,2026-05-30 17:55,0.76,2026-05-30 21:55,1.9,208,2.2,sideshore-S
2026-05-30T17:55:23.481053+00:00,2026-05-30T16:00:00+00:00,0.547,0.611,MEDIUM,NW  (290–330°),1.1175,2026-05-30T17:00:00+00:00,2.35,291.8,0.73,6.4,248.0,2026-05-30T17:16:49+00:00,0.769,1.18,rising,1.02,2026-05-30 17:55,0.76,2026-05-30 21:55,2.3,198,2.3,sideshore-S
2026-05-30T18:56:25.374896+00:00,2026-05-30T17:00:00+00:00,0.529,0.591,MEDIUM,NW  (290–330°),1.1175,2026-05-30T18:00:00+00:00,2.41,303.1,0.73,6.4,253.2,2026-05-30T18:16:49+00:00,0.744,1.13,falling,1.77,2026-05-31 04:23,0.76,2026-05-30 21:55,2.8,182,3.0,sideshore-S
2026-05-30T20:02:47.686314+00:00,2026-05-30T18:00:00+00:00,0.481,0.538,MEDIUM,NW  (290–330°),1.1175,2026-05-30T19:00:00+00:00,2.36,293.2,0.74,6.82,247.8,2026-05-30T19:16:49+00:00,0.721,1.02,falling,1.77,2026-05-31 04:23,0.76,2026-05-30 21:55,2.8,178,2.9,sideshore-S
2026-05-30T21:48:43.081906+00:00,2026-05-30T20:00:00+00:00,0.485,0.542,MEDIUM,NW  (290–330°),1.1175,2026-05-30T21:00:00+00:00,2.61,297.5,0.83,6.82,248.7,2026-05-30T21:16:49+00:00,0.747,0.95,rising,1.77,2026-05-31 04:23,0.76,2026-05-30 21:55,3.2,164,2.9,sideshore-S
2026-05-30T22:44:55.894173+00:00,2026-05-30T21:00:00+00:00,0.522,0.594,LOW,WNW (260–290°),1.1382,2026-05-30T22:00:00+00:00,2.46,282.0,0.99,6.02,254.1,2026-05-30T22:16:49+00:00,0.778,0.86,falling,1.77,2026-05-31 04:23,-0.18,2026-05-31 11:56,3.0,168,3.1,sideshore-S
2026-05-30T23:50:31.770658+00:00,2026-05-30T22:00:00+00:00,0.564,0.63,MEDIUM,NW  (290–330°),1.1175,2026-05-30T23:00:00+00:00,2.48,312.9,0.99,5.12,258.6,2026-05-30T23:16:49+00:00,0.76,1.02,rising,1.77,2026-05-31 04:23,-0.18,2026-05-31 11:56,2.8,167,2.9,sideshore-S
2026-05-31T02:07:26.413192+00:00,2026-05-31T00:00:00+00:00,0.718,0.802,MEDIUM,NW  (290–330°),1.1175,2026-05-31T01:30:00+00:00,2.74,294.7,0.96,6.82,247.6,2026-05-31T01:16:49+00:00,0.936,1.57,rising,1.77,2026-05-31 04:23,-0.18,2026-05-31 11:56,3.1,187,3.1,sideshore-S
2026-05-31T06:45:32.445662+00:00,2026-05-31T05:00:00+00:00,0.649,0.725,MEDIUM,NW  (290–330°),1.1175,2026-05-31T06:00:00+00:00,2.7,317.2,1.03,4.44,273.6,2026-05-31T06:16:49+00:00,0.839,1.51,falling,1.01,2026-05-31 18:37,-0.18,2026-05-31 11:56,2.2,185,2.2,sideshore-S
2026-05-31T09:40:22.609919+00:00,2026-05-31T08:00:00+00:00,0.74,0.826,MEDIUM,NW  (290–330°),1.1175,2026-05-31T09:00:00+00:00,3.22,317.2,0.92,8.52,236.3,2026-05-31T09:16:49+00:00,0.968,0.39,falling,1.01,2026-05-31 18:37,-0.18,2026-05-31 11:56,2.5,151,2.5,sideshore-S
2026-05-31T11:24:33.282555+00:00,2026-05-31T10:00:00+00:00,0.824,0.92,MEDIUM,NW  (290–330°),1.1175,2026-05-31T10:30:00+00:00,3.18,318.6,0.84,6.82,248.4,2026-05-31T11:16:49+00:00,1.02,0.0,falling,1.01,2026-05-31 18:37,-0.18,2026-05-31 11:56,2.4,173,2.8,sideshore-S
2026-05-31T13:08:15.438131+00:00,2026-05-31T11:00:00+00:00,0.759,0.849,MEDIUM,NW  (290–330°),1.1175,2026-05-31T12:30:00+00:00,3.33,318.6,0.8,6.4,247.9,2026-05-31T12:16:49+00:00,0.991,0.05,rising,1.01,2026-05-31 18:37,0.8,2026-05-31 22:25,1.4,150,1.5,sideshore-S
2026-05-31T15:09:08.331179+00:00,2026-05-31T13:00:00+00:00,0.624,0.698,MEDIUM,NW  (290–330°),1.1175,2026-05-31T14:00:00+00:00,3.22,320.0,0.81,8.52,231.7,2026-05-31T14:16:49+00:00,0.878,0.56,rising,1.01,2026-05-31 18:37,0.8,2026-05-31 22:25,0.9,122,1.9,offshore
2026-05-31T16:53:27.676701+00:00,2026-05-31T15:00:00+00:00,0.631,0.705,MEDIUM,NW  (290–330°),1.1175,2026-05-31T16:00:00+00:00,2.94,311.5,0.77,12.8,228.7,2026-05-31T16:16:49+00:00,0.865,1.01,rising,1.01,2026-05-31 18:37,0.8,2026-05-31 22:25,1.9,148,2.4,sideshore-S
2026-05-31T17:52:44.980730+00:00,2026-05-31T16:00:00+00:00,0.658,0.736,MEDIUM,NW  (290–330°),1.1175,2026-05-31T17:00:00+00:00,3.12,317.2,0.71,5.68,242.2,2026-05-31T17:16:49+00:00,0.895,1.14,rising,1.01,2026-05-31 18:37,0.8,2026-05-31 22:25,2.9,168,2.9,sideshore-S
2026-05-31T19:03:42.869881+00:00,2026-05-31T17:00:00+00:00,0.637,0.712,MEDIUM,NW  (290–330°),1.1175,2026-05-31T18:00:00+00:00,3.1,317.2,0.74,6.4,243.1,2026-05-31T18:16:49+00:00,0.876,1.17,rising,1.76,2026-06-01 04:52,0.8,2026-05-31 22:25,3.5,175,3.6,sideshore-S
2026-05-31T20:46:04.961835+00:00,2026-05-31T19:00:00+00:00,0.56,0.626,MEDIUM,NW  (290–330°),1.1175,2026-05-31T20:00:00+00:00,3.12,320.0,0.7,7.3,238.8,2026-05-31T20:16:49+00:00,0.817,1.03,falling,1.76,2026-06-01 04:52,0.8,2026-05-31 22:25,2.8,180,2.9,sideshore-S
2026-05-31T21:45:45.717853+00:00,2026-05-31T20:00:00+00:00,0.553,0.618,MEDIUM,NW  (290–330°),1.1175,2026-05-31T21:00:00+00:00,3.11,315.8,0.79,6.02,248.9,2026-05-31T21:16:49+00:00,0.819,0.99,falling,1.76,2026-06-01 04:52,0.8,2026-05-31 22:25,2.6,205,2.7,sideshore-S
2026-05-31T22:45:40.698779+00:00,2026-05-31T21:00:00+00:00,0.54,0.603,MEDIUM,NW  (290–330°),1.1175,2026-05-31T22:00:00+00:00,3.3,312.9,0.83,6.02,250.1,2026-05-31T22:16:49+00:00,0.838,0.94,falling,1.76,2026-06-01 04:52,-0.17,2026-06-01 12:31,2.2,207,2.2,sideshore-S
2026-05-31T23:54:34.763593+00:00,2026-05-31T22:00:00+00:00,0.647,0.723,MEDIUM,NW  (290–330°),1.1175,2026-05-31T23:00:00+00:00,3.22,312.9,0.78,6.4,249.7,2026-05-31T23:16:49+00:00,0.905,1.03,rising,1.76,2026-06-01 04:52,-0.17,2026-06-01 12:31,1.9,205,1.9,sideshore-S
2026-06-01T02:15:40.898265+00:00,2026-06-01T00:00:00+00:00,0.693,0.774,MEDIUM,NW  (290–330°),1.1175,2026-06-01T01:30:00+00:00,3.02,312.9,0.75,6.02,249.6,2026-06-01T01:16:49+00:00,0.914,1.51,rising,1.76,2026-06-01 04:52,-0.17,2026-06-01 12:31,2.1,175,2.2,sideshore-S
2026-06-01T08:20:49.985120+00:00,2026-06-01T07:00:00+00:00,0.813,0.909,MEDIUM,NW  (290–330°),1.1175,2026-06-01T07:30:00+00:00,3.2,317.2,0.88,7.86,244.5,2026-06-01T08:16:49+00:00,1.012,1.16,falling,1.0,2026-06-01 19:21,-0.17,2026-06-01 12:31,2.3,50,3.0,offshore
2026-06-01T14:46:10.362281+00:00,2026-06-01T13:00:00+00:00,0.631,0.705,MEDIUM,NW  (290–330°),1.1175,2026-06-01T14:00:00+00:00,2.59,311.5,0.86,6.4,249.3,2026-06-01T14:16:49+00:00,0.82,0.28,rising,1.0,2026-06-01 19:21,0.83,2026-06-01 22:57,2.5,85,4.1,offshore
2026-06-01T19:49:58.632581+00:00,2026-06-01T18:00:00+00:00,0.6,0.67,MEDIUM,NW  (290–330°),1.1175,2026-06-01T19:00:00+00:00,2.55,312.9,0.76,6.4,246.6,2026-06-01T19:16:49+00:00,0.79,1.17,rising,1.73,2026-06-02 05:23,0.83,2026-06-01 22:57,3.4,172,3.7,sideshore-S
2026-06-01T22:28:34.615744+00:00,2026-06-01T21:00:00+00:00,0.589,0.658,MEDIUM,NW  (290–330°),1.1175,2026-06-01T21:30:00+00:00,2.46,312.9,0.64,17.06,204.4,2026-06-01T22:16:49+00:00,0.771,0.96,falling,1.73,2026-06-02 05:23,0.83,2026-06-01 22:57,3.1,218,3.3,sideshore-S
2026-06-02T00:04:16.899445+00:00,2026-06-01T22:00:00+00:00,0.529,0.596,HIGH,S   (150–200°),1.126,2026-06-01T23:30:00+00:00,2.38,197.6,0.59,17.06,197.1,2026-06-01T23:16:49+00:00,0.746,0.98,rising,1.73,2026-06-02 05:23,-0.15,2026-06-02 13:09,2.6,238,2.9,onshore
2026-06-02T05:20:22.065322+00:00,2026-06-02T04:00:00+00:00,0.598,0.669,MEDIUM,NW  (290–330°),1.1175,2026-06-02T04:30:00+00:00,2.2,320.0,0.78,17.06,208.7,2026-06-02T05:16:49+00:00,0.732,1.86,rising,1.73,2026-06-02 05:23,-0.15,2026-06-02 13:09,2.6,130,4.4,offshore
2026-06-02T09:58:12.228686+00:00,2026-06-02T08:00:00+00:00,0.688,0.775,HIGH,S   (150–200°),1.126,2026-06-02T09:00:00+00:00,2.22,186.4,0.75,17.06,198.6,2026-06-02T09:16:49+00:00,0.817,0.71,falling,1.0,2026-06-02 20:07,-0.15,2026-06-02 13:09,1.8,103,3.5,offshore
2026-06-02T13:57:34.942546+00:00,2026-06-02T12:00:00+00:00,0.641,0.766,HIGH,SW  (200–230°),1.1951,2026-06-02T13:00:00+00:00,2.15,203.2,0.67,17.06,204.5,2026-06-02T13:16:49+00:00,0.807,-0.04,falling,1.0,2026-06-02 20:07,0.86,2026-06-02 23:30,2.1,113,3.3,offshore
2026-06-02T18:02:07.066859+00:00,2026-06-02T16:00:00+00:00,0.539,0.645,HIGH,SW  (200–230°),1.1951,2026-06-02T17:00:00+00:00,1.85,200.4,0.57,17.06,194.3,2026-06-02T17:16:49+00:00,0.692,0.89,rising,1.0,2026-06-02 20:07,0.86,2026-06-02 23:30,0.8,120,1.4,offshore
2026-06-02T21:39:30.457804+00:00,2026-06-02T20:00:00+00:00,0.512,0.612,HIGH,SW  (200–230°),1.1951,2026-06-02T21:00:00+00:00,1.87,203.2,0.61,17.06,192.6,2026-06-02T21:16:49+00:00,0.679,1.05,falling,1.68,2026-06-03 05:56,0.86,2026-06-02 23:30,3.0,224,3.1,sideshore-S
2026-06-02T23:25:18.489226+00:00,2026-06-02T22:00:00+00:00,0.446,0.502,HIGH,S   (150–200°),1.126,2026-06-02T22:30:00+00:00,1.63,183.6,0.57,17.06,202.9,2026-06-02T22:27:01+00:00,0.564,0.94,falling,1.68,2026-06-03 05:56,0.86,2026-06-02 23:30,3.5,254,4.3,onshore
2026-06-03T02:34:31.531719+00:00,2026-06-03T01:00:00+00:00,0.487,0.582,HIGH,SW  (200–230°),1.1951,2026-06-03T02:00:00+00:00,1.91,201.8,0.59,3.92,258.1,2026-06-03T02:27:01+00:00,0.663,1.26,rising,1.68,2026-06-03 05:56,-0.12,2026-06-03 13:48,3.0,130,3.7,offshore
2026-06-03T07:29:14.064727+00:00,2026-06-03T06:00:00+00:00,0.762,0.858,HIGH,S   (150–200°),1.126,2026-06-03T06:30:00+00:00,1.78,186.4,0.73,5.38,231.9,2026-06-03T07:27:01+00:00,0.814,1.61,falling,1.0,2026-06-03 20:55,-0.12,2026-06-03 13:48,4.3,111,7.2,offshore
2026-06-03T12:27:56.972409+00:00,2026-06-03T11:00:00+00:00,0.616,0.693,HIGH,S   (150–200°),1.126,2026-06-03T11:30:00+00:00,2.03,179.3,0.73,5.68,253.0,2026-06-03T12:27:01+00:00,0.722,0.14,falling,1.0,2026-06-03 20:55,-0.12,2026-06-03 13:48,1.6,117,3.0,offshore
2026-06-03T17:53:53.825649+00:00,2026-06-03T16:00:00+00:00,0.432,0.482,MEDIUM,NW  (290–330°),1.1175,2026-06-03T17:00:00+00:00,2.12,315.8,0.63,14.62,186.1,2026-06-03T17:27:01+00:00,0.613,0.72,rising,1.0,2026-06-03 20:55,0.89,2026-06-04 00:09,2.2,150,2.9,sideshore-S
2026-06-03T20:44:39.148003+00:00,2026-06-03T19:00:00+00:00,0.426,0.476,MEDIUM,NW  (290–330°),1.1175,2026-06-03T20:00:00+00:00,2.25,314.3,0.58,14.62,189.3,2026-06-03T20:27:01+00:00,0.627,1.09,rising,1.0,2026-06-03 20:55,0.89,2026-06-04 00:09,2.8,210,3.0,sideshore-S
2026-06-03T22:56:43.827610+00:00,2026-06-03T21:00:00+00:00,0.446,0.498,MEDIUM,NW  (290–330°),1.1175,2026-06-03T22:00:00+00:00,2.31,312.9,0.58,14.62,182.9,2026-06-03T22:27:19+00:00,0.652,1.05,rising,1.6,2026-06-04 06:32,0.89,2026-06-04 00:09,1.8,211,1.9,sideshore-S
2026-06-04T00:25:31.054150+00:00,2026-06-03T23:00:00+00:00,0.475,0.531,MEDIUM,NW  (290–330°),1.1175,2026-06-03T23:30:00+00:00,2.49,305.9,0.59,14.62,184.8,2026-06-03T23:27:19+00:00,0.707,1.02,rising,1.6,2026-06-04 06:32,-0.07,2026-06-04 14:29,2.2,175,2.2,sideshore-S
2026-06-04T05:31:16.755317+00:00,2026-06-04T04:00:00+00:00,0.636,0.711,MEDIUM,NW  (290–330°),1.1175,2026-06-04T05:00:00+00:00,2.66,315.8,0.65,5.38,256.9,2026-06-04T03:57:49+00:00,0.822,1.71,rising,1.6,2026-06-04 06:32,-0.07,2026-06-04 14:29,4.4,131,5.7,offshore
2026-06-04T09:39:58.113974+00:00,2026-06-04T08:00:00+00:00,0.576,0.644,MEDIUM,NW  (290–330°),1.1175,2026-06-04T09:00:00+00:00,3.06,317.2,0.74,5.38,245.5,2026-06-04T09:22:49+00:00,0.823,1.27,falling,1.01,2026-06-04 21:45,-0.07,2026-06-04 14:29,2.5,101,5.4,offshore
2026-06-04T12:36:15.167891+00:00,2026-06-04T11:00:00+00:00,0.642,0.717,MEDIUM,NW  (290–330°),1.1175,2026-06-04T12:00:00+00:00,3.13,314.3,0.81,6.02,249.5,2026-06-04T12:22:49+00:00,0.883,0.38,falling,1.01,2026-06-04 21:45,-0.07,2026-06-04 14:29,,,,
2026-06-04T16:15:35.973136+00:00,2026-06-04T14:00:00+00:00,0.531,0.594,MEDIUM,NW  (290–330°),1.1175,2026-06-04T15:30:00+00:00,3.07,318.6,0.81,8.52,236.7,2026-06-04T15:22:49+00:00,0.788,0.28,rising,1.01,2026-06-04 21:45,0.92,2026-06-05 01:00,1.8,156,2.2,sideshore-S
2026-06-04T19:11:17.591724+00:00,2026-06-04T17:00:00+00:00,0.509,0.569,MEDIUM,NW  (290–330°),1.1175,2026-06-04T18:30:00+00:00,2.96,312.9,0.71,5.38,259.0,2026-06-04T18:22:49+00:00,0.771,0.89,rising,1.01,2026-06-04 21:45,0.92,2026-06-05 01:00,2.3,178,2.5,sideshore-S
2026-06-04T21:21:41.433981+00:00,2026-06-04T19:00:00+00:00,0.58,0.648,MEDIUM,NW  (290–330°),1.1175,2026-06-04T20:30:00+00:00,3.12,310.1,0.64,5.68,258.4,2026-06-04T20:22:49+00:00,0.846,1.17,rising,1.01,2026-06-04 21:45,0.92,2026-06-05 01:00,2.7,176,2.8,sideshore-S
2026-06-04T22:59:26.836651+00:00,2026-06-04T21:00:00+00:00,0.589,0.659,MEDIUM,NW  (290–330°),1.1175,2026-06-04T22:00:00+00:00,3.15,315.8,0.59,11.36,221.4,2026-06-04T22:22:49+00:00,0.843,1.11,falling,1.51,2026-06-05 07:13,0.92,2026-06-05 01:00,2.5,201,2.5,sideshore-S
2026-06-05T00:06:22.373226+00:00,2026-06-04T22:00:00+00:00,0.594,0.663,MEDIUM,NW  (290–330°),1.1175,2026-06-04T23:30:00+00:00,3.26,317.2,0.67,10.24,228.7,2026-06-04T23:31:01+00:00,0.855,1.09,falling,1.51,2026-06-05 07:13,0.92,2026-06-05 01:00,2.3,214,2.3,sideshore-S
2026-06-05T09:24:54.087486+00:00,2026-06-05T08:00:00+00:00,0.813,0.909,MEDIUM,NW  (290–330°),1.1175,2026-06-05T08:30:00+00:00,2.99,311.5,0.84,6.02,255.3,2026-06-05T08:31:01+00:00,0.993,1.49,falling,1.05,2026-06-05 22:35,-0.01,2026-06-05 15:10,2.3,103,4.1,offshore
2026-06-05T15:46:48.992095+00:00,2026-06-05T14:00:00+00:00,0.66,0.738,MEDIUM,NW  (290–330°),1.1175,2026-06-05T15:00:00+00:00,3.35,312.9,0.81,17.06,205.2,2026-06-05T15:31:01+00:00,0.92,0.2,rising,1.05,2026-06-05 22:35,0.94,2026-06-06 02:11,1.0,79,2.5,offshore
2026-06-05T17:45:25.599667+00:00,2026-06-05T16:00:00+00:00,0.621,0.694,MEDIUM,NW  (290–330°),1.1175,2026-06-05T17:00:00+00:00,3.52,312.9,0.78,17.06,200.9,2026-06-05T17:31:01+00:00,0.911,0.5,rising,1.05,2026-06-05 22:35,0.94,2026-06-06 02:11,0.6,171,1.1,sideshore-S
2026-06-05T19:28:16.602573+00:00,2026-06-05T18:00:00+00:00,0.609,0.68,MEDIUM,NW  (290–330°),1.1175,2026-06-05T18:30:00+00:00,3.32,312.9,0.72,17.06,207.0,2026-06-05T18:31:01+00:00,0.879,0.92,rising,1.05,2026-06-05 22:35,0.94,2026-06-06 02:11,1.5,208,1.6,sideshore-S
2026-06-05T21:15:21.586593+00:00,2026-06-05T19:00:00+00:00,0.612,0.684,MEDIUM,NW  (290–330°),1.1175,2026-06-05T20:30:00+00:00,3.36,311.5,0.75,17.06,209.6,2026-06-05T20:31:01+00:00,0.888,1.14,rising,1.05,2026-06-05 22:35,0.94,2026-06-06 02:11,1.8,199,1.8,sideshore-S
2026-06-05T23:58:00.172061+00:00,2026-06-05T22:00:00+00:00,0.683,0.764,MEDIUM,NW  (290–330°),1.1175,2026-06-05T23:00:00+00:00,3.34,312.9,0.84,10.24,227.7,2026-06-05T23:31:01+00:00,0.933,1.17,falling,1.39,2026-06-06 08:01,0.94,2026-06-06 02:11,0.7,236,0.7,onshore
2026-06-06T02:40:34.532063+00:00,2026-06-06T01:00:00+00:00,0.576,0.644,MEDIUM,NW  (290–330°),1.1175,2026-06-06T02:00:00+00:00,3.18,308.7,0.91,10.24,233.8,2026-06-06T02:31:01+00:00,0.846,1.06,falling,1.39,2026-06-06 08:01,0.06,2026-06-06 15:52,0.6,261,0.8,onshore
2026-06-06T06:19:50.497866+00:00,2026-06-06T05:00:00+00:00,0.662,0.74,MEDIUM,NW  (290–330°),1.1175,2026-06-06T05:30:00+00:00,3.02,308.7,0.83,17.06,208.4,2026-06-06T05:31:01+00:00,0.891,1.42,rising,1.39,2026-06-06 08:01,0.06,2026-06-06 15:52,0.4,146,1.5,sideshore-S
2026-06-06T09:15:46.762702+00:00,2026-06-06T07:00:00+00:00,0.645,0.72,MEDIUM,NW  (290–330°),1.1175,2026-06-06T08:30:00+00:00,2.81,315.8,,,,,0.839,1.56,rising,1.13,2026-06-06 23:18,0.06,2026-06-06 15:52,0.5,63,1.1,offshore
2026-06-06T11:14:33.537880+00:00,2026-06-06T09:00:00+00:00,0.595,0.665,MEDIUM,NW  (290–330°),1.1175,2026-06-06T10:30:00+00:00,3.1,307.3,0.78,17.06,210.7,2026-06-06T11:00:25+00:00,0.854,1.15,falling,1.13,2026-06-06 23:18,0.06,2026-06-06 15:52,0.6,31,0.9,sideshore-N
2026-06-06T13:03:29.606278+00:00,2026-06-06T11:00:00+00:00,0.597,0.667,MEDIUM,NW  (290–330°),1.1175,2026-06-06T12:00:00+00:00,3.34,308.7,0.81,6.02,250.0,2026-06-06T13:00:25+00:00,0.879,0.67,falling,1.13,2026-06-06 23:18,0.06,2026-06-06 15:52,1.2,20,1.5,sideshore-N
2026-06-06T15:04:01.109410+00:00,2026-06-06T13:00:00+00:00,0.595,0.665,MEDIUM,NW  (290–330°),1.1175,2026-06-06T14:30:00+00:00,3.54,305.9,0.87,6.82,243.5,2026-06-06T15:00:25+00:00,0.905,0.31,falling,1.13,2026-06-06 23:18,0.06,2026-06-06 15:52,0.8,330,1.0,sideshore-N
2026-06-06T16:56:27.057796+00:00,2026-06-06T15:00:00+00:00,0.611,0.683,MEDIUM,NW  (290–330°),1.1175,2026-06-06T16:00:00+00:00,3.55,310.1,0.87,7.86,241.6,2026-06-06T16:00:25+00:00,0.909,0.32,rising,1.13,2026-06-06 23:18,0.92,2026-06-07 03:41,1.1,355,1.2,sideshore-N
2026-06-06T18:00:19.234668+00:00,2026-06-06T16:00:00+00:00,0.587,0.656,MEDIUM,NW  (290–330°),1.1175,2026-06-06T17:00:00+00:00,3.02,310.1,0.89,6.4,250.0,2026-06-06T18:00:25+00:00,0.832,0.44,rising,1.13,2026-06-06 23:18,0.92,2026-06-07 03:41,0.9,288,1.1,onshore
2026-06-06T19:24:36.601923+00:00,2026-06-06T18:00:00+00:00,0.644,0.72,MEDIUM,NW  (290–330°),1.1175,2026-06-06T18:30:00+00:00,2.66,308.7,0.82,6.02,254.9,2026-06-06T19:00:25+00:00,0.837,0.72,rising,1.13,2026-06-06 23:18,0.92,2026-06-07 03:41,2.6,270,2.9,onshore
2026-06-06T20:52:41.855375+00:00,2026-06-06T19:00:00+00:00,0.611,0.683,MEDIUM,NW  (290–330°),1.1175,2026-06-06T20:00:00+00:00,2.76,312.9,0.71,5.38,246.7,2026-06-06T20:00:25+00:00,0.815,1.03,rising,1.13,2026-06-06 23:18,0.92,2026-06-07 03:41,2.8,260,3.2,onshore
2026-06-06T21:54:03.747313+00:00,2026-06-06T20:00:00+00:00,0.59,0.659,MEDIUM,NW  (290–330°),1.1175,2026-06-06T21:00:00+00:00,2.95,317.2,0.72,17.06,200.7,2026-06-06T21:20:01+00:00,0.811,1.23,rising,1.13,2026-06-06 23:18,0.92,2026-06-07 03:41,2.8,257,3.2,onshore
2026-06-06T22:52:49.370490+00:00,2026-06-06T21:00:00+00:00,0.595,0.665,MEDIUM,NW  (290–330°),1.1175,2026-06-06T22:00:00+00:00,3.23,314.3,0.8,9.3,227.2,2026-06-06T22:20:01+00:00,0.851,1.24,falling,1.13,2026-06-06 23:18,0.92,2026-06-07 03:41,2.7,255,3.0,onshore
2026-06-06T23:54:36.469504+00:00,2026-06-06T22:00:00+00:00,0.632,0.707,MEDIUM,NW  (290–330°),1.1175,2026-06-06T23:00:00+00:00,3.28,312.9,0.86,17.06,202.0,2026-06-06T23:20:01+00:00,0.887,1.27,rising,1.25,2026-06-07 09:01,0.92,2026-06-07 03:41,2.6,241,2.8,onshore
2026-06-07T02:12:12.301355+00:00,2026-06-07T00:00:00+00:00,0.717,0.801,MEDIUM,NW  (290–330°),1.1175,2026-06-07T01:30:00+00:00,3.74,315.8,0.91,9.3,231.4,2026-06-07T01:20:01+00:00,0.993,1.11,falling,1.25,2026-06-07 09:01,0.92,2026-06-07 03:41,1.9,145,2.0,sideshore-S
2026-06-07T06:56:16.657659+00:00,2026-06-07T05:00:00+00:00,0.827,0.924,MEDIUM,NW  (290–330°),1.1175,2026-06-07T06:00:00+00:00,3.44,307.3,0.8,6.02,253.2,2026-06-07T06:03:31+00:00,1.058,1.31,rising,1.25,2026-06-07 09:01,0.14,2026-06-07 16:36,2.2,122,4.9,offshore
2026-06-07T11:41:40.965483+00:00,2026-06-07T10:00:00+00:00,0.666,0.744,MEDIUM,NW  (290–330°),1.1175,2026-06-07T11:00:00+00:00,3.34,317.2,0.8,4.26,248.8,2026-06-07T11:03:31+00:00,0.907,1.16,falling,1.23,2026-06-07 23:53,0.14,2026-06-07 16:36,2.4,102,4.4,offshore
2026-06-07T13:15:49.670591+00:00,2026-06-07T11:00:00+00:00,0.626,0.7,MEDIUM,NW  (290–330°),1.1175,2026-06-07T12:30:00+00:00,3.19,307.3,0.69,4.86,255.8,2026-06-07T13:03:31+00:00,0.883,0.83,falling,1.23,2026-06-07 23:53,0.14,2026-06-07 16:36,1.5,101,3.1,offshore
2026-06-07T15:16:42.841310+00:00,2026-06-07T13:00:00+00:00,0.607,0.678,MEDIUM,NW  (290–330°),1.1175,2026-06-07T14:30:00+00:00,3.13,317.2,0.73,5.12,249.9,2026-06-07T15:03:31+00:00,0.839,0.43,falling,1.23,2026-06-07 23:53,0.14,2026-06-07 16:36,1.0,180,1.2,sideshore-S
2026-06-07T17:02:40.187023+00:00,2026-06-07T15:00:00+00:00,0.617,0.69,MEDIUM,NW  (290–330°),1.1175,2026-06-07T16:00:00+00:00,3.09,315.8,0.67,4.86,253.9,2026-06-07T16:03:31+00:00,0.846,0.33,falling,1.23,2026-06-07 23:53,0.81,2026-06-08 05:28,1.5,196,1.5,sideshore-S
2026-06-07T20:58:29.756941+00:00,2026-06-07T19:00:00+00:00,0.604,0.675,MEDIUM,NW  (290–330°),1.1175,2026-06-07T20:00:00+00:00,2.79,311.5,0.69,14.62,193.0,2026-06-07T20:57:31+00:00,0.812,0.99,rising,1.23,2026-06-07 23:53,0.81,2026-06-08 05:28,2.5,212,2.6,sideshore-S
2026-06-07T22:01:06.737829+00:00,2026-06-07T20:00:00+00:00,0.608,0.679,MEDIUM,NW  (290–330°),1.1175,2026-06-07T21:30:00+00:00,2.95,315.8,0.79,5.68,250.8,2026-06-07T21:57:31+00:00,0.822,1.21,rising,1.23,2026-06-07 23:53,0.81,2026-06-08 05:28,2.7,208,2.8,sideshore-S
2026-06-07T23:56:30.377542+00:00,2026-06-07T22:00:00+00:00,0.575,0.643,MEDIUM,NW  (290–330°),1.1175,2026-06-07T23:00:00+00:00,2.97,318.6,0.86,5.12,257.5,2026-06-07T22:57:31+00:00,0.794,1.39,rising,1.1,2026-06-08 10:24,0.81,2026-06-08 05:28,3.0,168,3.0,sideshore-S
2026-06-08T02:42:45.359180+00:00,2026-06-08T01:00:00+00:00,0.773,0.864,MEDIUM,NW  (290–330°),1.1175,2026-06-08T02:00:00+00:00,3.22,322.8,0.93,5.68,252.3,2026-06-08T01:57:31+00:00,0.956,1.16,falling,1.1,2026-06-08 10:24,0.81,2026-06-08 05:28,2.3,167,2.7,sideshore-S
2026-06-08T07:20:30.282320+00:00,2026-06-08T06:00:00+00:00,0.778,0.869,MEDIUM,NW  (290–330°),1.1175,2026-06-08T06:30:00+00:00,2.46,317.2,0.78,5.38,245.8,2026-06-08T07:16:01+00:00,0.891,1.05,rising,1.1,2026-06-08 10:24,0.24,2026-06-08 17:20,1.9,118,4.7,offshore
2026-06-08T16:42:33.913553+00:00,2026-06-08T15:00:00+00:00,0.583,0.652,MEDIUM,NW  (290–330°),1.1175,2026-06-08T15:30:00+00:00,3.07,317.2,0.73,5.12,252.9,2026-06-08T15:49:55+00:00,0.814,0.43,falling,1.37,2026-06-09 00:24,0.24,2026-06-08 17:20,2.5,148,3.1,sideshore-S
2026-06-08T19:13:21.048457+00:00,2026-06-08T17:00:00+00:00,0.646,0.721,MEDIUM,NW  (290–330°),1.1175,2026-06-08T18:30:00+00:00,2.52,314.3,0.79,4.86,248.7,2026-06-08T18:49:55+00:00,0.806,0.56,rising,1.37,2026-06-09 00:24,0.6,2026-06-09 06:49,2.7,207,2.7,sideshore-S
2026-06-08T21:39:41.563981+00:00,2026-06-08T20:00:00+00:00,0.556,0.621,MEDIUM,NW  (290–330°),1.1175,2026-06-08T21:00:00+00:00,2.5,312.9,0.75,5.12,255.4,2026-06-08T20:49:55+00:00,0.742,1.12,rising,1.37,2026-06-09 00:24,0.6,2026-06-09 06:49,2.6,234,2.8,onshore
2026-06-08T23:06:09.846325+00:00,2026-06-08T21:00:00+00:00,0.517,0.577,MEDIUM,NW  (290–330°),1.1175,2026-06-08T22:30:00+00:00,2.67,320.0,0.75,4.86,259.8,2026-06-08T22:49:55+00:00,0.715,1.37,rising,1.37,2026-06-09 00:24,0.6,2026-06-09 06:49,2.2,223,2.2,sideshore-S
2026-06-09T01:53:28.868181+00:00,2026-06-09T00:00:00+00:00,0.665,0.743,MEDIUM,NW  (290–330°),1.1175,2026-06-09T01:00:00+00:00,2.7,317.2,0.82,4.64,265.5,2026-06-09T01:49:55+00:00,0.834,1.43,falling,1.01,2026-06-09 12:03,0.6,2026-06-09 06:49,1.5,160,1.6,sideshore-S
2026-06-09T05:58:58.325957+00:00,2026-06-09T04:00:00+00:00,0.844,0.944,MEDIUM,NW  (290–330°),1.1175,2026-06-09T05:00:00+00:00,2.75,314.3,1.04,5.12,255.5,2026-06-09T05:49:55+00:00,0.976,0.82,falling,1.01,2026-06-09 12:03,0.6,2026-06-09 06:49,2.1,183,2.8,sideshore-S
2026-06-09T09:38:24.002771+00:00,2026-06-09T08:00:00+00:00,0.87,0.98,HIGH,S   (150–200°),1.126,2026-06-09T09:00:00+00:00,2.45,196.2,0.95,5.38,247.2,2026-06-09T08:49:55+00:00,0.986,1.02,rising,1.01,2026-06-09 12:03,0.34,2026-06-09 18:03,1.8,139,2.8,sideshore-S
2026-06-09T12:29:38.491051+00:00,2026-06-09T11:00:00+00:00,0.754,0.849,HIGH,S   (150–200°),1.126,2026-06-09T11:30:00+00:00,2.15,193.4,0.83,20.48,201.2,2026-06-09T11:49:55+00:00,0.862,1.13,falling,1.53,2026-06-10 00:56,0.34,2026-06-09 18:03,1.8,156,2.5,sideshore-S
2026-06-09T15:49:27.024858+00:00,2026-06-09T14:00:00+00:00,0.714,0.804,HIGH,S   (150–200°),1.126,2026-06-09T15:00:00+00:00,2.36,192.0,0.85,20.48,194.9,2026-06-09T15:49:55+00:00,0.853,0.77,falling,1.53,2026-06-10 00:56,0.34,2026-06-09 18:03,2.6,140,3.2,sideshore-S
2026-06-09T17:50:52.704239+00:00,2026-06-09T16:00:00+00:00,0.732,0.824,HIGH,S   (150–200°),1.126,2026-06-09T17:00:00+00:00,2.28,189.2,0.88,5.12,237.7,2026-06-09T17:49:55+00:00,0.851,0.51,falling,1.53,2026-06-10 00:56,0.34,2026-06-09 18:03,2.7,176,2.8,sideshore-S
2026-06-09T19:53:43.267692+00:00,2026-06-09T18:00:00+00:00,0.713,0.803,HIGH,S   (150–200°),1.126,2026-06-09T19:00:00+00:00,1.99,186.4,0.95,5.12,240.4,2026-06-09T19:49:55+00:00,0.8,0.67,rising,1.53,2026-06-10 00:56,0.35,2026-06-10 07:50,3.1,191,3.2,sideshore-S
2026-06-09T21:28:00.109527+00:00,2026-06-09T20:00:00+00:00,0.773,0.87,HIGH,S   (150–200°),1.126,2026-06-09T20:30:00+00:00,2.01,182.2,1.01,5.12,248.0,2026-06-09T20:49:55+00:00,0.838,0.97,rising,1.53,2026-06-10 00:56,0.35,2026-06-10 07:50,3.2,162,3.5,sideshore-S
2026-06-09T23:08:13.152613+00:00,2026-06-09T21:00:00+00:00,0.785,0.883,HIGH,S   (150–200°),1.126,2026-06-09T22:30:00+00:00,2.0,187.8,1.09,5.38,247.3,2026-06-09T22:49:55+00:00,0.861,1.48,rising,1.53,2026-06-10 00:56,0.35,2026-06-10 07:50,3.6,142,4.3,sideshore-S
2026-06-10T02:05:06.971267+00:00,2026-06-10T00:00:00+00:00,0.879,0.989,HIGH,S   (150–200°),1.126,2026-06-10T01:30:00+00:00,2.46,189.2,1.13,5.68,244.6,2026-06-10T01:49:55+00:00,0.986,1.59,falling,0.98,2026-06-10 13:30,0.35,2026-06-10 07:50,2.4,175,2.7,sideshore-S
2026-06-10T06:55:42.323263+00:00,2026-06-10T05:00:00+00:00,0.779,0.877,HIGH,S   (150–200°),1.126,2026-06-10T06:00:00+00:00,2.59,192.0,1.05,6.4,251.5,2026-06-10T06:49:55+00:00,0.934,0.6,falling,0.98,2026-06-10 13:30,0.35,2026-06-10 07:50,2.1,107,3.9,offshore
2026-06-10T10:47:02.869573+00:00,2026-06-10T09:00:00+00:00,0.724,0.809,MEDIUM,NW  (290–330°),1.1175,2026-06-10T10:00:00+00:00,2.86,310.1,0.89,6.4,240.6,2026-06-10T09:49:55+00:00,0.911,0.85,rising,0.98,2026-06-10 13:30,0.45,2026-06-10 18:46,1.7,73,1.7,offshore
2026-06-10T14:15:18.269561+00:00,2026-06-10T12:00:00+00:00,0.609,0.686,HIGH,S   (150–200°),1.126,2026-06-10T13:30:00+00:00,2.93,190.6,0.78,4.64,232.2,2026-06-10T13:50:04+00:00,0.843,1.15,falling,1.7,2026-06-11 01:31,0.45,2026-06-10 18:46,0.5,153,1.1,sideshore-S
2026-06-10T17:48:52.062692+00:00,2026-06-10T16:00:00+00:00,0.591,0.666,HIGH,S   (150–200°),1.126,2026-06-10T17:00:00+00:00,2.86,189.2,0.81,17.06,195.5,2026-06-10T16:49:55+00:00,0.819,0.68,falling,1.7,2026-06-11 01:31,0.45,2026-06-10 18:46,1.7,187,1.8,sideshore-S
2026-06-10T20:06:16.022438+00:00,2026-06-10T18:00:00+00:00,0.596,0.671,HIGH,S   (150–200°),1.126,2026-06-10T19:30:00+00:00,3.05,186.4,0.82,6.02,241.6,2026-06-10T18:49:55+00:00,0.836,0.74,rising,1.7,2026-06-11 01:31,0.09,2026-06-11 08:42,2.5,189,2.6,sideshore-S
2026-06-10T22:45:35.936103+00:00,2026-06-10T21:00:00+00:00,0.63,0.704,MEDIUM,NW  (290–330°),1.1175,2026-06-10T22:00:00+00:00,3.15,311.5,0.81,6.4,256.3,2026-06-10T21:55:31+00:00,0.87,1.32,rising,1.7,2026-06-11 01:31,0.09,2026-06-11 08:42,2.6,231,2.9,onshore
2026-06-11T00:07:05.843397+00:00,2026-06-10T22:00:00+00:00,0.632,0.707,MEDIUM,NW  (290–330°),1.1175,2026-06-10T23:30:00+00:00,2.86,311.5,0.9,7.3,244.7,2026-06-10T23:55:31+00:00,0.84,1.7,rising,1.7,2026-06-11 01:31,0.09,2026-06-11 08:42,2.1,225,2.1,onshore
2026-06-11T05:19:02.702646+00:00,2026-06-11T04:00:00+00:00,0.707,0.796,HIGH,S   (150–200°),1.126,2026-06-11T04:30:00+00:00,2.85,192.0,0.97,6.82,242.1,2026-06-11T04:55:31+00:00,0.909,1.11,falling,1.0,2026-06-11 14:47,0.09,2026-06-11 08:42,1.9,133,3.2,offshore
2026-06-11T10:00:47.077469+00:00,2026-06-11T08:00:00+00:00,0.796,0.889,MEDIUM,NW  (290–330°),1.1175,2026-06-11T09:30:00+00:00,2.73,297.5,1.01,9.3,228.6,2026-06-11T09:55:31+00:00,0.976,0.39,rising,1.0,2026-06-11 14:47,0.54,2026-06-11 19:29,,,,
2026-06-11T14:27:22.387504+00:00,2026-06-11T13:00:00+00:00,0.661,0.739,MEDIUM,NW  (290–330°),1.1175,2026-06-11T13:30:00+00:00,2.7,308.7,0.84,8.52,229.2,2026-06-11T13:55:31+00:00,0.85,1.16,rising,1.0,2026-06-11 14:47,0.54,2026-06-11 19:29,2.2,106,3.2,offshore
2026-06-11T17:59:47.920926+00:00,2026-06-11T16:00:00+00:00,0.675,0.754,MEDIUM,NW  (290–330°),1.1175,2026-06-11T17:00:00+00:00,2.94,317.2,0.71,7.3,240.7,2026-06-11T17:55:31+00:00,0.868,0.89,falling,1.87,2026-06-12 02:09,0.54,2026-06-11 19:29,1.7,147,2.2,sideshore-S
2026-06-11T20:21:02.573065+00:00,2026-06-11T19:00:00+00:00,0.59,0.66,MEDIUM,NW  (290–330°),1.1175,2026-06-11T19:30:00+00:00,2.74,324.2,0.67,10.24,230.0,2026-06-11T19:55:31+00:00,0.766,0.78,rising,1.87,2026-06-12 02:09,-0.15,2026-06-12 09:31,1.6,198,1.6,sideshore-S
2026-06-11T22:45:53.494908+00:00,2026-06-11T21:00:00+00:00,0.593,0.668,HIGH,S   (150–200°),1.126,2026-06-11T22:00:00+00:00,2.5,183.6,0.66,10.24,225.5,2026-06-11T21:55:31+00:00,0.769,1.3,rising,1.87,2026-06-12 02:09,-0.15,2026-06-12 09:31,2.3,232,2.4,onshore
2026-06-12T00:13:13.934918+00:00,2026-06-11T22:00:00+00:00,0.553,0.618,MEDIUM,NW  (290–330°),1.1175,2026-06-11T23:30:00+00:00,2.36,310.1,0.66,7.3,244.6,2026-06-11T23:55:31+00:00,0.73,1.69,rising,1.87,2026-06-12 02:09,-0.15,2026-06-12 09:31,2.8,243,3.2,onshore
2026-06-12T05:24:34.771872+00:00,2026-06-12T04:00:00+00:00,0.543,0.607,MEDIUM,NW  (290–330°),1.1175,2026-06-12T04:30:00+00:00,2.47,305.9,0.62,8.52,245.0,2026-06-12T04:55:31+00:00,0.743,1.28,falling,1.04,2026-06-12 15:53,-0.15,2026-06-12 09:31,1.2,294,1.4,onshore
2026-06-12T09:53:16.208529+00:00,2026-06-12T08:00:00+00:00,0.572,0.639,MEDIUM,NW  (290–330°),1.1175,2026-06-12T09:00:00+00:00,2.18,307.3,0.56,9.3,224.2,2026-06-12T08:55:31+00:00,0.731,0.05,falling,1.04,2026-06-12 15:53,0.62,2026-06-12 20:15,1.0,299,1.5,onshore
2026-06-12T12:47:41.025301+00:00,2026-06-12T11:00:00+00:00,0.624,0.698,MEDIUM,NW  (290–330°),1.1175,2026-06-12T12:00:00+00:00,2.06,310.1,0.49,9.3,224.5,2026-06-12T11:55:31+00:00,0.751,0.68,rising,1.04,2026-06-12 15:53,0.62,2026-06-12 20:15,0.9,306,1.0,onshore
2026-06-12T16:10:15.107249+00:00,2026-06-12T14:00:00+00:00,0.445,0.498,MEDIUM,NW  (290–330°),1.1175,2026-06-12T15:30:00+00:00,1.92,314.3,0.41,9.3,227.1,2026-06-12T15:55:31+00:00,0.593,1.25,rising,2.02,2026-06-13 02:50,0.62,2026-06-12 20:15,1.1,260,1.2,onshore
2026-06-12T18:56:46.520034+00:00,2026-06-12T17:00:00+00:00,0.451,0.504,MEDIUM,NW  (290–330°),1.1175,2026-06-12T18:00:00+00:00,2.1,317.2,0.47,9.3,228.4,2026-06-12T18:55:31+00:00,0.609,0.91,falling,2.02,2026-06-13 02:50,0.62,2026-06-12 20:15,1.9,261,2.2,onshore
2026-06-12T21:00:12.018633+00:00,2026-06-12T19:00:00+00:00,0.484,0.545,HIGH,S   (150–200°),1.126,2026-06-12T20:00:00+00:00,1.7,180.8,0.56,9.3,228.1,2026-06-12T20:55:31+00:00,0.596,0.83,rising,2.02,2026-06-13 02:50,-0.35,2026-06-13 10:19,4.1,263,4.9,onshore
2026-06-12T22:25:19.354903+00:00,2026-06-12T21:00:00+00:00,0.459,0.517,HIGH,S   (150–200°),1.126,2026-06-12T21:30:00+00:00,1.63,186.4,0.52,9.3,218.9,2026-06-12T21:55:31+00:00,0.583,1.09,rising,2.02,2026-06-13 02:50,-0.35,2026-06-13 10:19,4.7,265,6.0,onshore
2026-06-13T00:11:58.407779+00:00,2026-06-12T22:00:00+00:00,0.468,0.526,HIGH,S   (150–200°),1.126,2026-06-12T23:30:00+00:00,1.66,186.4,0.59,9.3,216.4,2026-06-12T23:55:31+00:00,0.591,1.56,rising,2.02,2026-06-13 02:50,-0.35,2026-06-13 10:19,4.9,266,6.8,onshore
2026-06-13T05:13:25.826244+00:00,2026-06-13T03:00:00+00:00,0.682,0.768,HIGH,S   (150–200°),1.126,2026-06-13T04:30:00+00:00,1.51,196.2,0.91,4.86,278.6,2026-06-13T04:55:31+00:00,0.755,1.65,falling,1.08,2026-06-13 16:49,-0.35,2026-06-13 10:19,3.3,130,4.3,offshore
2026-06-13T08:44:18.464265+00:00,2026-06-13T07:00:00+00:00,0.784,0.882,HIGH,S   (150–200°),1.126,2026-06-13T08:00:00+00:00,1.5,186.4,0.95,5.12,270.6,2026-06-13T07:55:31+00:00,0.811,0.1,falling,1.08,2026-06-13 16:49,-0.35,2026-06-13 10:19,1.9,96,3.5,offshore
2026-06-13T11:07:28.017584+00:00,2026-06-13T09:00:00+00:00,0.691,0.773,MEDIUM,NW  (290–330°),1.1175,2026-06-13T10:30:00+00:00,1.6,307.3,0.69,4.86,263.4,2026-06-13T10:55:31+00:00,0.757,-0.09,rising,1.08,2026-06-13 16:49,0.67,2026-06-13 21:03,1.1,142,2.0,sideshore-S
2026-06-13T13:19:53.059132+00:00,2026-06-13T12:00:00+00:00,0.525,0.591,HIGH,S   (150–200°),1.126,2026-06-13T12:30:00+00:00,1.5,197.6,0.55,9.3,231.2,2026-06-13T12:55:31+00:00,0.642,0.44,rising,1.08,2026-06-13 16:49,0.67,2026-06-13 21:03,0.5,143,1.4,sideshore-S
2026-06-13T15:24:10.897885+00:00,2026-06-13T14:00:00+00:00,0.406,0.457,HIGH,S   (150–200°),1.126,2026-06-13T14:30:00+00:00,1.57,199.0,0.51,14.62,180.5,2026-06-13T14:55:31+00:00,0.563,1.07,rising,1.08,2026-06-13 16:49,0.67,2026-06-13 21:03,1.2,125,1.8,offshore
2026-06-13T17:07:34.701425+00:00,2026-06-13T15:00:00+00:00,0.373,0.446,HIGH,SW  (200–230°),1.1951,2026-06-13T16:30:00+00:00,1.57,206.1,0.49,8.52,235.1,2026-06-13T16:55:31+00:00,0.551,1.25,rising,2.13,2026-06-14 03:35,0.67,2026-06-13 21:03,1.8,218,1.8,sideshore-S
2026-06-13T19:04:30.926639+00:00,2026-06-13T17:00:00+00:00,0.36,0.405,HIGH,S   (150–200°),1.126,2026-06-13T18:30:00+00:00,1.39,187.8,0.5,6.82,242.7,2026-06-13T18:55:31+00:00,0.486,1.0,falling,2.13,2026-06-14 03:35,0.67,2026-06-13 21:03,2.5,227,2.6,onshore
2026-06-13T20:59:51.293602+00:00,2026-06-13T19:00:00+00:00,0.339,0.382,HIGH,S   (150–200°),1.126,2026-06-13T20:00:00+00:00,1.35,187.8,0.54,6.02,250.2,2026-06-13T20:55:31+00:00,0.467,0.86,falling,2.13,2026-06-14 03:35,0.67,2026-06-13 21:03,3.0,240,3.2,onshore
2026-06-13T22:04:12.285621+00:00,2026-06-13T20:00:00+00:00,0.336,0.378,HIGH,S   (150–200°),1.126,2026-06-13T21:00:00+00:00,1.52,186.4,0.51,5.68,255.1,2026-06-13T21:55:31+00:00,0.48,0.92,rising,2.13,2026-06-14 03:35,-0.49,2026-06-14 11:06,3.0,233,3.1,onshore
2026-06-13T23:56:01.063736+00:00,2026-06-13T22:00:00+00:00,0.362,0.408,HIGH,S   (150–200°),1.126,2026-06-13T23:00:00+00:00,1.51,186.4,0.5,5.38,257.4,2026-06-13T23:55:31+00:00,0.499,1.32,rising,2.13,2026-06-14 03:35,-0.49,2026-06-14 11:06,4.0,257,4.8,onshore
2026-06-14T02:34:06.495622+00:00,2026-06-14T01:00:00+00:00,0.396,0.446,HIGH,S   (150–200°),1.126,2026-06-14T02:00:00+00:00,1.34,192.0,0.55,3.2,254.3,2026-06-14T01:55:31+00:00,0.517,2.11,rising,2.13,2026-06-14 03:35,-0.49,2026-06-14 11:06,3.1,268,4.5,onshore
2026-06-14T07:13:42.315425+00:00,2026-06-14T05:00:00+00:00,0.435,0.49,HIGH,S   (150–200°),1.126,2026-06-14T06:30:00+00:00,1.71,193.4,0.64,4.26,283.0,2026-06-14T06:55:31+00:00,0.589,1.06,falling,1.12,2026-06-14 17:42,-0.49,2026-06-14 11:06,0.9,306,1.6,onshore
2026-06-14T10:42:37.010879+00:00,2026-06-14T09:00:00+00:00,0.356,0.401,HIGH,S   (150–200°),1.126,2026-06-14T10:00:00+00:00,1.72,192.0,0.57,4.44,261.0,2026-06-14T09:55:31+00:00,0.528,-0.29,falling,1.12,2026-06-14 17:42,-0.49,2026-06-14 11:06,1.1,41,1.2,sideshore-N
2026-06-14T12:55:58.357094+00:00,2026-06-14T11:00:00+00:00,0.367,0.438,HIGH,SW  (200–230°),1.1951,2026-06-14T12:00:00+00:00,1.43,200.4,0.48,17.06,177.5,2026-06-14T12:55:31+00:00,0.522,-0.08,rising,1.12,2026-06-14 17:42,0.7,2026-06-14 21:54,0.8,300,1.6,onshore
2026-06-14T15:04:15.506791+00:00,2026-06-14T13:00:00+00:00,0.366,0.438,HIGH,SW  (200–230°),1.1951,2026-06-14T14:30:00+00:00,1.52,200.4,0.46,14.62,177.6,2026-06-14T14:55:31+00:00,0.531,0.67,rising,1.12,2026-06-14 17:42,0.7,2026-06-14 21:54,0.8,7,0.8,sideshore-N
2026-06-14T17:06:30.386194+00:00,2026-06-14T15:00:00+00:00,0.372,0.419,HIGH,S   (150–200°),1.126,2026-06-14T16:30:00+00:00,1.56,193.4,0.4,14.62,172.4,2026-06-14T16:55:31+00:00,0.526,1.2,rising,1.12,2026-06-14 17:42,0.7,2026-06-14 21:54,0.3,315,0.4,onshore
2026-06-14T19:05:22.122241+00:00,2026-06-14T17:00:00+00:00,0.364,0.41,HIGH,S   (150–200°),1.126,2026-06-14T18:00:00+00:00,1.56,196.2,0.42,17.06,182.4,2026-06-14T18:55:40+00:00,0.525,1.24,falling,2.18,2026-06-15 04:22,0.7,2026-06-14 21:54,2.4,235,2.6,onshore
2026-06-14T20:57:33.486776+00:00,2026-06-14T19:00:00+00:00,0.359,0.404,HIGH,S   (150–200°),1.126,2026-06-14T20:00:00+00:00,1.43,187.8,0.45,14.62,195.5,2026-06-14T20:55:31+00:00,0.49,0.92,falling,2.18,2026-06-15 04:22,0.7,2026-06-14 21:54,3.0,242,3.2,onshore
2026-06-14T22:04:06.142313+00:00,2026-06-14T20:00:00+00:00,0.342,0.385,HIGH,S   (150–200°),1.126,2026-06-14T21:30:00+00:00,1.39,192.0,0.45,14.62,195.5,2026-06-14T20:55:31+00:00,0.481,0.88,rising,2.18,2026-06-15 04:22,-0.56,2026-06-15 11:54,4.2,262,5.1,onshore
2026-06-14T23:59:17.914152+00:00,2026-06-14T22:00:00+00:00,0.341,0.384,HIGH,S   (150–200°),1.126,2026-06-14T23:00:00+00:00,1.35,192.0,0.5,14.62,192.2,2026-06-14T23:36:19+00:00,0.476,1.14,rising,2.18,2026-06-15 04:22,-0.56,2026-06-15 11:54,4.2,262,5.2,onshore
2026-06-15T04:04:50.332672+00:00,2026-06-15T02:00:00+00:00,0.428,0.482,HIGH,S   (150–200°),1.126,2026-06-15T03:30:00+00:00,1.37,196.2,0.66,3.92,266.0,2026-06-15T03:20:19+00:00,0.552,2.23,rising,2.18,2026-06-15 04:22,-0.56,2026-06-15 11:54,2.9,260,5.7,onshore
2026-06-15T10:48:02.047024+00:00,2026-06-15T09:00:00+00:00,0.378,0.425,HIGH,S   (150–200°),1.126,2026-06-15T10:00:00+00:00,1.33,196.2,0.5,14.62,181.3,2026-06-15T10:33:31+00:00,0.511,-0.22,falling,1.14,2026-06-15 18:34,-0.56,2026-06-15 11:54,0.5,297,0.5,onshore
2026-06-15T16:11:11.897987+00:00,2026-06-15T14:00:00+00:00,0.313,0.353,HIGH,S   (150–200°),1.126,2026-06-15T15:30:00+00:00,1.31,196.2,0.33,14.62,178.2,2026-06-15T15:33:31+00:00,0.46,0.72,rising,1.14,2026-06-15 18:34,0.72,2026-06-15 22:46,0.1,225,0.6,onshore
2026-06-15T20:19:25.721726+00:00,2026-06-15T19:00:00+00:00,0.275,0.31,HIGH,S   (150–200°),1.126,2026-06-15T19:30:00+00:00,1.24,185.0,0.37,14.62,176.6,2026-06-15T19:59:55+00:00,0.4,1.12,falling,2.17,2026-06-16 05:10,0.72,2026-06-15 22:46,2.2,246,2.3,onshore
2026-06-15T22:53:20.532097+00:00,2026-06-15T21:00:00+00:00,0.296,0.333,HIGH,S   (150–200°),1.126,2026-06-15T22:00:00+00:00,1.25,182.2,0.43,20.48,209.7,2026-06-15T22:04:31+00:00,0.41,0.89,falling,2.17,2026-06-16 05:10,-0.55,2026-06-16 12:43,4.3,257,5.2,onshore
2026-06-16T06:21:50.155966+00:00,2026-06-16T05:00:00+00:00,0.567,0.639,HIGH,S   (150–200°),1.126,2026-06-16T05:30:00+00:00,1.05,190.6,0.71,4.86,255.8,2026-06-16T05:04:31+00:00,0.61,2.14,falling,1.16,2026-06-16 19:26,-0.55,2026-06-16 12:43,3.1,119,4.2,offshore
2026-06-16T12:00:42.652781+00:00,2026-06-16T10:00:00+00:00,0.668,0.753,HIGH,S   (150–200°),1.126,2026-06-16T11:30:00+00:00,1.39,192.0,0.59,20.48,204.0,2026-06-16T12:01:01+00:00,0.726,-0.31,falling,1.16,2026-06-16 19:26,-0.55,2026-06-16 12:43,2.1,98,3.8,offshore
2026-06-16T16:56:41.922183+00:00,2026-06-16T15:00:00+00:00,0.567,0.677,HIGH,SW  (200–230°),1.1951,2026-06-16T16:00:00+00:00,1.31,227.2,0.49,20.48,209.6,2026-06-16T16:32:31+00:00,0.693,0.75,rising,1.16,2026-06-16 19:26,0.73,2026-06-16 23:41,2.4,123,3.3,offshore
2026-06-16T20:10:06.756801+00:00,2026-06-16T18:00:00+00:00,0.521,0.622,HIGH,SW  (200–230°),1.1951,2026-06-16T19:30:00+00:00,1.36,224.3,0.52,20.48,208.4,2026-06-16T19:13:01+00:00,0.66,1.26,falling,2.08,2026-06-17 06:00,0.73,2026-06-16 23:41,2.8,213,2.8,sideshore-S
2026-06-16T22:46:05.535675+00:00,2026-06-16T21:00:00+00:00,0.537,0.642,HIGH,SW  (200–230°),1.1951,2026-06-16T22:00:00+00:00,1.43,215.9,0.83,20.48,208.2,2026-06-16T22:13:01+00:00,0.669,0.9,falling,2.08,2026-06-17 06:00,0.73,2026-06-16 23:41,2.7,234,2.9,onshore
2026-06-17T00:07:09.363825+00:00,2026-06-16T22:00:00+00:00,0.544,0.651,HIGH,SW  (200–230°),1.1951,2026-06-16T23:30:00+00:00,1.57,214.5,0.63,20.48,210.1,2026-06-16T23:13:01+00:00,0.689,0.83,falling,2.08,2026-06-17 06:00,-0.49,2026-06-17 13:32,4.1,253,5.0,onshore
2026-06-17T05:57:03.595715+00:00,2026-06-17T04:00:00+00:00,0.717,0.857,HIGH,SW  (200–230°),1.1951,2026-06-17T05:00:00+00:00,1.34,218.7,0.84,20.48,206.7,2026-06-17T05:51:01+00:00,0.798,2.15,rising,2.08,2026-06-17 06:00,-0.49,2026-06-17 13:32,3.6,120,5.4,offshore
2026-06-17T10:28:23.140135+00:00,2026-06-17T09:00:00+00:00,0.857,1.024,HIGH,SW  (200–230°),1.1951,2026-06-17T09:30:00+00:00,1.47,217.3,0.67,17.06,210.8,2026-06-17T09:51:01+00:00,0.915,0.68,falling,1.19,2026-06-17 20:18,-0.49,2026-06-17 13:32,4.4,113,6.7,offshore
2026-06-17T14:21:41.050065+00:00,2026-06-17T13:00:00+00:00,0.626,0.748,HIGH,SW  (200–230°),1.1951,2026-06-17T13:30:00+00:00,1.49,218.7,0.57,17.06,199.1,2026-06-17T13:51:01+00:00,0.745,-0.29,rising,1.19,2026-06-17 20:18,0.74,2026-06-18 00:41,2.6,103,4.9,offshore
2026-06-17T17:42:43.603017+00:00,2026-06-17T16:00:00+00:00,0.568,0.679,HIGH,SW  (200–230°),1.1951,2026-06-17T17:00:00+00:00,1.38,217.3,0.64,17.06,200.3,2026-06-17T16:51:01+00:00,0.688,0.69,rising,1.19,2026-06-17 20:18,0.74,2026-06-18 00:41,1.7,126,2.5,offshore
2026-06-17T19:55:44.013544+00:00,2026-06-17T18:00:00+00:00,0.521,0.623,HIGH,SW  (200–230°),1.1951,2026-06-17T19:00:00+00:00,1.36,210.3,0.45,17.06,207.0,2026-06-17T18:51:01+00:00,0.641,1.26,rising,1.19,2026-06-17 20:18,0.74,2026-06-18 00:41,2.0,207,2.1,sideshore-S
2026-06-17T21:51:41.407460+00:00,2026-06-17T20:00:00+00:00,0.513,0.614,HIGH,SW  (200–230°),1.1951,2026-06-17T21:00:00+00:00,1.34,218.7,0.49,17.06,204.3,2026-06-17T21:51:01+00:00,0.643,1.22,falling,1.93,2026-06-18 06:53,0.74,2026-06-18 00:41,2.9,239,3.2,onshore
2026-06-17T23:14:43.443737+00:00,2026-06-17T21:00:00+00:00,0.506,0.605,HIGH,SW  (200–230°),1.1951,2026-06-17T22:30:00+00:00,1.28,213.1,0.59,17.06,207.2,2026-06-17T22:51:01+00:00,0.623,1.02,falling,1.93,2026-06-18 06:53,0.74,2026-06-18 00:41,4.1,263,5.2,onshore
2026-06-18T02:29:15.387285+00:00,2026-06-18T01:00:00+00:00,0.504,0.602,HIGH,SW  (200–230°),1.1951,2026-06-18T01:30:00+00:00,1.38,210.3,0.66,17.06,213.0,2026-06-18T01:51:01+00:00,0.628,0.99,rising,1.93,2026-06-18 06:53,-0.37,2026-06-18 14:21,2.7,255,3.8,onshore
2026-06-18T07:23:43.630848+00:00,2026-06-18T06:00:00+00:00,0.595,0.712,HIGH,SW  (200–230°),1.1951,2026-06-18T06:30:00+00:00,1.28,213.1,0.7,17.06,208.3,2026-06-18T06:51:01+00:00,0.689,1.99,rising,1.24,2026-06-18 21:10,-0.37,2026-06-18 14:21,1.9,108,2.0,offshore
2026-06-18T11:42:44.222188+00:00,2026-06-18T10:00:00+00:00,0.605,0.723,HIGH,SW  (200–230°),1.1951,2026-06-18T11:00:00+00:00,1.61,228.6,0.67,17.06,212.6,2026-06-18T10:51:01+00:00,0.749,0.47,falling,1.24,2026-06-18 21:10,-0.37,2026-06-18 14:21,2.6,79,4.9,offshore
2026-06-18T14:40:28.572518+00:00,2026-06-18T13:00:00+00:00,0.471,0.563,HIGH,SW  (200–230°),1.1951,2026-06-18T14:00:00+00:00,1.38,215.9,0.5,17.06,202.0,2026-06-18T13:51:01+00:00,0.612,-0.25,falling,1.24,2026-06-18 21:10,0.75,2026-06-19 01:50,2.4,68,3.5,offshore
2026-06-18T17:52:38.712905+00:00,2026-06-18T16:00:00+00:00,0.461,0.55,HIGH,SW  (200–230°),1.1951,2026-06-18T17:00:00+00:00,1.39,214.5,0.6,17.06,202.3,2026-06-18T17:51:01+00:00,0.602,0.6,rising,1.24,2026-06-18 21:10,0.75,2026-06-19 01:50,2.0,143,2.7,sideshore-S
2026-06-18T20:06:45.013170+00:00,2026-06-18T18:00:00+00:00,0.427,0.51,HIGH,SW  (200–230°),1.1951,2026-06-18T19:30:00+00:00,1.51,218.7,0.54,17.06,204.6,2026-06-18T19:51:01+00:00,0.596,1.21,rising,1.24,2026-06-18 21:10,0.75,2026-06-19 01:50,1.5,90,2.2,offshore
2026-06-18T22:49:55.361227+00:00,2026-06-18T21:00:00+00:00,0.383,0.458,HIGH,SW  (200–230°),1.1951,2026-06-18T22:00:00+00:00,1.47,203.2,0.51,17.06,200.0,2026-06-18T21:51:01+00:00,0.536,1.21,falling,1.72,2026-06-19 07:49,0.75,2026-06-19 01:50,2.8,240,3.0,onshore
2026-06-19T00:18:14.638461+00:00,2026-06-18T22:00:00+00:00,0.381,0.455,HIGH,SW  (200–230°),1.1951,2026-06-18T23:30:00+00:00,1.36,211.7,0.48,17.06,210.8,2026-06-18T23:51:10+00:00,0.536,1.02,falling,1.72,2026-06-19 07:49,0.75,2026-06-19 01:50,2.9,252,3.3,onshore
2026-06-19T06:05:31.400552+00:00,2026-06-19T04:00:00+00:00,0.435,0.52,HIGH,SW  (200–230°),1.1951,2026-06-19T05:30:00+00:00,1.49,211.7,0.57,17.06,210.3,2026-06-19T05:41:31+00:00,0.59,1.48,rising,1.72,2026-06-19 07:49,-0.21,2026-06-19 15:08,2.2,273,3.8,onshore
2026-06-19T11:11:23.345847+00:00,2026-06-19T09:00:00+00:00,0.426,0.51,HIGH,SW  (200–230°),1.1951,2026-06-19T10:30:00+00:00,1.51,215.9,0.54,14.62,211.3,2026-06-19T11:07:01+00:00,0.591,1.08,falling,1.3,2026-06-19 22:02,-0.21,2026-06-19 15:08,1.9,108,3.0,offshore
2026-06-19T14:37:31.981833+00:00,2026-06-19T13:00:00+00:00,0.424,0.507,HIGH,SW  (200–230°),1.1951,2026-06-19T14:00:00+00:00,1.41,214.5,0.47,14.62,211.4,2026-06-19T14:10:31+00:00,0.577,-0.02,falling,1.3,2026-06-19 22:02,-0.21,2026-06-19 15:08,2.1,71,2.5,offshore
2026-06-19T17:09:38.356118+00:00,2026-06-19T15:00:00+00:00,0.445,0.531,HIGH,SW  (200–230°),1.1951,2026-06-19T16:30:00+00:00,1.27,214.5,0.45,14.62,198.2,2026-06-19T16:10:31+00:00,0.576,0.17,rising,1.3,2026-06-19 22:02,0.75,2026-06-20 03:08,0.8,201,1.1,sideshore-S
2026-06-19T19:22:34.268428+00:00,2026-06-19T18:00:00+00:00,0.388,0.434,MEDIUM,NW  (290–330°),1.1175,2026-06-19T18:30:00+00:00,1.19,307.3,0.44,14.62,208.1,2026-06-19T18:57:55+00:00,0.487,0.87,rising,1.3,2026-06-19 22:02,0.75,2026-06-20 03:08,1.5,238,1.7,onshore
2026-06-19T20:59:09.858375+00:00,2026-06-19T19:00:00+00:00,0.392,0.468,HIGH,SW  (200–230°),1.1951,2026-06-19T20:00:00+00:00,1.5,220.1,0.49,14.62,209.1,2026-06-19T20:57:55+00:00,0.569,1.31,rising,1.3,2026-06-19 22:02,0.75,2026-06-20 03:08,2.3,268,2.7,onshore
2026-06-19T22:02:36.450284+00:00,2026-06-19T20:00:00+00:00,0.389,0.465,HIGH,SW  (200–230°),1.1951,2026-06-19T21:00:00+00:00,1.46,214.5,0.43,14.62,206.7,2026-06-19T21:57:55+00:00,0.555,1.36,rising,1.3,2026-06-19 22:02,0.75,2026-06-20 03:08,3.6,256,4.2,onshore
2026-06-19T23:57:23.740521+00:00,2026-06-19T22:00:00+00:00,0.38,0.454,HIGH,SW  (200–230°),1.1951,2026-06-19T23:00:00+00:00,1.47,217.3,0.5,14.62,208.2,2026-06-19T23:57:55+00:00,0.552,1.26,falling,1.47,2026-06-20 08:50,0.75,2026-06-20 03:08,4.3,269,5.7,onshore
2026-06-20T02:42:34.173877+00:00,2026-06-20T01:00:00+00:00,0.383,0.458,HIGH,SW  (200–230°),1.1951,2026-06-20T02:00:00+00:00,1.27,211.7,0.49,14.62,212.8,2026-06-20T01:57:55+00:00,0.525,0.86,falling,1.47,2026-06-20 08:50,0.75,2026-06-20 03:08,4.2,277,6.9,onshore
2026-06-20T06:52:32.900586+00:00,2026-06-20T05:00:00+00:00,0.464,0.554,HIGH,SW  (200–230°),1.1951,2026-06-20T06:00:00+00:00,1.26,210.3,0.64,4.26,259.6,2026-06-20T05:57:55+00:00,0.581,1.35,rising,1.47,2026-06-20 08:50,-0.02,2026-06-20 15:54,1.2,175,1.3,sideshore-S
2026-06-20T09:56:16.091985+00:00,2026-06-20T08:00:00+00:00,0.493,0.59,HIGH,SW  (200–230°),1.1951,2026-06-20T09:00:00+00:00,1.39,210.3,0.55,14.62,216.2,2026-06-20T08:57:55+00:00,0.618,1.53,falling,1.37,2026-06-20 22:54,-0.02,2026-06-20 15:54,2.2,144,2.5,sideshore-S
2026-06-20T11:50:51.558550+00:00,2026-06-20T10:00:00+00:00,0.444,0.531,HIGH,SW  (200–230°),1.1951,2026-06-20T11:00:00+00:00,1.42,225.8,0.52,14.62,213.2,2026-06-20T10:57:55+00:00,0.603,1.06,falling,1.37,2026-06-20 22:54,-0.02,2026-06-20 15:54,1.9,137,2.4,sideshore-S
2026-06-20T13:22:18.120473+00:00,2026-06-20T12:00:00+00:00,0.459,0.549,HIGH,SW  (200–230°),1.1951,2026-06-20T12:30:00+00:00,1.34,210.3,0.46,14.62,212.6,2026-06-20T12:57:55+00:00,0.586,0.61,falling,1.37,2026-06-20 22:54,-0.02,2026-06-20 15:54,1.3,135,1.3,offshore
2026-06-20T15:27:24.404146+00:00,2026-06-20T14:00:00+00:00,0.414,0.495,HIGH,SW  (200–230°),1.1951,2026-06-20T14:30:00+00:00,1.3,217.3,0.4,14.62,204.9,2026-06-20T14:57:55+00:00,0.558,0.13,falling,1.37,2026-06-20 22:54,-0.02,2026-06-20 15:54,1.3,157,1.8,sideshore-S
2026-06-20T17:13:44.525860+00:00,2026-06-20T15:00:00+00:00,0.403,0.482,HIGH,SW  (200–230°),1.1951,2026-06-20T16:30:00+00:00,1.37,203.2,0.43,14.62,207.6,2026-06-20T16:57:55+00:00,0.536,0.17,rising,1.37,2026-06-20 22:54,0.69,2026-06-21 04:41,2.7,180,2.9,sideshore-S
2026-06-20T19:06:19.026455+00:00,2026-06-20T17:00:00+00:00,0.455,0.544,HIGH,SW  (200–230°),1.1951,2026-06-20T18:30:00+00:00,1.25,206.1,0.42,14.62,201.4,2026-06-20T18:57:55+00:00,0.565,0.65,rising,1.37,2026-06-20 22:54,0.69,2026-06-21 04:41,0.6,301,0.8,onshore
2026-06-20T21:01:35.508001+00:00,2026-06-20T19:00:00+00:00,0.417,0.47,HIGH,S   (150–200°),1.126,2026-06-20T20:30:00+00:00,1.37,196.2,0.53,14.62,206.0,2026-06-20T20:57:55+00:00,0.533,1.22,rising,1.37,2026-06-20 22:54,0.69,2026-06-21 04:41,5.6,266,7.1,onshore
2026-06-20T22:56:31.587744+00:00,2026-06-20T21:00:00+00:00,0.423,0.476,HIGH,S   (150–200°),1.126,2026-06-20T22:00:00+00:00,1.32,192.0,0.6,14.62,204.6,2026-06-20T21:57:55+00:00,0.523,1.48,rising,1.23,2026-06-21 10:01,0.69,2026-06-21 04:41,6.1,269,8.4,onshore
2026-06-20T23:59:10.728007+00:00,2026-06-20T22:00:00+00:00,0.44,0.496,HIGH,S   (150–200°),1.126,2026-06-20T23:00:00+00:00,1.45,189.2,0.72,4.08,265.3,2026-06-20T23:57:55+00:00,0.545,1.42,falling,1.23,2026-06-21 10:01,0.69,2026-06-21 04:41,5.8,272,8.2,onshore
2026-06-21T04:02:49.461032+00:00,2026-06-21T02:00:00+00:00,0.535,0.602,HIGH,S   (150–200°),1.126,2026-06-21T03:30:00+00:00,1.22,183.6,0.75,4.86,256.0,2026-06-21T03:57:55+00:00,0.58,0.75,falling,1.23,2026-06-21 10:01,0.69,2026-06-21 04:41,1.3,212,3.4,sideshore-S
2026-06-21T08:52:33.996462+00:00,2026-06-21T07:00:00+00:00,0.684,0.77,HIGH,S   (150–200°),1.126,2026-06-21T08:00:00+00:00,1.4,192.0,0.59,4.26,248.1,2026-06-21T07:57:55+00:00,0.728,1.22,rising,1.23,2026-06-21 10:01,0.17,2026-06-21 16:42,2.0,143,2.2,sideshore-S
2026-06-21T11:37:47.526201+00:00,2026-06-21T10:00:00+00:00,0.616,0.693,HIGH,S   (150–200°),1.126,2026-06-21T11:00:00+00:00,1.33,196.2,0.5,14.62,203.6,2026-06-21T10:57:55+00:00,0.677,1.22,falling,1.46,2026-06-21 23:44,0.17,2026-06-21 16:42,2.4,120,5.2,offshore
2026-06-21T13:43:43.118452+00:00,2026-06-21T12:00:00+00:00,0.576,0.649,HIGH,S   (150–200°),1.126,2026-06-21T13:00:00+00:00,1.45,192.0,0.52,14.62,204.4,2026-06-21T12:57:55+00:00,0.651,0.76,falling,1.46,2026-06-21 23:44,0.17,2026-06-21 16:42,2.3,105,5.2,offshore
2026-06-21T15:43:47.609504+00:00,2026-06-21T14:00:00+00:00,0.488,0.584,HIGH,SW  (200–230°),1.1951,2026-06-21T14:30:00+00:00,1.29,201.8,0.52,14.62,198.1,2026-06-21T14:57:55+00:00,0.586,0.36,falling,1.46,2026-06-21 23:44,0.17,2026-06-21 16:42,2.5,133,3.0,offshore
2026-06-21T17:15:42.937687+00:00,2026-06-21T15:00:00+00:00,0.449,0.506,HIGH,S   (150–200°),1.126,2026-06-21T16:30:00+00:00,1.28,197.6,0.55,14.62,203.5,2026-06-21T16:57:55+00:00,0.549,0.3,rising,1.46,2026-06-21 23:44,0.56,2026-06-22 06:16,3.2,167,3.4,sideshore-S
2026-06-21T19:10:31.576010+00:00,2026-06-21T17:00:00+00:00,0.432,0.486,HIGH,S   (150–200°),1.126,2026-06-21T18:30:00+00:00,1.33,197.6,0.47,14.62,200.6,2026-06-21T18:57:55+00:00,0.541,0.59,rising,1.46,2026-06-21 23:44,0.56,2026-06-22 06:16,3.6,164,4.0,sideshore-S
2026-06-21T21:02:07.969819+00:00,2026-06-21T19:00:00+00:00,0.431,0.486,HIGH,S   (150–200°),1.126,2026-06-21T20:30:00+00:00,1.31,189.2,0.4,14.62,200.3,2026-06-21T20:57:55+00:00,0.522,1.11,rising,1.46,2026-06-21 23:44,0.56,2026-06-22 06:16,3.0,189,3.2,sideshore-S
2026-06-21T22:57:58.225989+00:00,2026-06-21T21:00:00+00:00,0.372,0.419,HIGH,S   (150–200°),1.126,2026-06-21T22:00:00+00:00,1.28,183.6,0.54,4.08,256.8,2026-06-21T22:57:55+00:00,0.464,1.46,rising,1.46,2026-06-21 23:44,0.56,2026-06-22 06:16,2.7,222,2.9,sideshore-S
2026-06-22T00:06:49.960884+00:00,2026-06-21T22:00:00+00:00,0.417,0.47,HIGH,S   (150–200°),1.126,2026-06-21T23:30:00+00:00,1.27,193.4,0.55,14.62,205.9,2026-06-21T23:57:55+00:00,0.516,1.55,rising,1.03,2026-06-22 11:30,0.56,2026-06-22 06:16,3.2,248,3.6,onshore
2026-06-22T06:17:57.410739+00:00,2026-06-22T04:00:00+00:00,0.644,0.769,HIGH,SW  (200–230°),1.1951,2026-06-22T05:30:00+00:00,1.29,208.9,0.61,4.44,251.8,2026-06-22T05:57:55+00:00,0.712,0.69,falling,1.03,2026-06-22 11:30,0.36,2026-06-22 17:29,2.0,135,2.5,offshore
2026-06-22T12:40:45.439776+00:00,2026-06-22T11:00:00+00:00,0.569,0.641,HIGH,S   (150–200°),1.126,2026-06-22T12:00:00+00:00,1.56,196.2,0.5,14.62,192.5,2026-06-22T11:57:55+00:00,0.664,1.1,falling,1.54,2026-06-23 00:29,0.36,2026-06-22 17:29,2.1,85,4.5,offshore
2026-06-22T17:23:31.649018+00:00,2026-06-22T16:00:00+00:00,0.41,0.462,HIGH,S   (150–200°),1.126,2026-06-22T16:30:00+00:00,1.63,190.6,0.58,4.44,254.2,2026-06-22T16:57:55+00:00,0.543,0.44,falling,1.54,2026-06-23 00:29,0.36,2026-06-22 17:29,2.5,180,2.8,sideshore-S
2026-06-22T20:29:56.864770+00:00,2026-06-22T19:00:00+00:00,0.417,0.469,HIGH,S   (150–200°),1.126,2026-06-22T19:30:00+00:00,1.5,185.0,0.52,5.68,252.1,2026-06-22T19:57:55+00:00,0.523,0.82,rising,1.54,2026-06-23 00:29,0.38,2026-06-23 07:33,3.0,213,3.0,sideshore-S
2026-06-22T22:29:43.729506+00:00,2026-06-22T21:00:00+00:00,0.385,0.433,HIGH,S   (150–200°),1.126,2026-06-22T21:30:00+00:00,1.61,183.6,0.46,14.62,193.4,2026-06-22T21:57:55+00:00,0.508,1.34,rising,1.54,2026-06-23 00:29,0.38,2026-06-23 07:33,3.1,233,3.3,onshore
2026-06-22T23:58:27.742335+00:00,2026-06-22T22:00:00+00:00,0.355,0.399,HIGH,S   (150–200°),1.126,2026-06-22T23:00:00+00:00,1.53,192.0,0.42,14.62,202.2,2026-06-22T23:57:55+00:00,0.494,1.56,rising,1.54,2026-06-23 00:29,0.38,2026-06-23 07:33,2.9,243,3.2,onshore
2026-06-23T02:50:36.889475+00:00,2026-06-23T01:00:00+00:00,0.397,0.474,HIGH,SW  (200–230°),1.1951,2026-06-23T02:00:00+00:00,1.68,200.4,0.46,5.12,255.7,2026-06-23T01:57:55+00:00,0.557,1.36,falling,0.93,2026-06-23 13:07,0.38,2026-06-23 07:33,0.8,187,0.8,sideshore-S
2026-06-23T06:37:38.316645+00:00,2026-06-23T05:00:00+00:00,0.549,0.613,MEDIUM,NW  (290–330°),1.1175,2026-06-23T05:30:00+00:00,1.67,321.4,0.52,4.26,261.2,2026-06-23T05:57:55+00:00,0.629,0.53,falling,0.93,2026-06-23 13:07,0.38,2026-06-23 07:33,2.1,115,4.2,offshore
2026-06-23T10:26:38.482418+00:00,2026-06-23T09:00:00+00:00,0.58,0.653,HIGH,S   (150–200°),1.126,2026-06-23T09:30:00+00:00,1.71,199.0,0.63,4.44,244.8,2026-06-23T09:57:55+00:00,0.692,0.73,rising,0.93,2026-06-23 13:07,0.53,2026-06-23 18:15,2.3,88,7.0,offshore
2026-06-23T13:33:48.285281+00:00,2026-06-23T12:00:00+00:00,0.548,0.655,HIGH,SW  (200–230°),1.1951,2026-06-23T13:00:00+00:00,1.48,203.2,0.58,4.64,251.2,2026-06-23T12:57:55+00:00,0.651,0.96,falling,1.62,2026-06-24 01:10,0.53,2026-06-23 18:15,2.0,84,3.1,offshore
2026-06-23T16:18:28.605362+00:00,2026-06-23T14:00:00+00:00,0.424,0.478,HIGH,S   (150–200°),1.126,2026-06-23T15:30:00+00:00,1.42,199.0,0.49,4.86,253.8,2026-06-23T15:57:55+00:00,0.546,0.74,falling,1.62,2026-06-24 01:10,0.53,2026-06-23 18:15,1.2,171,1.5,sideshore-S
2026-06-23T19:00:23.674212+00:00,2026-06-23T17:00:00+00:00,0.344,0.387,HIGH,S   (150–200°),1.126,2026-06-23T18:00:00+00:00,1.41,199.0,0.44,4.64,257.0,2026-06-23T18:57:55+00:00,0.485,0.62,falling,1.62,2026-06-24 01:10,0.21,2026-06-24 08:33,1.8,153,2.4,sideshore-S
2026-06-23T21:00:52.417111+00:00,2026-06-23T19:00:00+00:00,0.349,0.393,HIGH,S   (150–200°),1.126,2026-06-23T20:30:00+00:00,1.43,193.4,0.41,14.62,208.4,2026-06-23T20:57:55+00:00,0.481,0.92,rising,1.62,2026-06-24 01:10,0.21,2026-06-24 08:33,1.5,217,1.6,sideshore-S
2026-06-23T22:57:24.406923+00:00,2026-06-23T21:00:00+00:00,0.34,0.383,HIGH,S   (150–200°),1.126,2026-06-23T22:00:00+00:00,1.39,193.4,0.42,14.62,194.9,2026-06-23T22:57:55+00:00,0.469,1.39,rising,1.62,2026-06-24 01:10,0.21,2026-06-24 08:33,3.8,253,4.4,onshore
2026-06-23T23:51:05.396955+00:00,2026-06-23T22:00:00+00:00,0.338,0.381,HIGH,S   (150–200°),1.126,2026-06-23T23:00:00+00:00,1.38,183.6,0.42,14.62,194.9,2026-06-23T22:57:55+00:00,0.447,1.54,rising,1.62,2026-06-24 01:10,0.21,2026-06-24 08:33,3.8,255,4.7,onshore
2026-06-24T01:59:54.333478+00:00,2026-06-24T00:00:00+00:00,0.338,0.381,HIGH,S   (150–200°),1.126,2026-06-24T01:00:00+00:00,1.43,190.6,0.64,3.3,262.4,2026-06-24T01:57:55+00:00,0.466,1.68,rising,0.92,2026-06-24 14:40,0.21,2026-06-24 08:33,3.1,255,3.9,onshore
2026-06-24T06:07:12.309028+00:00,2026-06-24T04:00:00+00:00,0.515,0.58,HIGH,S   (150–200°),1.126,2026-06-24T05:30:00+00:00,1.47,183.6,0.67,4.64,257.6,2026-06-24T05:57:55+00:00,0.587,0.74,falling,0.92,2026-06-24 14:40,0.21,2026-06-24 08:33,2.0,120,4.9,offshore
2026-06-24T10:11:46.409240+00:00,2026-06-24T08:00:00+00:00,0.566,0.637,HIGH,S   (150–200°),1.126,2026-06-24T09:30:00+00:00,1.35,193.4,0.49,4.44,254.1,2026-06-24T09:57:55+00:00,0.632,0.4,rising,0.92,2026-06-24 14:40,0.66,2026-06-24 18:58,1.5,82,3.7,offshore
2026-06-24T13:09:26.527906+00:00,2026-06-24T11:00:00+00:00,0.513,0.578,HIGH,S   (150–200°),1.126,2026-06-24T12:30:00+00:00,1.33,193.4,0.54,4.26,253.4,2026-06-24T12:57:55+00:00,0.59,0.94,rising,0.92,2026-06-24 14:40,0.66,2026-06-24 18:58,1.6,120,3.0,offshore
2026-06-24T16:06:15.696413+00:00,2026-06-24T14:00:00+00:00,0.403,0.454,HIGH,S   (150–200°),1.126,2026-06-24T15:30:00+00:00,1.39,192.0,0.46,4.26,253.7,2026-06-24T15:57:55+00:00,0.513,0.98,falling,1.68,2026-06-25 01:48,0.66,2026-06-24 18:58,1.8,135,2.3,offshore
2026-06-24T18:25:53.995931+00:00,2026-06-24T17:00:00+00:00,0.354,0.399,HIGH,S   (150–200°),1.126,2026-06-24T17:30:00+00:00,1.48,193.4,0.42,17.06,204.2,2026-06-24T17:57:55+00:00,0.489,0.79,falling,1.68,2026-06-25 01:48,0.66,2026-06-24 18:58,2.2,185,2.3,sideshore-S
2026-06-24T20:25:46.201590+00:00,2026-06-24T19:00:00+00:00,0.356,0.401,HIGH,S   (150–200°),1.126,2026-06-24T19:30:00+00:00,1.44,185.0,0.43,17.06,196.6,2026-06-24T19:57:55+00:00,0.469,0.82,rising,1.68,2026-06-25 01:48,0.07,2026-06-25 09:22,3.2,206,3.3,sideshore-S
2026-06-24T22:06:09.152393+00:00,2026-06-24T20:00:00+00:00,0.357,0.402,HIGH,S   (150–200°),1.126,2026-06-24T21:30:00+00:00,1.3,183.6,0.39,17.06,197.3,2026-06-24T21:57:55+00:00,0.451,1.11,rising,1.68,2026-06-25 01:48,0.07,2026-06-25 09:22,2.6,234,2.8,onshore
2026-06-24T23:56:11.934184+00:00,2026-06-24T22:00:00+00:00,0.353,0.397,HIGH,S   (150–200°),1.126,2026-06-24T23:00:00+00:00,1.38,182.2,0.41,17.06,197.2,2026-06-24T22:57:55+00:00,0.454,1.5,rising,1.68,2026-06-25 01:48,0.07,2026-06-25 09:22,3.1,248,3.4,onshore
2026-06-25T02:13:10.953721+00:00,2026-06-25T00:00:00+00:00,0.412,0.464,HIGH,S   (150–200°),1.126,2026-06-25T01:30:00+00:00,1.35,186.4,0.72,4.26,260.5,2026-06-25T01:57:55+00:00,0.503,1.71,falling,0.95,2026-06-25 15:54,0.07,2026-06-25 09:22,1.8,225,2.0,onshore
2026-06-25T06:37:56.395736+00:00,2026-06-25T05:00:00+00:00,0.66,0.743,HIGH,S   (150–200°),1.126,2026-06-25T06:00:00+00:00,1.33,187.8,0.72,5.12,265.0,2026-06-25T05:54:31+00:00,0.686,0.67,falling,0.95,2026-06-25 15:54,0.07,2026-06-25 09:22,2.7,118,4.4,offshore
2026-06-25T10:00:21.613997+00:00,2026-06-25T08:00:00+00:00,0.694,0.781,HIGH,S   (150–200°),1.126,2026-06-25T09:30:00+00:00,1.48,187.8,0.64,4.64,242.4,2026-06-25T09:54:31+00:00,0.728,0.22,rising,0.95,2026-06-25 15:54,0.76,2026-06-25 19:39,2.7,86,5.9,offshore
2026-06-25T12:22:42.607583+00:00,2026-06-25T11:00:00+00:00,0.629,0.708,HIGH,S   (150–200°),1.126,2026-06-25T11:30:00+00:00,1.43,193.4,0.56,4.44,241.3,2026-06-25T11:54:31+00:00,0.685,0.57,rising,0.95,2026-06-25 15:54,0.76,2026-06-25 19:39,3.0,105,5.5,offshore
2026-06-25T15:35:35.852814+00:00,2026-06-25T14:00:00+00:00,0.438,0.493,HIGH,S   (150–200°),1.126,2026-06-25T15:00:00+00:00,1.23,192.0,0.55,4.64,225.8,2026-06-25T14:54:31+00:00,0.52,1.1,rising,0.95,2026-06-25 15:54,0.76,2026-06-25 19:39,2.0,101,4.0,offshore
2026-06-25T18:00:22.146720+00:00,2026-06-25T16:00:00+00:00,0.352,0.396,HIGH,S   (150–200°),1.126,2026-06-25T17:00:00+00:00,1.32,194.8,0.47,4.08,235.8,2026-06-25T17:54:31+00:00,0.472,0.92,falling,1.72,2026-06-26 02:24,0.76,2026-06-25 19:39,0.8,210,1.2,sideshore-S
2026-06-25T20:01:50.619867+00:00,2026-06-25T18:00:00+00:00,0.311,0.35,HIGH,S   (150–200°),1.126,2026-06-25T19:30:00+00:00,1.32,183.6,0.39,17.06,191.6,2026-06-25T19:54:31+00:00,0.42,0.89,falling,1.72,2026-06-26 02:24,-0.04,2026-06-26 10:02,2.3,214,2.3,sideshore-S
2026-06-25T22:14:29.836350+00:00,2026-06-25T20:00:00+00:00,0.296,0.334,HIGH,S   (150–200°),1.126,2026-06-25T21:30:00+00:00,1.25,187.8,0.42,3.92,251.2,2026-06-25T21:54:31+00:00,0.41,1.1,rising,1.72,2026-06-26 02:24,-0.04,2026-06-26 10:02,2.5,236,2.7,onshore
2026-06-26T00:02:36.021166+00:00,2026-06-25T22:00:00+00:00,0.292,0.329,HIGH,S   (150–200°),1.126,2026-06-25T23:30:00+00:00,1.11,185.0,0.46,14.62,190.5,2026-06-25T23:54:31+00:00,0.386,1.38,rising,1.72,2026-06-26 02:24,-0.04,2026-06-26 10:02,3.7,254,4.4,onshore
2026-06-26T05:01:21.536336+00:00,2026-06-26T03:00:00+00:00,0.386,0.434,HIGH,S   (150–200°),1.126,2026-06-26T04:00:00+00:00,1.18,190.6,0.89,4.86,272.2,2026-06-26T04:54:31+00:00,0.474,1.42,falling,0.99,2026-06-26 16:45,-0.04,2026-06-26 10:02,2.7,135,3.0,offshore
2026-06-26T08:46:37.896922+00:00,2026-06-26T07:00:00+00:00,0.465,0.524,HIGH,S   (150–200°),1.126,2026-06-26T08:00:00+00:00,1.22,194.8,0.68,4.64,254.0,2026-06-26T07:54:31+00:00,0.546,0.25,falling,0.99,2026-06-26 16:45,-0.04,2026-06-26 10:02,1.7,90,4.5,offshore
2026-06-26T11:36:57.322817+00:00,2026-06-26T10:00:00+00:00,0.491,0.553,HIGH,S   (150–200°),1.126,2026-06-26T11:00:00+00:00,1.34,190.6,0.55,4.08,224.9,2026-06-26T10:54:31+00:00,0.571,0.23,rising,0.99,2026-06-26 16:45,0.82,2026-06-26 20:20,1.8,96,5.0,offshore
2026-06-26T13:56:50.280221+00:00,2026-06-26T12:00:00+00:00,0.428,0.481,HIGH,S   (150–200°),1.126,2026-06-26T13:00:00+00:00,1.31,185.0,0.48,14.62,177.1,2026-06-26T13:54:31+00:00,0.509,0.8,rising,0.99,2026-06-26 16:45,0.82,2026-06-26 20:20,2.9,115,4.1,offshore
2026-06-26T16:07:48.472377+00:00,2026-06-26T14:00:00+00:00,0.357,0.402,HIGH,S   (150–200°),1.126,2026-06-26T15:30:00+00:00,1.49,183.6,0.47,17.06,177.0,2026-06-26T15:54:31+00:00,0.474,1.17,rising,0.99,2026-06-26 16:45,0.82,2026-06-26 20:20,2.0,143,2.9,sideshore-S
2026-06-26T18:20:54.190930+00:00,2026-06-26T17:00:00+00:00,0.331,0.373,HIGH,S   (150–200°),1.126,2026-06-26T17:30:00+00:00,1.51,189.2,0.47,5.12,251.3,2026-06-26T17:54:31+00:00,0.469,1.02,falling,1.76,2026-06-27 02:59,0.82,2026-06-26 20:20,0.4,146,1.2,sideshore-S
2026-06-26T20:25:26.302430+00:00,2026-06-26T19:00:00+00:00,0.34,0.383,HIGH,S   (150–200°),1.126,2026-06-26T19:30:00+00:00,1.61,189.2,0.61,5.38,250.3,2026-06-26T19:54:31+00:00,0.486,0.92,falling,1.76,2026-06-27 02:59,-0.11,2026-06-27 10:38,2.6,217,2.8,sideshore-S
2026-06-26T22:00:13.500979+00:00,2026-06-26T20:00:00+00:00,0.338,0.38,HIGH,S   (150–200°),1.126,2026-06-26T21:00:00+00:00,1.38,187.8,0.62,6.02,247.4,2026-06-26T21:54:31+00:00,0.457,0.94,falling,1.76,2026-06-27 02:59,-0.11,2026-06-27 10:38,2.5,228,2.8,onshore
2026-06-26T23:06:39.420120+00:00,2026-06-26T21:00:00+00:00,0.334,0.376,HIGH,S   (150–200°),1.126,2026-06-26T22:30:00+00:00,1.49,192.0,0.62,4.64,248.1,2026-06-26T22:54:31+00:00,0.475,1.15,rising,1.76,2026-06-27 02:59,-0.11,2026-06-27 10:38,2.1,231,2.3,onshore
2026-06-27T01:57:48.769098+00:00,2026-06-27T00:00:00+00:00,0.404,0.455,HIGH,S   (150–200°),1.126,2026-06-27T01:00:00+00:00,1.43,194.8,0.76,4.26,259.2,2026-06-27T01:54:31+00:00,0.526,1.65,rising,1.76,2026-06-27 02:59,-0.11,2026-06-27 10:38,1.3,167,1.4,sideshore-S
2026-06-27T05:49:54.487177+00:00,2026-06-27T04:00:00+00:00,0.791,0.89,HIGH,S   (150–200°),1.126,2026-06-27T05:00:00+00:00,1.53,185.0,0.89,5.38,247.2,2026-06-27T04:54:31+00:00,0.801,1.32,falling,1.02,2026-06-27 17:24,-0.11,2026-06-27 10:38,3.3,123,4.6,offshore
2026-06-27T08:23:46.694883+00:00,2026-06-27T07:00:00+00:00,0.706,0.795,HIGH,S   (150–200°),1.126,2026-06-27T07:30:00+00:00,1.6,193.4,0.83,5.68,237.9,2026-06-27T08:00:01+00:00,0.765,0.41,falling,1.02,2026-06-27 17:24,-0.11,2026-06-27 10:38,2.2,133,2.7,offshore
2026-06-27T10:51:48.004144+00:00,2026-06-27T09:00:00+00:00,0.688,0.768,MEDIUM,NW  (290–330°),1.1175,2026-06-27T10:00:00+00:00,1.53,305.9,0.64,4.86,247.1,2026-06-27T10:00:01+00:00,0.745,0.04,rising,1.02,2026-06-27 17:24,0.85,2026-06-27 20:59,2.3,128,4.5,offshore
2026-06-27T12:04:39.359069+00:00,2026-06-27T10:00:00+00:00,0.646,0.772,HIGH,SW  (200–230°),1.1951,2026-06-27T11:30:00+00:00,1.47,201.8,0.59,4.44,248.3,2026-06-27T12:00:01+00:00,0.722,0.12,rising,1.02,2026-06-27 17:24,0.85,2026-06-27 20:59,2.6,129,4.4,offshore
2026-06-27T14:21:26.308284+00:00,2026-06-27T13:00:00+00:00,0.581,0.655,HIGH,S   (150–200°),1.126,2026-06-27T13:30:00+00:00,1.22,183.6,0.55,5.12,255.0,2026-06-27T14:00:01+00:00,0.611,0.66,rising,1.02,2026-06-27 17:24,0.85,2026-06-27 20:59,2.5,122,4.0,offshore
2026-06-27T15:57:49.032931+00:00,2026-06-27T14:00:00+00:00,0.526,0.593,HIGH,S   (150–200°),1.126,2026-06-27T15:00:00+00:00,1.36,190.6,0.52,5.12,248.9,2026-06-27T15:00:01+00:00,0.6,1.05,rising,1.02,2026-06-27 17:24,0.85,2026-06-27 20:59,2.4,142,3.1,sideshore-S
2026-06-27T17:03:44.556375+00:00,2026-06-27T15:00:00+00:00,0.478,0.538,HIGH,S   (150–200°),1.126,2026-06-27T16:30:00+00:00,1.41,196.2,0.49,5.38,253.3,2026-06-27T17:00:01+00:00,0.581,,,,,,,2.2,172,2.6,sideshore-S
2026-06-27T19:00:39.148084+00:00,2026-06-27T17:00:00+00:00,0.431,0.485,HIGH,S   (150–200°),1.126,2026-06-27T18:00:00+00:00,1.32,192.0,0.49,5.12,252.8,2026-06-27T19:00:01+00:00,0.529,,,,,,,,,,
2026-06-27T20:08:50.767880+00:00,2026-06-27T18:00:00+00:00,0.445,0.501,HIGH,S   (150–200°),1.126,2026-06-27T19:30:00+00:00,1.32,189.2,0.5,5.38,253.2,2026-06-27T20:00:01+00:00,0.533,0.99,falling,1.79,2026-06-28 03:34,0.85,2026-06-27 20:59,3.0,174,3.1,sideshore-S
2026-06-27T21:51:35.610085+00:00,2026-06-27T20:00:00+00:00,0.431,0.486,HIGH,S   (150–200°),1.126,2026-06-27T21:00:00+00:00,1.4,199.0,0.53,5.68,249.6,2026-06-27T21:00:01+00:00,0.55,1.0,rising,1.79,2026-06-28 03:34,-0.15,2026-06-28 11:11,3.3,215,4.1,sideshore-S
2026-06-27T22:51:41.139079+00:00,2026-06-27T21:00:00+00:00,0.444,0.5,HIGH,S   (150–200°),1.126,2026-06-27T22:00:00+00:00,1.36,186.4,0.66,5.68,257.0,2026-06-27T22:00:01+00:00,0.531,1.03,rising,1.79,2026-06-28 03:34,-0.15,2026-06-28 11:11,1.4,236,3.2,onshore
2026-06-27T23:51:33.403445+00:00,2026-06-27T22:00:00+00:00,0.479,0.539,HIGH,S   (150–200°),1.126,2026-06-27T23:00:00+00:00,1.44,187.8,0.63,5.12,257.1,2026-06-27T23:00:01+00:00,0.568,1.22,rising,1.79,2026-06-28 03:34,-0.15,2026-06-28 11:11,2.4,210,4.8,sideshore-S
2026-06-28T02:08:42.853533+00:00,2026-06-28T00:00:00+00:00,0.579,0.652,HIGH,S   (150–200°),1.126,2026-06-28T01:30:00+00:00,1.55,192.0,1.06,4.86,258.1,2026-06-28T02:00:01+00:00,0.662,1.73,rising,1.79,2026-06-28 03:34,-0.15,2026-06-28 11:11,4.2,312,8.0,onshore
2026-06-28T06:51:47.556298+00:00,2026-06-28T05:00:00+00:00,0.819,0.979,HIGH,SW  (200–230°),1.1951,2026-06-28T06:00:00+00:00,2.03,210.3,0.85,5.38,245.5,2026-06-28T06:00:01+00:00,0.924,1.19,falling,1.04,2026-06-28 17:57,-0.15,2026-06-28 11:11,1.6,60,6.5,offshore
2026-06-28T09:51:06.990081+00:00,2026-06-28T08:00:00+00:00,0.798,0.892,MEDIUM,NW  (290–330°),1.1175,2026-06-28T09:00:00+00:00,2.27,311.5,0.74,4.86,252.7,2026-06-28T09:00:01+00:00,0.896,0.16,falling,1.04,2026-06-28 17:57,-0.15,2026-06-28 11:11,2.1,127,2.7,offshore
2026-06-28T11:30:11.417751+00:00,2026-06-28T10:00:00+00:00,0.792,0.892,HIGH,S   (150–200°),1.126,2026-06-28T10:30:00+00:00,2.19,194.8,0.65,4.86,253.1,2026-06-28T11:00:01+00:00,0.895,-0.07,falling,1.04,2026-06-28 17:57,0.85,2026-06-28 21:38,1.0,163,1.0,sideshore-S
2026-06-28T13:09:36.516832+00:00,2026-06-28T11:00:00+00:00,0.775,0.866,MEDIUM,NW  (290–330°),1.1175,2026-06-28T12:30:00+00:00,2.2,308.7,0.68,5.68,234.6,2026-06-28T13:00:01+00:00,0.876,0.17,rising,1.04,2026-06-28 17:57,0.85,2026-06-28 21:38,1.1,285,1.8,onshore
2026-06-28T15:09:42.844327+00:00,2026-06-28T13:00:00+00:00,0.685,0.765,MEDIUM,NW  (290–330°),1.1175,2026-06-28T14:30:00+00:00,2.1,304.5,0.6,5.12,241.6,2026-06-28T15:00:01+00:00,0.806,0.71,rising,1.04,2026-06-28 17:57,0.85,2026-06-28 21:38,1.5,138,2.3,sideshore-S
2026-06-28T16:55:43.867970+00:00,2026-06-28T15:00:00+00:00,0.592,0.662,MEDIUM,NW  (290–330°),1.1175,2026-06-28T16:00:00+00:00,2.23,304.5,0.67,5.12,251.3,2026-06-28T16:00:01+00:00,0.753,1.08,rising,1.04,2026-06-28 17:57,0.85,2026-06-28 21:38,2.1,166,2.6,sideshore-S
2026-06-28T17:57:49.648878+00:00,2026-06-28T16:00:00+00:00,0.533,0.596,MEDIUM,NW  (290–330°),1.1175,2026-06-28T17:00:00+00:00,2.07,307.3,0.65,5.12,248.1,2026-06-28T17:00:01+00:00,0.687,1.13,rising,1.04,2026-06-28 17:57,0.85,2026-06-28 21:38,2.0,191,2.0,sideshore-S
2026-06-28T19:10:27.714012+00:00,2026-06-28T17:00:00+00:00,0.518,0.579,MEDIUM,NW  (290–330°),1.1175,2026-06-28T18:30:00+00:00,2.17,310.1,0.68,7.86,233.4,2026-06-28T19:00:01+00:00,0.682,1.08,falling,1.81,2026-06-29 04:08,0.85,2026-06-28 21:38,2.7,208,2.9,sideshore-S
2026-06-28T20:49:32.295224+00:00,2026-06-28T19:00:00+00:00,0.497,0.555,MEDIUM,NW  (290–330°),1.1175,2026-06-28T20:00:00+00:00,2.35,310.1,0.69,6.02,247.5,2026-06-28T20:00:01+00:00,0.687,0.94,falling,1.81,2026-06-29 04:08,0.85,2026-06-28 21:38,3.1,233,3.4,onshore
2026-06-28T21:52:11.171833+00:00,2026-06-28T20:00:00+00:00,0.495,0.553,MEDIUM,NW  (290–330°),1.1175,2026-06-28T21:00:00+00:00,2.35,311.5,0.75,5.68,247.8,2026-06-28T21:00:01+00:00,0.683,0.93,falling,1.81,2026-06-29 04:08,-0.18,2026-06-29 11:44,3.2,234,3.5,onshore
2026-06-28T22:51:42.341494+00:00,2026-06-28T21:00:00+00:00,0.531,0.594,MEDIUM,NW  (290–330°),1.1175,2026-06-28T22:00:00+00:00,2.49,312.9,0.87,4.86,258.3,2026-06-28T22:00:01+00:00,0.721,1.01,rising,1.81,2026-06-29 04:08,-0.18,2026-06-29 11:44,2.6,211,2.7,sideshore-S
2026-06-28T23:58:20.646396+00:00,2026-06-28T22:00:00+00:00,0.593,0.662,MEDIUM,NW  (290–330°),1.1175,2026-06-28T23:00:00+00:00,2.47,310.1,0.9,4.64,259.5,2026-06-28T23:00:01+00:00,0.77,1.11,rising,1.81,2026-06-29 04:08,-0.18,2026-06-29 11:44,2.4,152,2.5,sideshore-S
2026-06-29T03:27:44.220308+00:00,2026-06-29T02:00:00+00:00,0.78,0.871,MEDIUM,NW  (290–330°),1.1175,2026-06-29T02:30:00+00:00,2.41,301.7,1.02,5.68,251.7,2026-06-29T03:00:01+00:00,0.915,1.81,rising,1.81,2026-06-29 04:08,-0.18,2026-06-29 11:44,1.6,135,3.0,offshore
2026-06-29T08:47:13.681110+00:00,2026-06-29T07:00:00+00:00,0.732,0.818,MEDIUM,NW  (290–330°),1.1175,2026-06-29T08:00:00+00:00,2.22,307.3,0.89,5.38,237.9,2026-06-29T08:00:01+00:00,0.848,0.66,falling,1.06,2026-06-29 18:28,-0.18,2026-06-29 11:44,2.6,113,5.7,offshore
2026-06-29T12:54:33.302801+00:00,2026-06-29T11:00:00+00:00,0.684,0.764,MEDIUM,NW  (290–330°),1.1175,2026-06-29T12:00:00+00:00,2.62,308.7,0.78,6.4,241.6,2026-06-29T12:00:01+00:00,0.855,0.05,rising,1.06,2026-06-29 18:28,0.84,2026-06-29 22:15,2.9,52,5.4,offshore
2026-06-29T16:31:56.842542+00:00,2026-06-29T15:00:00+00:00,0.504,0.563,MEDIUM,NW  (290–330°),1.1175,2026-06-29T16:00:00+00:00,2.32,311.5,0.74,6.02,250.5,2026-06-29T16:00:01+00:00,0.686,,,,,,,0.9,144,2.0,sideshore-S
2026-06-29T18:56:29.789554+00:00,2026-06-29T17:00:00+00:00,0.531,0.593,MEDIUM,NW  (290–330°),1.1175,2026-06-29T18:00:00+00:00,2.53,314.3,0.68,5.68,250.4,2026-06-29T18:00:01+00:00,0.723,1.17,rising,1.81,2026-06-30 04:41,0.84,2026-06-29 22:15,3.3,155,4.3,sideshore-S
2026-06-29T20:46:12.151736+00:00,2026-06-29T19:00:00+00:00,0.529,0.591,MEDIUM,NW  (290–330°),1.1175,2026-06-29T20:00:00+00:00,2.4,310.1,0.66,7.86,232.6,2026-06-29T20:00:01+00:00,0.716,1.04,falling,1.81,2026-06-30 04:41,0.84,2026-06-29 22:15,2.4,228,2.6,onshore
2026-06-29T22:02:45.169813+00:00,2026-06-29T20:00:00+00:00,0.509,0.569,MEDIUM,NW  (290–330°),1.1175,2026-06-29T21:30:00+00:00,2.64,307.3,0.72,8.52,227.8,2026-06-29T22:00:01+00:00,0.734,,,,,,,3.0,249,3.3,onshore
2026-06-29T23:51:04.106487+00:00,2026-06-29T22:00:00+00:00,0.501,0.56,MEDIUM,NW  (290–330°),1.1175,2026-06-29T23:00:00+00:00,2.5,308.7,0.7,10.24,216.4,2026-06-29T23:00:01+00:00,0.71,1.03,rising,1.81,2026-06-30 04:41,-0.18,2026-06-30 12:16,3.4,246,3.8,onshore
2026-06-30T02:03:44.504089+00:00,2026-06-30T00:00:00+00:00,0.472,0.528,MEDIUM,NW  (290–330°),1.1175,2026-06-30T01:30:00+00:00,2.26,308.7,0.85,5.68,252.0,2026-06-30T02:00:01+00:00,0.662,1.55,rising,1.81,2026-06-30 04:41,-0.18,2026-06-30 12:16,2.1,251,3.5,onshore
2026-06-30T06:43:15.303843+00:00,2026-06-30T05:00:00+00:00,0.766,0.856,MEDIUM,NW  (290–330°),1.1175,2026-06-30T06:00:00+00:00,1.99,317.2,0.98,5.12,269.9,2026-06-30T06:00:01+00:00,0.828,1.63,falling,1.07,2026-06-30 19:00,-0.18,2026-06-30 12:16,1.9,122,3.7,offshore
2026-06-30T10:22:10.879916+00:00,2026-06-30T09:00:00+00:00,0.632,0.707,MEDIUM,NW  (290–330°),1.1175,2026-06-30T09:30:00+00:00,2.27,317.2,0.8,4.86,259.7,2026-06-30T10:00:01+00:00,0.762,0.22,falling,1.07,2026-06-30 19:00,-0.18,2026-06-30 12:16,1.1,105,2.6,offshore
2026-06-30T13:01:25.280744+00:00,2026-06-30T11:00:00+00:00,0.64,0.715,MEDIUM,NW  (290–330°),1.1175,2026-06-30T12:30:00+00:00,2.02,312.9,0.7,5.38,256.1,2026-06-30T13:00:01+00:00,0.749,-0.01,rising,1.07,2026-06-30 19:00,0.83,2026-06-30 22:52,1.2,138,1.7,sideshore-S
2026-06-30T16:13:30.289096+00:00,2026-06-30T14:00:00+00:00,0.514,0.575,MEDIUM,NW  (290–330°),1.1175,2026-06-30T15:30:00+00:00,1.8,320.0,0.66,6.4,242.4,2026-06-30T16:00:01+00:00,0.619,0.75,rising,1.07,2026-06-30 19:00,0.83,2026-06-30 22:52,1.8,171,1.9,sideshore-S
2026-06-30T18:27:08.831634+00:00,2026-06-30T17:00:00+00:00,0.469,0.524,MEDIUM,NW  (290–330°),1.1175,2026-06-30T17:30:00+00:00,1.95,311.5,0.66,6.02,245.9,2026-06-30T18:00:01+00:00,0.62,,,,,,,2.8,212,3.0,sideshore-S
2026-06-30T20:49:25.220449+00:00,2026-06-30T19:00:00+00:00,0.432,0.483,MEDIUM,NW  (290–330°),1.1175,2026-06-30T20:00:00+00:00,2.19,317.2,0.63,6.02,248.6,2026-06-30T20:00:01+00:00,0.609,1.08,falling,1.8,2026-07-01 05:13,0.83,2026-06-30 22:52,3.6,236,4.0,onshore
2026-06-30T22:06:44.638132+00:00,2026-06-30T20:00:00+00:00,0.441,0.493,MEDIUM,NW  (290–330°),1.1175,2026-06-30T21:30:00+00:00,2.14,321.4,0.62,5.38,256.0,2026-06-30T22:00:01+00:00,0.6,0.97,falling,1.8,2026-07-01 05:13,0.83,2026-06-30 22:52,2.9,234,3.2,onshore
2026-06-30T23:55:59.335425+00:00,2026-06-30T22:00:00+00:00,0.493,0.551,MEDIUM,NW  (290–330°),1.1175,2026-06-30T23:00:00+00:00,2.29,310.1,0.66,5.38,260.4,2026-06-30T23:00:01+00:00,0.678,1.01,rising,1.8,2026-07-01 05:13,-0.18,2026-07-01 12:49,3.0,236,3.3,onshore
2026-07-01T02:14:47.336127+00:00,2026-07-01T00:00:00+00:00,0.54,0.603,MEDIUM,NW  (290–330°),1.1175,2026-07-01T01:30:00+00:00,2.11,314.3,0.83,4.64,260.3,2026-07-01T02:00:01+00:00,0.684,1.42,rising,1.8,2026-07-01 05:13,-0.18,2026-07-01 12:49,1.7,163,1.7,sideshore-S
2026-07-01T07:01:17.914673+00:00,2026-07-01T05:00:00+00:00,0.606,0.677,MEDIUM,NW  (290–330°),1.1175,2026-07-01T06:30:00+00:00,1.92,314.3,0.87,5.12,254.4,2026-07-01T07:00:01+00:00,0.711,1.67,falling,1.08,2026-07-01 19:33,-0.18,2026-07-01 12:49,2.8,117,5.7,offshore
2026-07-01T11:00:11.233517+00:00,2026-07-01T09:00:00+00:00,0.603,0.674,MEDIUM,NW  (290–330°),1.1175,2026-07-01T10:00:00+00:00,2.18,322.8,0.74,5.38,253.5,2026-07-01T11:00:01+00:00,0.72,0.28,falling,1.08,2026-07-01 19:33,-0.18,2026-07-01 12:49,1.7,69,3.4,offshore
2026-07-01T13:33:50.107318+00:00,2026-07-01T12:00:00+00:00,0.616,0.688,MEDIUM,NW  (290–330°),1.1175,2026-07-01T13:00:00+00:00,1.91,312.9,0.68,5.68,240.7,2026-07-01T13:00:01+00:00,0.72,-0.01,falling,1.08,2026-07-01 19:33,0.83,2026-07-01 23:30,2.1,59,5.0,offshore
2026-07-01T16:14:21.583781+00:00,2026-07-01T14:00:00+00:00,0.525,0.586,MEDIUM,NW  (290–330°),1.1175,2026-07-01T15:30:00+00:00,2.04,317.2,0.61,6.4,238.4,2026-07-01T16:00:01+00:00,0.659,0.64,rising,1.08,2026-07-01 19:33,0.83,2026-07-01 23:30,0.5,143,1.4,sideshore-S
2026-07-01T18:53:56.353251+00:00,2026-07-01T17:00:00+00:00,0.488,0.546,MEDIUM,NW  (290–330°),1.1175,2026-07-01T18:00:00+00:00,2.23,320.0,0.56,5.68,238.0,2026-07-01T18:00:01+00:00,0.648,1.15,rising,1.08,2026-07-01 19:33,0.83,2026-07-01 23:30,1.1,185,1.3,sideshore-S
2026-07-01T20:44:34.128943+00:00,2026-07-01T19:00:00+00:00,0.48,0.536,MEDIUM,NW  (290–330°),1.1175,2026-07-01T20:00:00+00:00,2.3,322.8,0.59,5.68,246.7,2026-07-01T20:00:01+00:00,0.643,1.15,falling,1.75,2026-07-02 05:46,0.83,2026-07-01 23:30,1.2,209,1.8,sideshore-S
2026-07-01T22:11:15.719973+00:00,2026-07-01T20:00:00+00:00,0.487,0.544,MEDIUM,NW  (290–330°),1.1175,2026-07-01T21:30:00+00:00,2.42,320.0,0.6,6.4,246.1,2026-07-01T22:00:01+00:00,0.668,1.03,falling,1.75,2026-07-02 05:46,0.83,2026-07-01 23:30,2.6,234,2.8,onshore
2026-07-02T00:00:34.871144+00:00,2026-07-01T22:00:00+00:00,0.481,0.538,MEDIUM,NW  (290–330°),1.1175,2026-07-01T23:00:00+00:00,2.38,321.4,0.64,6.4,247.4,2026-07-02T00:00:01+00:00,0.656,0.92,falling,1.75,2026-07-02 05:46,-0.15,2026-07-02 13:21,2.5,247,2.7,onshore
2026-07-02T04:51:19.182651+00:00,2026-07-02T03:00:00+00:00,0.529,0.591,MEDIUM,NW  (290–330°),1.1175,2026-07-02T04:00:00+00:00,1.93,318.6,0.65,5.68,255.1,2026-07-02T04:00:01+00:00,0.647,1.77,rising,1.75,2026-07-02 05:46,-0.15,2026-07-02 13:21,0.7,153,0.9,sideshore-S
2026-07-02T07:59:00.031693+00:00,2026-07-02T06:00:00+00:00,0.658,0.736,MEDIUM,NW  (290–330°),1.1175,2026-07-02T07:00:00+00:00,1.95,318.6,0.77,5.12,262.8,2026-07-02T07:00:01+00:00,0.743,1.56,falling,1.11,2026-07-02 20:07,-0.15,2026-07-02 13:21,2.0,143,2.0,sideshore-S
2026-07-02T10:35:10.221556+00:00,2026-07-02T09:00:00+00:00,0.584,0.652,MEDIUM,NW  (290–330°),1.1175,2026-07-02T10:00:00+00:00,1.73,318.6,0.77,5.68,270.3,2026-07-02T10:00:01+00:00,0.665,0.62,falling,1.11,2026-07-02 20:07,-0.15,2026-07-02 13:21,1.3,103,1.4,offshore
2026-07-02T12:52:08.448583+00:00,2026-07-02T11:00:00+00:00,0.594,0.664,MEDIUM,NW  (290–330°),1.1175,2026-07-02T12:00:00+00:00,1.92,320.0,0.68,6.4,258.9,2026-07-02T12:00:01+00:00,0.69,0.03,falling,1.11,2026-07-02 20:07,-0.15,2026-07-02 13:21,1.2,114,2.7,offshore
2026-07-02T15:03:33.855098+00:00,2026-07-02T13:00:00+00:00,0.571,0.638,MEDIUM,NW  (290–330°),1.1175,2026-07-02T14:30:00+00:00,1.82,322.8,0.62,5.38,251.5,2026-07-02T15:00:01+00:00,0.657,0.17,rising,1.11,2026-07-02 20:07,0.83,2026-07-03 00:13,2.9,108,4.3,offshore
2026-07-02T17:23:49.268072+00:00,2026-07-02T16:00:00+00:00,0.526,0.587,MEDIUM,NW  (290–330°),1.1175,2026-07-02T16:30:00+00:00,1.76,318.6,0.56,6.02,256.6,2026-07-02T17:00:01+00:00,0.626,0.79,rising,1.11,2026-07-02 20:07,0.83,2026-07-03 00:13,2.4,150,3.5,sideshore-S
2026-07-02T19:05:35.565579+00:00,2026-07-02T17:00:00+00:00,0.503,0.562,MEDIUM,NW  (290–330°),1.1175,2026-07-02T18:30:00+00:00,1.9,324.2,0.56,5.68,253.4,2026-07-02T19:00:01+00:00,0.613,1.15,rising,1.11,2026-07-02 20:07,0.83,2026-07-03 00:13,1.4,219,1.5,sideshore-S
2026-07-02T20:50:12.629398+00:00,2026-07-02T19:00:00+00:00,0.465,0.52,MEDIUM,NW  (290–330°),1.1175,2026-07-02T20:00:00+00:00,1.96,321.4,0.57,6.02,250.3,2026-07-02T20:00:01+00:00,0.598,1.19,falling,1.68,2026-07-03 06:21,0.83,2026-07-03 00:13,1.4,236,1.6,onshore
2026-07-02T21:56:49.794794+00:00,2026-07-02T20:00:00+00:00,0.443,0.495,MEDIUM,NW  (290–330°),1.1175,2026-07-02T21:00:00+00:00,1.9,321.4,0.55,5.68,250.5,2026-07-02T21:00:01+00:00,0.575,1.11,falling,1.68,2026-07-03 06:21,0.83,2026-07-03 00:13,2.0,255,2.1,onshore
2026-07-02T22:57:33.771407+00:00,2026-07-02T21:00:00+00:00,0.442,0.494,MEDIUM,NW  (290–330°),1.1175,2026-07-02T22:00:00+00:00,1.82,317.2,0.56,6.4,248.4,2026-07-02T22:00:01+00:00,0.575,1.01,falling,1.68,2026-07-03 06:21,0.83,2026-07-03 00:13,2.7,253,3.0,onshore
2026-07-02T23:59:18.433281+00:00,2026-07-02T22:00:00+00:00,0.433,0.484,MEDIUM,NW  (290–330°),1.1175,2026-07-02T23:00:00+00:00,1.83,318.6,0.6,5.38,253.8,2026-07-03T00:00:01+00:00,0.566,0.94,falling,1.68,2026-07-03 06:21,0.83,2026-07-03 00:13,3.7,259,4.2,onshore
2026-07-03T02:47:56.014876+00:00,2026-07-03T01:00:00+00:00,0.509,0.568,MEDIUM,NW  (290–330°),1.1175,2026-07-03T02:00:00+00:00,1.71,314.3,0.61,6.02,253.0,2026-07-03T02:00:01+00:00,0.617,1.19,rising,1.68,2026-07-03 06:21,-0.09,2026-07-03 13:52,2.8,270,4.2,onshore
2026-07-03T06:19:48.170010+00:00,2026-07-03T05:00:00+00:00,0.571,0.638,MEDIUM,NW  (290–330°),1.1175,2026-07-03T05:30:00+00:00,1.55,303.1,0.68,4.64,267.5,2026-07-03T06:00:01+00:00,0.666,1.8,falling,1.68,2026-07-03 06:21,-0.09,2026-07-03 13:52,,,,
2026-07-03T09:48:29.974464+00:00,2026-07-03T08:00:00+00:00,0.645,0.721,MEDIUM,NW  (290–330°),1.1175,2026-07-03T09:00:00+00:00,1.5,318.6,0.7,5.12,274.4,2026-07-03T09:00:01+00:00,0.684,1.11,falling,1.15,2026-07-03 20:41,-0.09,2026-07-03 13:52,1.7,135,3.6,offshore
2026-07-03T11:58:48.785611+00:00,2026-07-03T10:00:00+00:00,0.648,0.724,MEDIUM,NW  (290–330°),1.1175,2026-07-03T11:00:00+00:00,1.64,312.9,0.6,4.44,288.3,2026-07-03T11:00:01+00:00,0.713,0.38,falling,1.15,2026-07-03 20:41,-0.09,2026-07-03 13:52,2.0,114,4.5,offshore
2026-07-03T13:56:28.077082+00:00,2026-07-03T12:00:00+00:00,0.601,0.671,MEDIUM,NW  (290–330°),1.1175,2026-07-03T13:00:00+00:00,1.51,311.5,0.61,5.68,250.7,2026-07-03T13:00:01+00:00,0.667,0.06,falling,1.15,2026-07-03 20:41,0.83,2026-07-04 01:03,1.6,104,2.8,offshore
2026-07-03T15:49:09.353088+00:00,2026-07-03T14:00:00+00:00,0.483,0.54,MEDIUM,NW  (290–330°),1.1175,2026-07-03T15:00:00+00:00,1.49,317.2,0.54,4.64,251.7,2026-07-03T15:00:01+00:00,0.567,0.29,rising,1.15,2026-07-03 20:41,0.83,2026-07-04 01:03,2.8,117,3.8,offshore
2026-07-03T17:09:43.463491+00:00,2026-07-03T15:00:00+00:00,0.453,0.506,MEDIUM,NW  (290–330°),1.1175,2026-07-03T16:30:00+00:00,1.36,305.9,0.55,6.02,242.1,2026-07-03T17:00:01+00:00,0.554,0.67,rising,1.15,2026-07-03 20:41,0.83,2026-07-04 01:03,3.5,139,4.3,sideshore-S
2026-07-03T18:58:08.922539+00:00,2026-07-03T17:00:00+00:00,0.433,0.488,HIGH,S   (150–200°),1.126,2026-07-03T18:00:00+00:00,1.34,196.2,0.51,5.12,238.9,2026-07-03T18:00:01+00:00,0.541,1.17,rising,1.15,2026-07-03 20:41,0.83,2026-07-04 01:03,3.0,172,3.2,sideshore-S
2026-07-03T20:12:16.487965+00:00,2026-07-03T18:00:00+00:00,0.421,0.47,MEDIUM,NW  (290–330°),1.1175,2026-07-03T19:30:00+00:00,1.35,307.3,0.56,5.38,249.5,2026-07-03T20:00:01+00:00,0.527,1.26,rising,1.15,2026-07-03 20:41,0.83,2026-07-04 01:03,3.2,189,3.4,sideshore-S
2026-07-03T21:54:07.260467+00:00,2026-07-03T20:00:00+00:00,0.42,0.473,HIGH,S   (150–200°),1.126,2026-07-03T21:00:00+00:00,1.46,187.8,0.54,6.82,251.5,2026-07-03T21:00:01+00:00,0.528,1.22,falling,1.56,2026-07-04 06:58,0.83,2026-07-04 01:03,2.5,209,2.5,sideshore-S
2026-07-03T22:52:22.778894+00:00,2026-07-03T21:00:00+00:00,0.392,0.441,HIGH,S   (150–200°),1.126,2026-07-03T22:00:00+00:00,1.3,197.6,0.51,4.86,261.4,2026-07-03T22:00:01+00:00,0.509,1.15,falling,1.56,2026-07-04 06:58,0.83,2026-07-04 01:03,2.6,223,2.7,sideshore-S
2026-07-03T23:54:31.173343+00:00,2026-07-03T22:00:00+00:00,0.356,0.4,HIGH,S   (150–200°),1.126,2026-07-03T23:00:00+00:00,1.29,179.3,0.51,5.68,252.4,2026-07-03T23:00:01+00:00,0.445,0.94,falling,1.56,2026-07-04 06:58,0.83,2026-07-04 01:03,,,,
2026-07-04T01:44:36.863927+00:00,2026-07-04T00:00:00+00:00,0.376,0.424,HIGH,S   (150–200°),1.126,2026-07-04T01:00:00+00:00,1.4,190.6,0.57,6.02,252.3,2026-07-04T01:00:01+00:00,0.495,0.95,rising,1.56,2026-07-04 06:58,-0.01,2026-07-04 14:23,,,,
2026-07-04T05:34:25.401787+00:00,2026-07-04T04:00:00+00:00,0.491,0.549,MEDIUM,NW  (290–330°),1.1175,2026-07-04T05:00:00+00:00,1.35,311.5,0.74,4.44,270.0,2026-07-04T05:00:01+00:00,0.57,1.55,rising,1.56,2026-07-04 06:58,-0.01,2026-07-04 14:23,0.7,278,1.5,onshore
2026-07-04T08:18:49.401413+00:00,2026-07-04T07:00:00+00:00,0.517,0.578,MEDIUM,NW  (290–330°),1.1175,2026-07-04T07:30:00+00:00,1.4,310.1,0.69,4.86,271.9,2026-07-04T08:00:01+00:00,0.597,1.62,falling,1.2,2026-07-04 21:16,-0.01,2026-07-04 14:23,1.9,65,2.3,offshore
2026-07-04T10:47:15.021687+00:00,2026-07-04T09:00:00+00:00,0.567,0.639,HIGH,S   (150–200°),1.126,2026-07-04T10:00:00+00:00,1.43,190.6,0.59,4.86,281.5,2026-07-04T10:00:01+00:00,0.638,0.9,falling,1.2,2026-07-04 21:16,-0.01,2026-07-04 14:23,1.8,61,2.7,offshore
2026-07-04T12:00:06.775286+00:00,2026-07-04T10:00:00+00:00,0.549,0.619,HIGH,S   (150–200°),1.126,2026-07-04T11:00:00+00:00,1.33,180.8,0.51,5.12,264.1,2026-07-04T12:00:01+00:00,0.593,0.57,falling,1.2,2026-07-04 21:16,-0.01,2026-07-04 14:23,1.6,52,1.8,offshore
2026-07-04T13:27:11.194190+00:00,2026-07-04T12:00:00+00:00,0.483,0.544,HIGH,S   (150–200°),1.126,2026-07-04T12:30:00+00:00,1.24,185.0,0.51,5.38,257.4,2026-07-04T13:00:01+00:00,0.544,0.25,falling,1.2,2026-07-04 21:16,-0.01,2026-07-04 14:23,2.0,41,2.3,sideshore-N
2026-07-04T14:56:42.523004+00:00,2026-07-04T13:00:00+00:00,0.464,0.523,HIGH,S   (150–200°),1.126,2026-07-04T14:00:00+00:00,1.25,183.6,0.49,5.38,259.4,2026-07-04T14:00:01+00:00,0.528,0.16,rising,1.2,2026-07-04 21:16,0.82,2026-07-05 02:03,1.6,63,1.8,offshore
2026-07-04T15:55:29.916857+00:00,2026-07-04T14:00:00+00:00,0.44,0.496,HIGH,S   (150–200°),1.126,2026-07-04T15:00:00+00:00,1.21,176.5,0.47,4.86,265.3,2026-07-04T15:00:01+00:00,0.49,0.26,rising,1.2,2026-07-04 21:16,0.82,2026-07-05 02:03,1.1,131,2.0,offshore
2026-07-04T16:50:10.104421+00:00,2026-07-04T15:00:00+00:00,0.406,0.458,HIGH,S   (150–200°),1.126,2026-07-04T16:00:00+00:00,1.28,194.8,0.46,4.64,266.9,2026-07-04T16:00:01+00:00,0.512,0.51,rising,1.2,2026-07-04 21:16,0.82,2026-07-05 02:03,0.4,194,0.8,sideshore-S
2026-07-04T17:53:56.606908+00:00,2026-07-04T16:00:00+00:00,0.384,0.433,HIGH,S   (150–200°),1.126,2026-07-04T17:00:00+00:00,1.26,189.2,0.42,6.02,262.7,2026-07-04T17:00:01+00:00,0.482,0.72,rising,1.2,2026-07-04 21:16,0.82,2026-07-05 02:03,0.8,240,1.0,onshore
2026-07-04T18:52:11.111868+00:00,2026-07-04T17:00:00+00:00,0.361,0.406,HIGH,S   (150–200°),1.126,2026-07-04T18:00:00+00:00,1.16,186.4,0.39,4.44,269.4,2026-07-04T18:00:01+00:00,0.448,0.96,rising,1.2,2026-07-04 21:16,0.82,2026-07-05 02:03,0.5,191,0.5,sideshore-S
2026-07-04T20:03:01.436027+00:00,2026-07-04T18:00:00+00:00,0.354,0.398,HIGH,S   (150–200°),1.126,2026-07-04T19:30:00+00:00,1.09,194.8,0.42,14.62,153.0,2026-07-04T20:00:01+00:00,0.452,1.18,rising,1.2,2026-07-04 21:16,0.82,2026-07-05 02:03,3.0,200,3.3,sideshore-S
2026-07-04T21:45:02.778209+00:00,2026-07-04T20:00:00+00:00,0.314,0.353,HIGH,S   (150–200°),1.126,2026-07-04T21:00:00+00:00,1.3,182.2,0.4,14.62,168.4,2026-07-04T21:00:01+00:00,0.42,1.28,falling,1.41,2026-07-05 07:41,0.82,2026-07-05 02:03,3.0,243,3.3,onshore
2026-07-04T22:44:37.766359+00:00,2026-07-04T21:00:00+00:00,0.297,0.335,HIGH,S   (150–200°),1.126,2026-07-04T22:00:00+00:00,1.22,183.6,0.41,14.62,177.6,2026-07-04T22:00:01+00:00,0.402,1.24,falling,1.41,2026-07-05 07:41,0.82,2026-07-05 02:03,2.7,243,2.8,onshore
2026-07-04T23:51:05.577529+00:00,2026-07-04T22:00:00+00:00,0.296,0.333,HIGH,S   (150–200°),1.126,2026-07-04T23:00:00+00:00,1.2,180.8,0.37,5.38,263.5,2026-07-04T23:00:01+00:00,0.393,1.07,falling,1.41,2026-07-05 07:41,0.82,2026-07-05 02:03,2.2,249,2.4,onshore
2026-07-05T01:49:10.992155+00:00,2026-07-05T00:00:00+00:00,0.284,0.32,HIGH,S   (150–200°),1.126,2026-07-05T01:00:00+00:00,1.22,186.4,0.41,6.4,252.2,2026-07-05T01:00:01+00:00,0.398,0.92,falling,1.41,2026-07-05 07:41,0.82,2026-07-05 02:03,1.9,261,2.2,onshore
2026-07-05T05:52:55.361613+00:00,2026-07-05T04:00:00+00:00,0.477,0.533,MEDIUM,NW  (290–330°),1.1175,2026-07-05T05:00:00+00:00,1.37,315.8,,,,,0.554,1.32,rising,1.41,2026-07-05 07:41,0.11,2026-07-05 14:54,1.5,191,1.6,sideshore-S
2026-07-05T08:37:14.885364+00:00,2026-07-05T07:00:00+00:00,0.511,0.576,HIGH,S   (150–200°),1.126,2026-07-05T08:00:00+00:00,1.41,185.0,0.54,4.86,264.1,2026-07-05T07:38:01+00:00,0.581,1.5,falling,1.28,2026-07-05 21:52,0.11,2026-07-05 14:54,1.8,68,2.5,offshore
2026-07-05T10:56:40.178154+00:00,2026-07-05T09:00:00+00:00,0.511,0.571,MEDIUM,NW  (290–330°),1.1175,2026-07-05T10:00:00+00:00,1.55,314.3,0.59,5.12,279.3,2026-07-05T10:38:01+00:00,0.601,1.04,falling,1.28,2026-07-05 21:52,0.11,2026-07-05 14:54,1.6,86,2.6,offshore
2026-07-05T12:09:49.783509+00:00,2026-07-05T10:00:00+00:00,0.514,0.574,MEDIUM,NW  (290–330°),1.1175,2026-07-05T11:00:00+00:00,1.45,320.0,0.59,5.12,279.3,2026-07-05T10:38:01+00:00,0.58,0.7,falling,1.28,2026-07-05 21:52,0.11,2026-07-05 14:54,1.8,90,3.9,offshore
2026-07-05T14:23:50.690067+00:00,2026-07-05T13:00:00+00:00,0.644,0.725,HIGH,S   (150–200°),1.126,2026-07-05T13:30:00+00:00,1.54,187.8,0.67,4.44,246.7,2026-07-05T13:25:31+00:00,0.698,0.28,falling,1.28,2026-07-05 21:52,0.11,2026-07-05 14:54,2.3,110,3.9,offshore
2026-07-05T15:58:54.017090+00:00,2026-07-05T14:00:00+00:00,0.619,0.697,HIGH,S   (150–200°),1.126,2026-07-05T15:00:00+00:00,1.44,189.2,0.67,5.12,253.5,2026-07-05T15:25:31+00:00,0.672,0.29,rising,1.28,2026-07-05 21:52,0.78,2026-07-06 03:15,2.7,158,3.2,sideshore-S
2026-07-05T17:06:29.035666+00:00,2026-07-05T15:00:00+00:00,0.537,0.605,HIGH,S   (150–200°),1.126,2026-07-05T16:30:00+00:00,1.49,196.2,0.64,5.12,249.8,2026-07-05T16:29:22+00:00,0.631,0.47,rising,1.28,2026-07-05 21:52,0.78,2026-07-06 03:15,2.8,109,3.8,offshore
2026-07-05T18:57:01.358197+00:00,2026-07-05T17:00:00+00:00,0.455,0.508,MEDIUM,NW  (290–330°),1.1175,2026-07-05T18:00:00+00:00,1.45,314.3,0.57,4.44,250.7,2026-07-05T18:42:31+00:00,0.549,0.94,rising,1.28,2026-07-05 21:52,0.78,2026-07-06 03:15,2.9,174,3.0,sideshore-S
2026-07-05T20:07:16.779990+00:00,2026-07-05T18:00:00+00:00,0.429,0.483,HIGH,S   (150–200°),1.126,2026-07-05T19:30:00+00:00,1.52,194.8,0.59,4.64,257.3,2026-07-05T19:42:31+00:00,0.554,1.19,rising,1.28,2026-07-05 21:52,0.78,2026-07-06 03:15,2.3,195,2.9,sideshore-S
2026-07-05T21:47:45.766044+00:00,2026-07-05T20:00:00+00:00,0.436,0.522,HIGH,SW  (200–230°),1.1951,2026-07-05T21:00:00+00:00,1.4,204.7,0.68,4.44,264.1,2026-07-05T21:42:31+00:00,0.564,1.37,rising,1.28,2026-07-05 21:52,0.78,2026-07-06 03:15,3.9,251,4.5,onshore
2026-07-05T22:47:19.850241+00:00,2026-07-05T21:00:00+00:00,0.461,0.519,HIGH,S   (150–200°),1.126,2026-07-05T22:00:00+00:00,1.38,197.6,0.77,4.64,262.2,2026-07-05T22:42:31+00:00,0.567,1.39,falling,1.22,2026-07-06 08:36,0.78,2026-07-06 03:15,3.6,252,4.0,onshore
2026-07-05T23:54:08.087595+00:00,2026-07-05T22:00:00+00:00,0.486,0.548,HIGH,S   (150–200°),1.126,2026-07-05T23:00:00+00:00,1.52,199.0,0.86,4.86,268.4,2026-07-05T23:42:31+00:00,0.604,1.23,falling,1.22,2026-07-06 08:36,0.78,2026-07-06 03:15,2.5,233,2.6,onshore
2026-07-06T01:55:34.500532+00:00,2026-07-06T00:00:00+00:00,0.644,0.725,HIGH,S   (150–200°),1.126,2026-07-06T01:00:00+00:00,1.47,186.4,1.01,5.38,260.4,2026-07-06T01:42:31+00:00,0.689,0.94,falling,1.22,2026-07-06 08:36,0.78,2026-07-06 03:15,1.5,233,1.7,onshore
2026-07-06T06:16:43.756637+00:00,2026-07-06T04:00:00+00:00,0.745,0.839,HIGH,S   (150–200°),1.126,2026-07-06T05:30:00+00:00,1.68,190.6,0.89,5.68,258.3,2026-07-06T04:42:31+00:00,0.796,1.13,rising,1.22,2026-07-06 08:36,0.25,2026-07-06 15:27,3.1,117,4.6,offshore
2026-07-06T11:20:03.675015+00:00,2026-07-06T10:00:00+00:00,0.708,0.791,MEDIUM,NW  (290–330°),1.1175,2026-07-06T10:30:00+00:00,1.88,310.1,0.76,5.38,260.9,2026-07-06T09:57:31+00:00,0.79,1.06,falling,1.38,2026-07-06 22:31,0.25,2026-07-06 15:27,2.0,143,4.0,sideshore-S
2026-07-06T14:52:31.883431+00:00,2026-07-06T13:00:00+00:00,0.611,0.688,HIGH,S   (150–200°),1.126,2026-07-06T14:00:00+00:00,1.78,192.0,,,,,0.713,0.41,falling,1.38,2026-07-06 22:31,0.25,2026-07-06 15:27,1.1,265,1.3,onshore
2026-07-06T17:32:59.116235+00:00,2026-07-06T16:00:00+00:00,0.527,0.594,HIGH,S   (150–200°),1.126,2026-07-06T17:00:00+00:00,1.54,189.2,0.64,5.68,258.7,2026-07-06T16:57:55+00:00,0.62,0.55,rising,1.38,2026-07-06 22:31,0.68,2026-07-07 04:47,1.3,198,1.3,sideshore-S
2026-07-06T19:35:25.729417+00:00,2026-07-06T18:00:00+00:00,0.522,0.588,HIGH,S   (150–200°),1.126,2026-07-06T19:00:00+00:00,1.52,194.8,0.58,4.86,263.5,2026-07-06T18:57:55+00:00,0.625,1.04,rising,1.38,2026-07-06 22:31,0.68,2026-07-07 04:47,2.3,190,2.4,sideshore-S
2026-07-06T21:18:21.802951+00:00,2026-07-06T19:00:00+00:00,0.551,0.62,HIGH,S   (150–200°),1.126,2026-07-06T20:30:00+00:00,1.76,199.0,0.75,5.12,260.7,2026-07-06T20:57:55+00:00,0.68,1.42,rising,1.38,2026-07-06 22:31,0.68,2026-07-07 04:47,2.6,212,2.6,sideshore-S
2026-07-06T22:54:54.957182+00:00,2026-07-06T21:00:00+00:00,0.596,0.678,LOW,WNW (260–290°),1.1382,2026-07-06T22:00:00+00:00,1.8,265.1,0.95,5.38,257.4,2026-07-06T21:57:55+00:00,0.761,1.46,rising,1.03,2026-07-07 09:53,0.68,2026-07-07 04:47,2.3,227,2.3,onshore
2026-07-06T23:56:35.933522+00:00,2026-07-06T22:00:00+00:00,0.693,0.828,HIGH,SW  (200–230°),1.1951,2026-07-06T23:00:00+00:00,1.93,201.8,1.0,5.12,262.4,2026-07-06T22:57:55+00:00,0.808,1.39,falling,1.03,2026-07-07 09:53,0.68,2026-07-07 04:47,1.7,225,1.7,onshore
2026-07-07T02:06:40.200020+00:00,2026-07-07T00:00:00+00:00,0.823,0.92,MEDIUM,NW  (290–330°),1.1175,2026-07-07T01:30:00+00:00,1.92,294.7,1.17,5.68,258.5,2026-07-07T01:57:55+00:00,0.907,1.04,falling,1.03,2026-07-07 09:53,0.68,2026-07-07 04:47,1.4,176,1.8,sideshore-S
2026-07-07T06:33:51.912564+00:00,2026-07-07T05:00:00+00:00,1.005,1.144,LOW,WNW (260–290°),1.1382,2026-07-07T06:00:00+00:00,1.94,279.2,0.75,4.86,251.9,2026-07-07T05:57:55+00:00,1.066,0.88,rising,1.03,2026-07-07 09:53,0.4,2026-07-07 16:04,2.2,190,2.2,sideshore-S
2026-07-07T10:16:42.738242+00:00,2026-07-07T08:00:00+00:00,0.954,1.074,HIGH,S   (150–200°),1.126,2026-07-07T09:30:00+00:00,1.99,199.0,0.79,5.12,231.5,2026-07-07T09:57:55+00:00,1.0,1.21,rising,1.51,2026-07-07 23:14,0.4,2026-07-07 16:04,2.3,135,3.9,offshore
2026-07-07T13:09:29.122076+00:00,2026-07-07T11:00:00+00:00,0.811,0.906,MEDIUM,NW  (290–330°),1.1175,2026-07-07T12:30:00+00:00,2.16,294.7,0.92,5.68,246.7,2026-07-07T12:57:55+00:00,0.923,0.86,falling,1.51,2026-07-07 23:14,0.4,2026-07-07 16:04,2.0,123,3.9,offshore
2026-07-07T16:15:12.634632+00:00,2026-07-07T14:00:00+00:00,0.673,0.804,HIGH,SW  (200–230°),1.1951,2026-07-07T15:00:00+00:00,2.03,215.9,0.71,5.12,253.2,2026-07-07T16:09:19+00:00,0.825,0.54,rising,1.51,2026-07-07 23:14,0.49,2026-07-08 06:22,1.5,172,1.6,sideshore-S
2026-07-07T18:53:06.862080+00:00,2026-07-07T17:00:00+00:00,0.67,0.749,MEDIUM,NW  (290–330°),1.1175,2026-07-07T18:00:00+00:00,2.01,304.5,0.76,6.02,252.2,2026-07-07T18:09:19+00:00,0.786,0.77,rising,1.51,2026-07-07 23:14,0.49,2026-07-08 06:22,2.5,220,2.6,sideshore-S
2026-07-07T20:43:24.844755+00:00,2026-07-07T19:00:00+00:00,0.653,0.781,HIGH,SW  (200–230°),1.1951,2026-07-07T20:00:00+00:00,2.09,208.9,0.78,17.06,206.4,2026-07-07T20:09:19+00:00,0.807,1.25,rising,1.51,2026-07-07 23:14,0.49,2026-07-08 06:22,2.7,211,2.7,sideshore-S
2026-07-07T22:03:20.444492+00:00,2026-07-07T20:00:00+00:00,0.658,0.787,HIGH,SW  (200–230°),1.1951,2026-07-07T21:30:00+00:00,2.29,203.2,0.83,4.26,254.5,2026-07-07T21:09:19+00:00,0.824,1.52,rising,1.51,2026-07-07 23:14,0.49,2026-07-08 06:22,2.6,247,2.8,onshore
2026-07-07T23:44:02.354869+00:00,2026-07-07T22:00:00+00:00,0.822,0.926,HIGH,S   (150–200°),1.126,2026-07-07T23:00:00+00:00,2.19,199.0,1.07,5.68,258.6,2026-07-07T23:09:19+00:00,0.924,1.64,rising,0.9,2026-07-08 11:47,0.49,2026-07-08 06:22,2.0,237,2.2,onshore
2026-07-08T01:23:09.548836+00:00,2026-07-08T00:00:00+00:00,0.921,1.03,MEDIUM,NW  (290–330°),1.1175,2026-07-08T00:30:00+00:00,2.21,305.9,1.39,5.38,260.7,2026-07-08T01:09:19+00:00,0.989,1.41,falling,0.9,2026-07-08 11:47,0.49,2026-07-08 06:22,1.5,233,1.6,onshore
2026-07-08T04:56:00.963299+00:00,2026-07-08T03:00:00+00:00,0.991,1.108,MEDIUM,NW  (290–330°),1.1175,2026-07-08T04:00:00+00:00,2.46,317.2,1.16,5.38,249.2,2026-07-08T04:09:19+00:00,1.047,0.7,falling,0.9,2026-07-08 11:47,0.49,2026-07-08 06:22,2.1,209,2.1,sideshore-S
2026-07-08T07:22:20.091005+00:00,2026-07-08T06:00:00+00:00,0.986,1.102,MEDIUM,NW  (290–330°),1.1175,2026-07-08T06:30:00+00:00,2.55,314.3,0.92,5.38,252.0,2026-07-08T07:09:19+00:00,1.06,0.66,rising,0.9,2026-07-08 11:47,0.55,2026-07-08 16:50,1.9,189,1.9,sideshore-S
2026-07-08T10:04:14.261373+00:00,2026-07-08T08:00:00+00:00,0.993,1.109,MEDIUM,NW  (290–330°),1.1175,2026-07-08T09:30:00+00:00,2.65,320.0,0.87,5.38,242.2,2026-07-08T09:09:19+00:00,1.063,0.88,rising,0.9,2026-07-08 11:47,0.55,2026-07-08 16:50,2.5,113,4.7,offshore
2026-07-08T12:11:56.342116+00:00,2026-07-08T10:00:00+00:00,0.993,1.11,MEDIUM,NW  (290–330°),1.1175,2026-07-08T11:30:00+00:00,2.8,315.8,0.87,6.02,244.0,2026-07-08T12:09:19+00:00,1.087,0.95,falling,1.65,2026-07-09 00:00,0.55,2026-07-08 16:50,2.1,121,4.2,offshore
2026-07-08T15:06:34.021836+00:00,2026-07-08T13:00:00+00:00,0.792,0.886,MEDIUM,NW  (290–330°),1.1175,2026-07-08T14:30:00+00:00,2.94,308.7,0.9,5.68,252.1,2026-07-08T14:09:19+00:00,0.97,0.79,falling,1.65,2026-07-09 00:00,0.55,2026-07-08 16:50,0.5,202,0.8,sideshore-S
2026-07-08T17:16:15.617837+00:00,2026-07-08T15:00:00+00:00,0.666,0.745,MEDIUM,NW  (290–330°),1.1175,2026-07-08T16:30:00+00:00,2.83,308.7,0.93,5.38,251.7,2026-07-08T16:09:28+00:00,0.866,0.65,falling,1.65,2026-07-09 00:00,0.25,2026-07-09 07:34,2.5,191,2.5,sideshore-S
2026-07-08T19:02:35.844242+00:00,2026-07-08T17:00:00+00:00,0.631,0.705,MEDIUM,NW  (290–330°),1.1175,2026-07-08T18:30:00+00:00,3.07,318.6,0.79,5.12,246.1,2026-07-08T18:25:01+00:00,0.847,0.81,rising,1.65,2026-07-09 00:00,0.25,2026-07-09 07:34,2.4,199,2.5,sideshore-S
2026-07-08T20:53:34.683698+00:00,2026-07-08T19:00:00+00:00,0.594,0.664,MEDIUM,NW  (290–330°),1.1175,2026-07-08T20:00:00+00:00,2.93,312.9,0.81,6.02,260.6,2026-07-08T20:25:01+00:00,0.816,1.23,rising,1.65,2026-07-09 00:00,0.25,2026-07-09 07:34,3.2,146,3.5,sideshore-S
2026-07-08T21:56:35.292107+00:00,2026-07-08T20:00:00+00:00,0.681,0.761,MEDIUM,NW  (290–330°),1.1175,2026-07-08T21:00:00+00:00,3.14,304.5,0.98,5.38,253.1,2026-07-08T21:25:01+00:00,0.92,1.48,rising,1.65,2026-07-09 00:00,0.25,2026-07-09 07:34,3.0,153,3.3,sideshore-S
2026-07-08T22:56:26.939678+00:00,2026-07-08T21:00:00+00:00,0.749,0.837,MEDIUM,NW  (290–330°),1.1175,2026-07-08T22:00:00+00:00,2.91,311.5,1.12,5.38,255.4,2026-07-08T22:25:01+00:00,0.929,1.67,rising,1.65,2026-07-09 00:00,0.25,2026-07-09 07:34,2.9,158,3.0,sideshore-S
2026-07-08T23:59:55.453027+00:00,2026-07-08T22:00:00+00:00,0.793,0.887,MEDIUM,NW  (290–330°),1.1175,2026-07-08T23:00:00+00:00,2.98,314.3,1.1,5.68,266.2,2026-07-08T23:25:01+00:00,0.964,1.73,rising,1.65,2026-07-09 00:00,0.25,2026-07-09 07:34,2.7,167,2.8,sideshore-S
2026-07-09T03:17:38.360335+00:00,2026-07-09T01:00:00+00:00,0.895,1.0,MEDIUM,NW  (290–330°),1.1175,2026-07-09T02:30:00+00:00,3.13,317.2,1.09,5.68,261.9,2026-07-09T02:25:01+00:00,1.049,1.25,falling,0.88,2026-07-09 13:36,0.25,2026-07-09 07:34,2.7,182,2.7,sideshore-S
2026-07-09T07:26:54.090929+00:00,2026-07-09T06:00:00+00:00,0.903,1.009,MEDIUM,NW  (290–330°),1.1175,2026-07-09T06:30:00+00:00,3.08,314.3,0.94,5.38,245.4,2026-07-09T07:21:49+00:00,1.055,0.35,falling,0.88,2026-07-09 13:36,0.25,2026-07-09 07:34,2.5,130,3.6,offshore
2026-07-09T10:43:21.510921+00:00,2026-07-09T09:00:00+00:00,0.836,0.934,MEDIUM,NW  (290–330°),1.1175,2026-07-09T10:00:00+00:00,3.46,307.3,0.88,5.12,239.4,2026-07-09T10:21:49+00:00,1.063,0.72,rising,0.88,2026-07-09 13:36,0.67,2026-07-09 17:47,2.4,66,3.9,offshore
2026-07-09T13:41:45.458807+00:00,2026-07-09T12:00:00+00:00,0.855,0.955,MEDIUM,NW  (290–330°),1.1175,2026-07-09T13:00:00+00:00,2.91,301.7,0.93,5.68,251.0,2026-07-09T13:21:49+00:00,1.026,1.01,rising,1.8,2026-07-10 00:49,0.67,2026-07-09 17:47,1.8,84,3.0,offshore
2026-07-09T16:20:25.454543+00:00,2026-07-09T14:00:00+00:00,0.745,0.833,MEDIUM,NW  (290–330°),1.1175,2026-07-09T15:30:00+00:00,2.86,315.8,1.0,5.38,261.2,2026-07-09T15:21:49+00:00,0.912,0.93,falling,1.8,2026-07-10 00:49,0.67,2026-07-09 17:47,2.0,223,2.1,sideshore-S
2026-07-09T18:45:07.574099+00:00,2026-07-09T17:00:00+00:00,0.635,0.71,MEDIUM,NW  (290–330°),1.1175,2026-07-09T18:00:00+00:00,2.66,312.9,0.96,5.38,248.7,2026-07-09T18:23:31+00:00,0.816,0.83,rising,1.8,2026-07-10 00:49,0.01,2026-07-10 08:33,2.4,187,2.5,sideshore-S
2026-07-09T20:41:07.153527+00:00,2026-07-09T19:00:00+00:00,0.613,0.685,MEDIUM,NW  (290–330°),1.1175,2026-07-09T20:00:00+00:00,2.77,307.3,0.91,5.38,254.7,2026-07-09T20:23:31+00:00,0.824,1.15,rising,1.8,2026-07-10 00:49,0.01,2026-07-10 08:33,2.9,176,3.1,sideshore-S
2026-07-09T22:11:56.025807+00:00,2026-07-09T20:00:00+00:00,0.646,0.722,MEDIUM,NW  (290–330°),1.1175,2026-07-09T21:30:00+00:00,2.69,310.1,0.94,5.38,245.2,2026-07-09T21:23:31+00:00,0.834,1.46,rising,1.8,2026-07-10 00:49,0.01,2026-07-10 08:33,2.8,182,2.8,sideshore-S
2026-07-09T23:56:42.143000+00:00,2026-07-09T22:00:00+00:00,0.696,0.778,MEDIUM,NW  (290–330°),1.1175,2026-07-09T23:00:00+00:00,2.73,314.3,1.0,5.12,250.2,2026-07-09T23:23:31+00:00,0.866,1.85,rising,1.8,2026-07-10 00:49,0.01,2026-07-10 08:33,3.1,149,3.7,sideshore-S
2026-07-10T02:00:50.385939+00:00,2026-07-10T00:00:00+00:00,0.713,0.797,MEDIUM,NW  (290–330°),1.1175,2026-07-10T01:30:00+00:00,2.7,312.9,0.99,6.02,265.6,2026-07-10T01:23:31+00:00,0.878,1.86,falling,0.94,2026-07-10 15:04,0.01,2026-07-10 08:33,2.4,142,3.4,sideshore-S
2026-07-10T06:30:58.383815+00:00,2026-07-10T05:00:00+00:00,0.689,0.77,MEDIUM,NW  (290–330°),1.1175,2026-07-10T06:00:00+00:00,2.55,317.2,1.04,5.68,235.3,2026-07-10T06:23:31+00:00,0.835,0.46,falling,0.94,2026-07-10 15:04,0.01,2026-07-10 08:33,2.0,120,3.5,offshore
2026-07-10T10:13:07.803716+00:00,2026-07-10T08:00:00+00:00,0.685,0.765,MEDIUM,NW  (290–330°),1.1175,2026-07-10T09:00:00+00:00,2.48,312.9,0.97,5.38,240.5,2026-07-10T09:23:31+00:00,0.834,0.31,rising,0.94,2026-07-10 15:04,0.74,2026-07-10 18:49,1.6,79,3.0,offshore
2026-07-10T13:03:07.312473+00:00,2026-07-10T11:00:00+00:00,0.611,0.683,MEDIUM,NW  (290–330°),1.1175,2026-07-10T12:30:00+00:00,2.44,312.9,0.77,5.38,250.6,2026-07-10T12:23:31+00:00,0.776,0.85,rising,0.94,2026-07-10 15:04,0.74,2026-07-10 18:49,2.0,72,3.2,offshore
2026-07-10T16:12:04.602101+00:00,2026-07-10T14:00:00+00:00,0.572,0.64,MEDIUM,NW  (290–330°),1.1175,2026-07-10T15:30:00+00:00,2.41,310.1,0.78,5.38,272.6,2026-07-10T15:23:31+00:00,0.75,1.02,falling,1.95,2026-07-11 01:40,0.74,2026-07-10 18:49,1.5,101,2.2,offshore
2026-07-10T18:15:09.311987+00:00,2026-07-10T16:00:00+00:00,0.51,0.57,MEDIUM,NW  (290–330°),1.1175,2026-07-10T17:30:00+00:00,2.5,314.3,0.74,6.02,260.5,2026-07-10T17:23:31+00:00,0.707,0.92,falling,1.95,2026-07-11 01:40,0.74,2026-07-10 18:49,2.6,217,2.9,sideshore-S
2026-07-10T20:11:40.656187+00:00,2026-07-10T18:00:00+00:00,0.461,0.515,MEDIUM,NW  (290–330°),1.1175,2026-07-10T19:30:00+00:00,2.2,312.9,0.77,6.82,253.2,2026-07-10T19:23:31+00:00,0.64,0.97,rising,1.95,2026-07-11 01:40,-0.21,2026-07-11 09:25,2.4,216,2.4,sideshore-S
2026-07-10T21:49:10.934220+00:00,2026-07-10T20:00:00+00:00,0.404,0.452,MEDIUM,NW  (290–330°),1.1175,2026-07-10T21:00:00+00:00,2.45,308.7,0.8,6.4,247.8,2026-07-10T21:23:31+00:00,0.636,1.26,rising,1.95,2026-07-11 01:40,-0.21,2026-07-11 09:25,0.9,221,1.2,sideshore-S
2026-07-10T22:47:57.897841+00:00,2026-07-10T21:00:00+00:00,0.457,0.511,MEDIUM,NW  (290–330°),1.1175,2026-07-10T22:00:00+00:00,2.34,304.5,0.81,5.68,249.0,2026-07-10T22:23:31+00:00,0.67,1.47,rising,1.95,2026-07-11 01:40,-0.21,2026-07-11 09:25,1.8,248,1.9,onshore
2026-07-10T23:45:28.019955+00:00,2026-07-10T22:00:00+00:00,0.481,0.537,MEDIUM,NW  (290–330°),1.1175,2026-07-10T23:00:00+00:00,2.29,307.3,0.79,6.02,256.0,2026-07-10T23:23:31+00:00,0.677,1.78,rising,1.95,2026-07-11 01:40,-0.21,2026-07-11 09:25,1.9,227,1.9,onshore
2026-07-11T01:22:14.197599+00:00,2026-07-11T00:00:00+00:00,0.417,0.466,MEDIUM,NW  (290–330°),1.1175,2026-07-11T00:30:00+00:00,2.27,318.6,0.83,5.68,265.7,2026-07-11T00:23:31+00:00,0.605,1.98,rising,1.95,2026-07-11 01:40,-0.21,2026-07-11 09:25,1.2,209,1.3,sideshore-S
2026-07-11T04:51:17.282479+00:00,2026-07-11T03:00:00+00:00,0.427,0.477,MEDIUM,NW  (290–330°),1.1175,2026-07-11T04:00:00+00:00,2.13,315.8,0.94,6.4,257.7,2026-07-11T04:23:31+00:00,0.604,1.37,falling,1.03,2026-07-11 16:05,-0.21,2026-07-11 09:25,1.7,234,2.1,onshore
2026-07-11T07:04:01.558700+00:00,2026-07-11T05:00:00+00:00,0.456,0.51,MEDIUM,NW  (290–330°),1.1175,2026-07-11T06:30:00+00:00,1.98,310.1,0.96,6.82,252.1,2026-07-11T06:23:31+00:00,0.62,0.44,falling,1.03,2026-07-11 16:05,-0.21,2026-07-11 09:25,0.7,124,1.1,offshore
2026-07-11T09:14:11.628683+00:00,2026-07-11T07:00:00+00:00,0.44,0.491,MEDIUM,NW  (290–330°),1.1175,2026-07-11T08:30:00+00:00,2.09,311.5,0.79,6.4,244.9,2026-07-11T08:23:31+00:00,0.618,0.01,rising,1.03,2026-07-11 16:05,-0.21,2026-07-11 09:25,1.7,80,2.9,offshore
2026-07-11T10:52:01.195616+00:00,2026-07-11T09:00:00+00:00,0.438,0.489,MEDIUM,NW  (290–330°),1.1175,2026-07-11T10:00:00+00:00,2.16,308.7,0.73,6.4,240.9,2026-07-11T10:41:31+00:00,0.63,0.07,rising,1.03,2026-07-11 16:05,0.77,2026-07-11 19:51,1.7,111,3.9,offshore
2026-07-11T11:41:50.918710+00:00,2026-07-11T10:00:00+00:00,0.443,0.495,MEDIUM,NW  (290–330°),1.1175,2026-07-11T11:00:00+00:00,2.15,307.3,0.71,6.02,239.3,2026-07-11T11:41:31+00:00,0.636,0.17,rising,1.03,2026-07-11 16:05,0.77,2026-07-11 19:51,1.3,77,2.5,offshore
2026-07-11T12:47:42.089123+00:00,2026-07-11T11:00:00+00:00,0.443,0.495,MEDIUM,NW  (290–330°),1.1175,2026-07-11T12:00:00+00:00,2.13,310.1,0.71,6.02,239.3,2026-07-11T11:41:31+00:00,0.628,0.55,rising,1.03,2026-07-11 16:05,0.77,2026-07-11 19:51,2.1,59,3.1,offshore
2026-07-11T14:16:24.544512+00:00,2026-07-11T12:00:00+00:00,0.43,0.48,MEDIUM,NW  (290–330°),1.1175,2026-07-11T13:30:00+00:00,2.18,312.9,0.66,6.02,245.0,2026-07-11T14:16:01+00:00,0.619,0.9,rising,1.03,2026-07-11 16:05,0.77,2026-07-11 19:51,2.3,70,3.3,offshore
2026-07-11T15:42:32.521703+00:00,2026-07-11T14:00:00+00:00,0.352,0.393,MEDIUM,NW  (290–330°),1.1175,2026-07-11T15:00:00+00:00,2.27,308.7,0.64,6.02,240.4,2026-07-11T15:16:01+00:00,0.582,1.2,rising,1.03,2026-07-11 16:05,0.77,2026-07-11 19:51,0.5,63,1.1,offshore
2026-07-11T16:40:09.309879+00:00,2026-07-11T15:00:00+00:00,0.341,0.382,MEDIUM,NW  (290–330°),1.1175,2026-07-11T16:00:00+00:00,2.08,308.7,0.6,6.4,246.0,2026-07-11T16:16:01+00:00,0.553,1.18,rising,2.07,2026-07-12 02:33,0.77,2026-07-11 19:51,0.8,201,0.8,sideshore-S
2026-07-11T17:44:15.087457+00:00,2026-07-11T16:00:00+00:00,0.357,0.398,MEDIUM,NW  (290–330°),1.1175,2026-07-11T17:00:00+00:00,2.02,308.7,0.58,6.02,243.4,2026-07-11T17:16:01+00:00,0.557,1.08,rising,2.07,2026-07-12 02:33,0.77,2026-07-11 19:51,1.1,142,1.7,sideshore-S
2026-07-11T18:41:39.645027+00:00,2026-07-11T17:00:00+00:00,0.361,0.404,MEDIUM,NW  (290–330°),1.1175,2026-07-11T18:00:00+00:00,1.93,303.1,0.64,5.68,242.4,2026-07-11T18:16:01+00:00,0.561,1.02,rising,2.07,2026-07-12 02:33,0.77,2026-07-11 19:51,2.0,143,2.9,sideshore-S
2026-07-11T19:57:25.609419+00:00,2026-07-11T18:00:00+00:00,0.394,0.44,MEDIUM,NW  (290–330°),1.1175,2026-07-11T19:00:00+00:00,2.01,305.9,0.67,6.4,244.1,2026-07-11T19:16:01+00:00,0.588,0.92,falling,2.07,2026-07-12 02:33,-0.38,2026-07-12 10:12,2.7,165,3.3,sideshore-S
2026-07-11T20:40:31.473534+00:00,2026-07-11T19:00:00+00:00,0.394,0.44,MEDIUM,NW  (290–330°),1.1175,2026-07-11T20:00:00+00:00,1.85,308.7,0.66,6.02,239.1,2026-07-11T20:16:01+00:00,0.565,0.94,rising,2.07,2026-07-12 02:33,-0.38,2026-07-12 10:12,2.2,172,2.7,sideshore-S
2026-07-11T21:37:23.078454+00:00,2026-07-11T20:00:00+00:00,0.377,0.425,HIGH,S   (150–200°),1.126,2026-07-11T21:00:00+00:00,1.93,193.4,0.65,6.4,244.1,2026-07-11T21:16:01+00:00,0.563,1.04,rising,2.07,2026-07-12 02:33,-0.38,2026-07-12 10:12,1.8,158,2.1,sideshore-S
2026-07-11T22:34:56.294625+00:00,2026-07-11T21:00:00+00:00,0.31,0.346,MEDIUM,NW  (290–330°),1.1175,2026-07-11T22:00:00+00:00,1.55,301.7,0.63,5.68,234.2,2026-07-11T22:16:01+00:00,0.484,1.22,rising,2.07,2026-07-12 02:33,-0.38,2026-07-12 10:12,1.4,163,1.8,sideshore-S
2026-07-11T23:42:10.694833+00:00,2026-07-11T22:00:00+00:00,0.289,0.323,MEDIUM,NW  (290–330°),1.1175,2026-07-11T23:00:00+00:00,1.63,311.5,0.72,6.02,244.1,2026-07-11T23:16:01+00:00,0.46,1.59,rising,2.07,2026-07-12 02:33,-0.38,2026-07-12 10:12,1.6,227,1.8,onshore
2026-07-12T01:23:57.142712+00:00,2026-07-12T00:00:00+00:00,0.272,0.303,MEDIUM,NW  (290–330°),1.1175,2026-07-12T00:30:00+00:00,1.43,307.3,0.8,6.02,247.9,2026-07-12T01:16:01+00:00,0.433,1.97,rising,2.07,2026-07-12 02:33,-0.38,2026-07-12 10:12,1.8,248,1.9,onshore
2026-07-12T05:13:49.797117+00:00,2026-07-12T03:00:00+00:00,0.279,0.312,MEDIUM,NW  (290–330°),1.1175,2026-07-12T04:30:00+00:00,1.42,298.9,0.69,6.02,257.0,2026-07-12T05:13:31+00:00,0.454,1.57,falling,1.11,2026-07-12 16:51,-0.38,2026-07-12 10:12,1.1,105,1.8,offshore
2026-07-12T07:54:51.817581+00:00,2026-07-12T06:00:00+00:00,0.299,0.334,MEDIUM,NW  (290–330°),1.1175,2026-07-12T07:00:00+00:00,1.42,300.3,0.52,6.4,252.2,2026-07-12T07:00:53+00:00,0.467,0.23,falling,1.11,2026-07-12 16:51,-0.38,2026-07-12 10:12,1.4,17,1.5,sideshore-N
2026-07-12T09:40:56.113092+00:00,2026-07-12T08:00:00+00:00,0.338,0.381,HIGH,S   (150–200°),1.126,2026-07-12T09:00:00+00:00,1.27,189.2,0.42,6.82,239.7,2026-07-12T09:00:53+00:00,0.451,-0.21,falling,1.11,2026-07-12 16:51,-0.38,2026-07-12 10:12,0.7,34,1.4,sideshore-N
2026-07-12T11:03:02.268606+00:00,2026-07-12T09:00:00+00:00,0.28,0.313,MEDIUM,NW  (290–330°),1.1175,2026-07-12T10:30:00+00:00,1.29,298.9,0.4,5.38,240.3,2026-07-12T11:00:53+00:00,0.441,-0.23,falling,1.11,2026-07-12 16:51,0.76,2026-07-12 20:52,1.0,241,1.2,onshore
2026-07-12T12:49:42.040523+00:00,2026-07-12T11:00:00+00:00,0.25,0.281,HIGH,S   (150–200°),1.126,2026-07-12T12:00:00+00:00,1.31,192.0,0.4,5.38,243.6,2026-07-12T12:00:53+00:00,0.399,0.2,rising,1.11,2026-07-12 16:51,0.76,2026-07-12 20:52,1.6,207,2.3,sideshore-S
2026-07-12T14:21:36.856965+00:00,2026-07-12T13:00:00+00:00,0.285,0.318,MEDIUM,NW  (290–330°),1.1175,2026-07-12T13:30:00+00:00,1.18,300.3,0.41,7.3,237.3,2026-07-12T14:00:53+00:00,0.429,0.74,rising,1.11,2026-07-12 16:51,0.76,2026-07-12 20:52,1.5,176,1.8,sideshore-S
2026-07-12T15:46:28.119940+00:00,2026-07-12T14:00:00+00:00,0.275,0.31,HIGH,S   (150–200°),1.126,2026-07-12T15:00:00+00:00,1.2,193.4,0.38,5.68,246.0,2026-07-12T15:00:53+00:00,0.407,1.12,rising,1.11,2026-07-12 16:51,0.76,2026-07-12 20:52,2.0,63,2.8,offshore
2026-07-12T16:42:21.536830+00:00,2026-07-12T15:00:00+00:00,0.257,0.29,HIGH,S   (150–200°),1.126,2026-07-12T16:00:00+00:00,1.23,193.4,0.36,14.62,164.1,2026-07-12T16:00:53+00:00,0.398,1.21,rising,1.11,2026-07-12 16:51,0.76,2026-07-12 20:52,0.5,127,0.6,offshore
2026-07-12T17:48:14.695695+00:00,2026-07-12T16:00:00+00:00,0.252,0.284,HIGH,S   (150–200°),1.126,2026-07-12T17:00:00+00:00,1.17,183.6,0.32,14.62,178.6,2026-07-12T17:00:53+00:00,0.366,1.16,falling,2.17,2026-07-13 03:25,0.76,2026-07-12 20:52,1.6,180,1.7,sideshore-S
2026-07-12T18:45:07.980544+00:00,2026-07-12T17:00:00+00:00,0.245,0.276,HIGH,S   (150–200°),1.126,2026-07-12T18:00:00+00:00,1.16,189.2,0.34,14.62,185.0,2026-07-12T18:00:53+00:00,0.372,1.15,falling,2.17,2026-07-13 03:25,0.76,2026-07-12 20:52,1.9,189,2.6,sideshore-S
2026-07-12T19:59:15.313787+00:00,2026-07-12T18:00:00+00:00,0.229,0.257,HIGH,S   (150–200°),1.126,2026-07-12T19:00:00+00:00,1.23,192.0,0.34,6.4,242.5,2026-07-12T19:00:53+00:00,0.374,0.97,falling,2.17,2026-07-13 03:25,0.76,2026-07-12 20:52,2.3,140,3.0,sideshore-S
2026-07-12T20:43:28.305140+00:00,2026-07-12T19:00:00+00:00,0.217,0.245,HIGH,S   (150–200°),1.126,2026-07-12T20:00:00+00:00,1.11,183.6,0.37,5.38,249.8,2026-07-12T20:00:53+00:00,0.334,0.94,falling,2.17,2026-07-13 03:25,0.76,2026-07-12 20:52,3.0,200,3.1,sideshore-S
2026-07-12T21:37:38.263904+00:00,2026-07-12T20:00:00+00:00,0.213,0.24,HIGH,S   (150–200°),1.126,2026-07-12T21:00:00+00:00,1.06,187.8,0.38,5.38,248.4,2026-07-12T21:00:53+00:00,0.335,0.92,falling,2.17,2026-07-13 03:25,-0.48,2026-07-13 10:58,5.3,266,6.6,onshore
2026-07-12T22:35:37.137340+00:00,2026-07-12T21:00:00+00:00,0.215,0.243,HIGH,S   (150–200°),1.126,2026-07-12T22:00:00+00:00,1.1,189.2,0.45,6.82,240.6,2026-07-12T22:00:53+00:00,0.344,1.09,rising,2.17,2026-07-13 03:25,-0.48,2026-07-13 10:58,3.9,266,4.5,onshore
2026-07-12T23:40:46.578814+00:00,2026-07-12T22:00:00+00:00,0.217,0.245,HIGH,S   (150–200°),1.126,2026-07-12T23:00:00+00:00,1.19,180.8,0.45,5.68,244.2,2026-07-12T23:00:53+00:00,0.337,1.25,rising,2.17,2026-07-13 03:25,-0.48,2026-07-13 10:58,3.5,257,4.2,onshore
2026-07-13T01:25:39.185314+00:00,2026-07-13T00:00:00+00:00,0.233,0.262,HIGH,S   (150–200°),1.126,2026-07-13T00:30:00+00:00,1.19,192.0,0.46,6.02,245.1,2026-07-13T00:00:53+00:00,0.373,1.91,rising,2.17,2026-07-13 03:25,-0.48,2026-07-13 10:58,3.0,282,3.9,onshore
2026-07-13T05:22:31.143798+00:00,2026-07-13T04:00:00+00:00,0.229,0.258,HIGH,S   (150–200°),1.126,2026-07-13T04:30:00+00:00,1.08,197.6,0.35,6.4,237.4,2026-07-13T05:16:01+00:00,0.37,1.93,falling,1.17,2026-07-13 17:33,-0.48,2026-07-13 10:58,1.0,204,1.7,sideshore-S
2026-07-13T08:42:17.107883+00:00,2026-07-13T07:00:00+00:00,0.233,0.263,HIGH,S   (150–200°),1.126,2026-07-13T08:00:00+00:00,1.21,180.8,0.29,14.62,186.3,2026-07-13T08:16:01+00:00,0.352,0.32,falling,1.17,2026-07-13 17:33,-0.48,2026-07-13 10:58,1.2,29,2.0,sideshore-N
2026-07-13T11:48:21.208308+00:00,2026-07-13T10:00:00+00:00,0.252,0.282,MEDIUM,NW  (290–330°),1.1175,2026-07-13T11:00:00+00:00,1.29,301.7,0.26,14.62,172.9,2026-07-13T11:16:01+00:00,0.416,-0.31,rising,1.17,2026-07-13 17:33,0.72,2026-07-13 21:50,0.8,60,0.9,offshore
2026-07-13T13:57:35.104834+00:00,2026-07-13T12:00:00+00:00,0.25,0.282,HIGH,S   (150–200°),1.126,2026-07-13T13:00:00+00:00,1.25,185.0,0.26,14.62,166.3,2026-07-13T13:56:01+00:00,0.377,0.38,rising,1.17,2026-07-13 17:33,0.72,2026-07-13 21:50,1.0,191,2.0,sideshore-S
2026-07-13T16:24:24.052049+00:00,2026-07-13T15:00:00+00:00,0.295,0.332,HIGH,S   (150–200°),1.126,2026-07-13T15:30:00+00:00,1.26,182.2,0.27,14.62,181.2,2026-07-13T15:56:01+00:00,0.404,1.13,rising,1.17,2026-07-13 17:33,0.72,2026-07-13 21:50,1.1,185,1.1,sideshore-S
2026-07-13T18:25:23.299009+00:00,2026-07-13T17:00:00+00:00,0.281,0.314,MEDIUM,NW  (290–330°),1.1175,2026-07-13T17:00:00+00:00,1.39,311.5,0.28,14.62,173.8,2026-07-13T17:56:01+00:00,0.428,1.31,falling,2.21,2026-07-14 04:15,0.72,2026-07-13 21:50,1.2,200,1.1,sideshore-S
2026-07-13T20:05:37.807761+00:00,2026-07-13T18:00:00+00:00,0.299,0.337,HIGH,S   (150–200°),1.126,2026-07-13T19:30:00+00:00,1.31,187.8,0.27,8.52,219.6,2026-07-13T19:56:01+00:00,0.425,1.14,falling,2.21,2026-07-14 04:15,0.72,2026-07-13 21:50,2.4,218,2.5,sideshore-S
2026-07-13T21:42:25.610940+00:00,2026-07-13T20:00:00+00:00,0.293,0.327,MEDIUM,NW  (290–330°),1.1175,2026-07-13T21:00:00+00:00,1.27,314.3,0.29,12.8,185.4,2026-07-13T20:56:01+00:00,0.417,0.93,falling,2.21,2026-07-14 04:15,0.72,2026-07-13 21:50,2.6,216,2.7,sideshore-S
2026-07-13T22:42:27.749455+00:00,2026-07-13T21:00:00+00:00,0.257,0.288,MEDIUM,NW  (290–330°),1.1175,2026-07-13T22:00:00+00:00,1.43,311.5,0.33,14.62,181.3,2026-07-13T21:56:01+00:00,0.415,0.9,rising,2.21,2026-07-14 04:15,-0.52,2026-07-14 11:42,3.4,243,3.7,onshore
2026-07-13T23:40:42.127779+00:00,2026-07-13T22:00:00+00:00,0.237,0.267,HIGH,S   (150–200°),1.126,2026-07-13T23:00:00+00:00,1.32,176.5,0.39,6.4,246.5,2026-07-13T22:56:01+00:00,0.356,1.07,rising,2.21,2026-07-14 04:15,-0.52,2026-07-14 11:42,2.6,247,2.9,onshore
2026-07-14T01:14:52.370780+00:00,2026-07-13T23:00:00+00:00,0.24,0.271,HIGH,S   (150–200°),1.126,2026-07-14T00:30:00+00:00,1.22,183.6,0.42,6.82,252.0,2026-07-14T00:56:01+00:00,0.363,1.53,rising,2.21,2026-07-14 04:15,-0.52,2026-07-14 11:42,2.2,227,2.3,onshore
2026-07-14T04:37:56.070969+00:00,2026-07-14T03:00:00+00:00,0.306,0.342,MEDIUM,NW  (290–330°),1.1175,2026-07-14T04:00:00+00:00,1.3,304.5,0.44,14.62,183.3,2026-07-14T03:56:01+00:00,0.449,2.31,falling,1.23,2026-07-14 18:14,-0.52,2026-07-14 11:42,1.9,238,3.3,onshore
2026-07-14T07:01:20.852665+00:00,2026-07-14T05:00:00+00:00,0.307,0.343,MEDIUM,NW  (290–330°),1.1175,2026-07-14T06:30:00+00:00,1.34,310.1,0.49,12.8,187.4,2026-07-14T06:56:01+00:00,0.443,1.62,falling,1.23,2026-07-14 18:14,-0.52,2026-07-14 11:42,0.8,45,2.2,offshore
2026-07-14T09:43:43.052344+00:00,2026-07-14T08:00:00+00:00,0.358,0.403,HIGH,S   (150–200°),1.126,2026-07-14T09:00:00+00:00,1.32,175.1,0.47,3.92,257.0,2026-07-14T08:56:01+00:00,0.439,0.1,falling,1.23,2026-07-14 18:14,-0.52,2026-07-14 11:42,0.7,117,1.3,offshore
2026-07-14T11:15:44.778652+00:00,2026-07-14T09:00:00+00:00,0.356,0.398,MEDIUM,NW  (290–330°),1.1175,2026-07-14T10:30:00+00:00,1.39,308.7,0.35,12.8,196.7,2026-07-14T10:56:01+00:00,0.487,-0.22,falling,1.23,2026-07-14 18:14,-0.52,2026-07-14 11:42,1.1,322,1.2,sideshore-N
2026-07-14T13:01:34.989608+00:00,2026-07-14T11:00:00+00:00,0.303,0.338,MEDIUM,NW  (290–330°),1.1175,2026-07-14T12:30:00+00:00,1.24,303.1,0.35,8.52,222.3,2026-07-14T12:56:01+00:00,0.442,-0.24,rising,1.23,2026-07-14 18:14,0.67,2026-07-14 22:45,1.2,149,1.4,sideshore-S
2026-07-14T15:14:34.794901+00:00,2026-07-14T13:00:00+00:00,0.307,0.343,MEDIUM,NW  (290–330°),1.1175,2026-07-14T14:30:00+00:00,1.17,311.5,0.29,12.8,177.5,2026-07-14T14:56:01+00:00,0.42,0.6,rising,1.23,2026-07-14 18:14,0.67,2026-07-14 22:45,2.2,114,2.8,offshore
2026-07-14T16:59:37.945295+00:00,2026-07-14T15:00:00+00:00,0.305,0.344,HIGH,S   (150–200°),1.126,2026-07-14T16:00:00+00:00,1.33,192.0,0.29,7.86,225.9,2026-07-14T16:56:01+00:00,0.44,1.16,rising,1.23,2026-07-14 18:14,0.67,2026-07-14 22:45,2.7,160,2.8,sideshore-S
2026-07-14T18:02:23.293517+00:00,2026-07-14T16:00:00+00:00,0.301,0.337,MEDIUM,NW  (290–330°),1.1175,2026-07-14T17:30:00+00:00,1.24,310.1,0.29,8.52,224.2,2026-07-14T17:56:01+00:00,0.427,1.34,rising,1.23,2026-07-14 18:14,0.67,2026-07-14 22:45,2.1,215,2.1,sideshore-S
2026-07-14T20:02:52.793235+00:00,2026-07-14T18:00:00+00:00,0.288,0.321,MEDIUM,NW  (290–330°),1.1175,2026-07-14T19:30:00+00:00,1.26,311.5,0.36,12.8,199.5,2026-07-14T19:56:01+00:00,0.416,1.25,falling,2.17,2026-07-15 05:04,0.67,2026-07-14 22:45,2.6,220,2.6,sideshore-S
2026-07-14T21:44:34.395704+00:00,2026-07-14T20:00:00+00:00,0.361,0.407,HIGH,S   (150–200°),1.126,2026-07-14T21:00:00+00:00,1.32,187.8,0.47,3.1,245.8,2026-07-14T20:56:01+00:00,0.47,1.01,falling,2.17,2026-07-15 05:04,0.67,2026-07-14 22:45,4.4,256,5.3,onshore
2026-07-14T22:43:57.255666+00:00,2026-07-14T21:00:00+00:00,0.398,0.445,MEDIUM,NW  (290–330°),1.1175,2026-07-14T22:00:00+00:00,1.25,312.9,0.46,3.2,249.9,2026-07-14T21:56:01+00:00,0.491,0.89,rising,2.17,2026-07-15 05:04,0.67,2026-07-14 22:45,5.1,260,6.3,onshore
2026-07-14T23:40:16.182338+00:00,2026-07-14T22:00:00+00:00,0.384,0.429,MEDIUM,NW  (290–330°),1.1175,2026-07-14T23:00:00+00:00,1.25,311.5,0.54,3.1,258.1,2026-07-14T22:56:01+00:00,0.484,0.85,rising,2.17,2026-07-15 05:04,-0.48,2026-07-15 12:25,3.2,240,3.6,onshore
2026-07-15T01:11:45.909931+00:00,2026-07-14T23:00:00+00:00,0.414,0.467,HIGH,S   (150–200°),1.126,2026-07-15T00:30:00+00:00,1.29,176.5,0.57,3.64,255.6,2026-07-15T00:56:01+00:00,0.48,1.2,rising,2.17,2026-07-15 05:04,-0.48,2026-07-15 12:25,,,,
2026-07-15T04:37:53.707965+00:00,2026-07-15T03:00:00+00:00,0.696,0.778,MEDIUM,NW  (290–330°),1.1175,2026-07-15T04:00:00+00:00,1.11,307.3,0.89,4.86,262.9,2026-07-15T03:56:01+00:00,0.7,2.36,rising,2.17,2026-07-15 05:04,-0.48,2026-07-15 12:25,1.8,186,1.8,sideshore-S
2026-07-15T07:04:38.038588+00:00,2026-07-15T05:00:00+00:00,0.741,0.834,HIGH,S   (150–200°),1.126,2026-07-15T06:30:00+00:00,1.15,190.6,0.89,5.38,257.3,2026-07-15T06:56:01+00:00,0.729,1.97,falling,1.28,2026-07-15 18:56,-0.48,2026-07-15 12:25,3.0,152,3.2,sideshore-S
2026-07-15T09:46:59.035898+00:00,2026-07-15T08:00:00+00:00,0.675,0.76,HIGH,S   (150–200°),1.126,2026-07-15T09:00:00+00:00,1.23,194.8,0.79,4.86,262.7,2026-07-15T08:56:01+00:00,0.701,0.52,falling,1.28,2026-07-15 18:56,-0.48,2026-07-15 12:25,2.3,135,4.0,offshore
2026-07-15T11:18:58.478714+00:00,2026-07-15T09:00:00+00:00,0.588,0.657,MEDIUM,NW  (290–330°),1.1175,2026-07-15T10:30:00+00:00,1.3,310.1,0.67,5.38,258.6,2026-07-15T10:56:01+00:00,0.64,-0.09,falling,1.28,2026-07-15 18:56,-0.48,2026-07-15 12:25,1.7,107,5.2,offshore
2026-07-15T13:04:54.090794+00:00,2026-07-15T11:00:00+00:00,0.584,0.652,MEDIUM,NW  (290–330°),1.1175,2026-07-15T12:30:00+00:00,1.31,310.1,0.67,5.68,245.1,2026-07-15T12:56:01+00:00,0.638,-0.24,rising,1.28,2026-07-15 18:56,0.63,2026-07-15 23:40,1.4,111,3.2,offshore
2026-07-15T15:15:53.280130+00:00,2026-07-15T13:00:00+00:00,0.538,0.601,MEDIUM,NW  (290–330°),1.1175,2026-07-15T14:30:00+00:00,1.38,308.7,0.52,5.12,257.1,2026-07-15T14:56:01+00:00,0.616,0.38,rising,1.28,2026-07-15 18:56,0.63,2026-07-15 23:40,0.9,139,1.5,sideshore-S
2026-07-15T17:02:11.339393+00:00,2026-07-15T15:00:00+00:00,0.465,0.524,HIGH,S   (150–200°),1.126,2026-07-15T16:30:00+00:00,1.55,186.4,0.52,5.12,247.3,2026-07-15T16:56:01+00:00,0.569,1.07,rising,1.28,2026-07-15 18:56,0.63,2026-07-15 23:40,1.7,187,1.7,sideshore-S
2026-07-15T18:51:28.367757+00:00,2026-07-15T17:00:00+00:00,0.397,0.443,MEDIUM,NW  (290–330°),1.1175,2026-07-15T18:00:00+00:00,1.52,310.1,0.49,4.64,259.1,2026-07-15T17:56:01+00:00,0.527,1.44,rising,1.28,2026-07-15 18:56,0.63,2026-07-15 23:40,2.5,207,2.5,sideshore-S
2026-07-15T19:59:56.845840+00:00,2026-07-15T18:00:00+00:00,0.348,0.389,MEDIUM,NW  (290–330°),1.1175,2026-07-15T19:00:00+00:00,1.53,305.9,0.61,5.12,248.4,2026-07-15T19:56:01+00:00,0.501,1.39,falling,2.06,2026-07-16 05:52,0.63,2026-07-15 23:40,1.9,192,2.0,sideshore-S
2026-07-15T21:00:13.775520+00:00,2026-07-15T19:00:00+00:00,0.31,0.346,MEDIUM,NW  (290–330°),1.1175,2026-07-15T20:00:00+00:00,1.65,308.7,0.68,5.12,250.0,2026-07-15T20:56:01+00:00,0.482,1.31,falling,2.06,2026-07-16 05:52,0.63,2026-07-15 23:40,2.9,198,4.2,sideshore-S
2026-07-15T22:01:13.941266+00:00,2026-07-15T20:00:00+00:00,0.276,0.308,MEDIUM,NW  (290–330°),1.1175,2026-07-15T21:30:00+00:00,1.85,311.5,0.73,6.4,254.4,2026-07-15T21:56:01+00:00,0.475,0.99,falling,2.06,2026-07-16 05:52,0.63,2026-07-15 23:40,2.4,182,2.5,sideshore-S
2026-07-15T23:47:03.681392+00:00,2026-07-15T22:00:00+00:00,0.305,0.341,MEDIUM,NW  (290–330°),1.1175,2026-07-15T23:00:00+00:00,1.96,308.7,0.75,6.02,254.5,2026-07-15T22:56:01+00:00,0.515,0.82,falling,2.06,2026-07-16 05:52,-0.38,2026-07-16 13:06,1.8,180,1.8,sideshore-S
2026-07-16T01:20:55.519598+00:00,2026-07-15T23:00:00+00:00,0.366,0.409,MEDIUM,NW  (290–330°),1.1175,2026-07-16T00:30:00+00:00,1.94,311.5,0.83,6.4,254.1,2026-07-16T00:56:01+00:00,0.551,1.02,rising,2.06,2026-07-16 05:52,-0.38,2026-07-16 13:06,2.1,208,2.3,sideshore-S
2026-07-16T04:48:06.802518+00:00,2026-07-16T03:00:00+00:00,0.576,0.644,MEDIUM,NW  (290–330°),1.1175,2026-07-16T04:00:00+00:00,2.08,315.8,1.03,5.38,263.1,2026-07-16T03:56:01+00:00,0.709,2.12,rising,2.06,2026-07-16 05:52,-0.38,2026-07-16 13:06,2.8,182,2.8,sideshore-S
2026-07-16T07:13:38.295322+00:00,2026-07-16T05:00:00+00:00,0.667,0.746,MEDIUM,NW  (290–330°),1.1175,2026-07-16T06:30:00+00:00,2.08,317.2,0.98,5.12,241.4,2026-07-16T06:56:01+00:00,0.771,2.11,falling,1.34,2026-07-16 19:38,-0.38,2026-07-16 13:06,2.1,169,2.1,sideshore-S
2026-07-16T09:53:21.752143+00:00,2026-07-16T08:00:00+00:00,0.634,0.709,MEDIUM,NW  (290–330°),1.1175,2026-07-16T09:00:00+00:00,2.36,315.8,0.95,6.4,254.0,2026-07-16T08:56:01+00:00,0.783,0.97,falling,1.34,2026-07-16 19:38,-0.38,2026-07-16 13:06,2.0,101,5.5,offshore
2026-07-16T11:25:04.771797+00:00,2026-07-16T10:00:00+00:00,0.671,0.75,MEDIUM,NW  (290–330°),1.1175,2026-07-16T10:30:00+00:00,2.34,314.3,0.82,6.82,245.1,2026-07-16T10:56:01+00:00,0.81,0.15,falling,1.34,2026-07-16 19:38,-0.38,2026-07-16 13:06,2.3,80,3.5,offshore
2026-07-16T13:13:36.793488+00:00,2026-07-16T11:00:00+00:00,0.601,0.672,MEDIUM,NW  (290–330°),1.1175,2026-07-16T12:30:00+00:00,2.71,315.8,0.74,6.4,238.9,2026-07-16T12:56:10+00:00,0.799,-0.13,falling,1.34,2026-07-16 19:38,0.61,2026-07-17 00:37,2.0,66,3.3,offshore
2026-07-16T15:23:30.521759+00:00,2026-07-16T14:00:00+00:00,0.498,0.556,MEDIUM,NW  (290–330°),1.1175,2026-07-16T14:30:00+00:00,2.46,317.2,0.65,6.02,245.6,2026-07-16T15:19:31+00:00,0.693,0.24,rising,1.34,2026-07-16 19:38,0.61,2026-07-17 00:37,1.2,110,2.1,offshore
2026-07-16T17:00:17.373265+00:00,2026-07-16T15:00:00+00:00,0.492,0.55,MEDIUM,NW  (290–330°),1.1175,2026-07-16T16:00:00+00:00,2.42,315.8,0.65,6.02,245.6,2026-07-16T15:19:31+00:00,0.688,0.88,rising,1.34,2026-07-16 19:38,0.61,2026-07-17 00:37,1.9,192,1.9,sideshore-S
2026-07-16T18:07:27.858823+00:00,2026-07-16T16:00:00+00:00,0.459,0.513,MEDIUM,NW  (290–330°),1.1175,2026-07-16T17:30:00+00:00,2.65,315.8,0.62,6.82,242.7,2026-07-16T17:08:31+00:00,0.69,1.31,rising,1.34,2026-07-16 19:38,0.61,2026-07-17 00:37,2.4,189,2.4,sideshore-S
2026-07-16T19:54:09.111766+00:00,2026-07-16T18:00:00+00:00,0.459,0.513,MEDIUM,NW  (290–330°),1.1175,2026-07-16T19:00:00+00:00,2.47,312.9,0.65,7.86,223.9,2026-07-16T19:08:31+00:00,0.675,1.52,rising,1.88,2026-07-17 06:41,0.61,2026-07-17 00:37,2.4,187,2.5,sideshore-S
2026-07-16T20:42:46.762325+00:00,2026-07-16T19:00:00+00:00,0.487,0.544,MEDIUM,NW  (290–330°),1.1175,2026-07-16T20:00:00+00:00,2.59,318.6,0.63,7.3,232.5,2026-07-16T20:08:31+00:00,0.697,1.46,falling,1.88,2026-07-17 06:41,0.61,2026-07-17 00:37,2.5,196,2.6,sideshore-S
2026-07-16T21:58:08.895966+00:00,2026-07-16T20:00:00+00:00,0.48,0.537,MEDIUM,NW  (290–330°),1.1175,2026-07-16T21:00:00+00:00,2.59,318.6,0.68,7.86,234.5,2026-07-16T21:08:31+00:00,0.692,1.26,falling,1.88,2026-07-17 06:41,0.61,2026-07-17 00:37,2.4,195,2.4,sideshore-S
2026-07-16T22:45:22.954282+00:00,2026-07-16T21:00:00+00:00,0.448,0.5,MEDIUM,NW  (290–330°),1.1175,2026-07-16T22:00:00+00:00,2.79,310.1,0.7,6.82,250.6,2026-07-16T22:08:31+00:00,0.709,1.04,falling,1.88,2026-07-17 06:41,0.61,2026-07-17 00:37,2.5,192,2.5,sideshore-S
2026-07-16T23:45:54.312709+00:00,2026-07-16T22:00:00+00:00,0.465,0.52,MEDIUM,NW  (290–330°),1.1175,2026-07-16T23:00:00+00:00,2.77,303.1,0.75,5.68,261.5,2026-07-16T23:08:31+00:00,0.733,0.95,falling,1.88,2026-07-17 06:41,0.61,2026-07-17 00:37,2.1,161,2.0,sideshore-S
2026-07-17T01:24:20.944179+00:00,2026-07-17T00:00:00+00:00,0.465,0.52,MEDIUM,NW  (290–330°),1.1175,2026-07-17T00:30:00+00:00,2.72,314.3,0.83,6.82,243.4,2026-07-17T01:08:31+00:00,0.705,0.8,falling,1.88,2026-07-17 06:41,-0.23,2026-07-17 13:45,3.1,151,3.5,sideshore-S
2026-07-17T04:51:09.495402+00:00,2026-07-17T03:00:00+00:00,0.617,0.689,MEDIUM,NW  (290–330°),1.1175,2026-07-17T04:00:00+00:00,2.69,317.2,0.89,6.02,241.6,2026-07-17T04:08:31+00:00,0.804,1.7,rising,1.88,2026-07-17 06:41,-0.23,2026-07-17 13:45,3.8,112,7.0,offshore
2026-07-17T07:08:15.561077+00:00,2026-07-17T05:00:00+00:00,0.693,0.775,MEDIUM,NW  (290–330°),1.1175,2026-07-17T06:30:00+00:00,2.46,311.5,0.87,6.02,235.0,2026-07-17T07:08:31+00:00,0.845,2.04,falling,1.39,2026-07-17 20:20,-0.23,2026-07-17 13:45,3.0,57,4.9,offshore
2026-07-17T09:43:51.598435+00:00,2026-07-17T08:00:00+00:00,0.63,0.704,MEDIUM,NW  (290–330°),1.1175,2026-07-17T09:00:00+00:00,2.45,317.2,0.83,6.4,235.6,2026-07-17T09:23:25+00:00,0.787,1.35,falling,1.39,2026-07-17 20:20,-0.23,2026-07-17 13:45,1.3,72,2.3,offshore
2026-07-17T11:12:38.988833+00:00,2026-07-17T09:00:00+00:00,0.611,0.682,MEDIUM,NW  (290–330°),1.1175,2026-07-17T10:30:00+00:00,2.56,318.6,0.78,5.68,221.1,2026-07-17T10:23:25+00:00,0.783,0.65,falling,1.39,2026-07-17 20:20,-0.23,2026-07-17 13:45,1.4,141,2.0,sideshore-S
2026-07-17T12:58:30.756054+00:00,2026-07-17T11:00:00+00:00,0.64,0.715,MEDIUM,NW  (290–330°),1.1175,2026-07-17T12:00:00+00:00,2.44,315.8,0.75,6.02,244.5,2026-07-17T12:23:25+00:00,0.796,0.12,falling,1.39,2026-07-17 20:20,-0.23,2026-07-17 13:45,0.5,37,1.0,sideshore-N
2026-07-17T14:39:41.301610+00:00,2026-07-17T13:00:00+00:00,0.574,0.642,MEDIUM,NW  (290–330°),1.1175,2026-07-17T14:00:00+00:00,2.3,310.1,0.76,6.02,254.4,2026-07-17T14:23:25+00:00,0.745,0.01,rising,1.39,2026-07-17 20:20,0.6,2026-07-18 01:38,1.6,35,2.0,sideshore-N
2026-07-17T16:06:41.989296+00:00,2026-07-17T14:00:00+00:00,0.569,0.636,MEDIUM,NW  (290–330°),1.1175,2026-07-17T15:30:00+00:00,2.33,314.3,0.73,6.02,250.1,2026-07-17T15:23:25+00:00,0.736,0.39,rising,1.39,2026-07-17 20:20,0.6,2026-07-18 01:38,0.5,338,0.6,sideshore-N
2026-07-17T17:55:23.120954+00:00,2026-07-17T16:00:00+00:00,0.616,0.688,MEDIUM,NW  (290–330°),1.1175,2026-07-17T17:00:00+00:00,2.31,314.3,0.7,5.68,253.2,2026-07-17T16:23:25+00:00,0.767,1.07,rising,1.39,2026-07-17 20:20,0.6,2026-07-18 01:38,1.8,209,1.9,sideshore-S
2026-07-17T18:49:52.065526+00:00,2026-07-17T17:00:00+00:00,0.592,0.662,MEDIUM,NW  (290–330°),1.1175,2026-07-17T18:00:00+00:00,1.98,310.1,0.67,6.02,254.3,2026-07-17T17:59:57+00:00,0.721,1.32,rising,1.39,2026-07-17 20:20,0.6,2026-07-18 01:38,1.4,234,1.5,onshore
2026-07-17T19:56:59.768675+00:00,2026-07-17T18:00:00+00:00,0.567,0.633,MEDIUM,NW  (290–330°),1.1175,2026-07-17T19:00:00+00:00,2.09,317.2,0.67,5.38,263.6,2026-07-17T18:59:57+00:00,0.701,,,,,,,1.1,248,1.1,onshore
2026-07-17T20:43:53.830086+00:00,2026-07-17T19:00:00+00:00,0.629,0.703,MEDIUM,NW  (290–330°),1.1175,2026-07-17T20:00:00+00:00,2.04,320.0,0.71,5.12,266.9,2026-07-17T19:59:57+00:00,0.733,,,,,,,2.7,242,2.9,onshore
2026-07-17T21:40:12.277756+00:00,2026-07-17T20:00:00+00:00,0.628,0.702,MEDIUM,NW  (290–330°),1.1175,2026-07-17T21:00:00+00:00,2.11,320.0,0.72,5.68,265.2,2026-07-17T20:59:57+00:00,0.741,,,,,,,2.4,225,2.4,onshore
2026-07-17T22:37:28.737511+00:00,2026-07-17T21:00:00+00:00,0.595,0.665,MEDIUM,NW  (290–330°),1.1175,2026-07-17T22:00:00+00:00,2.08,318.6,0.69,6.02,262.9,2026-07-17T21:59:57+00:00,0.716,,,,,,,3.4,236,3.5,onshore
2026-07-17T23:40:22.031887+00:00,2026-07-17T22:00:00+00:00,0.571,0.638,MEDIUM,NW  (290–330°),1.1175,2026-07-17T23:00:00+00:00,2.08,317.2,0.75,6.02,261.8,2026-07-17T22:59:57+00:00,0.702,1.04,falling,,,,,2.6,254,2.8,onshore
2026-07-18T01:16:33.089175+00:00,2026-07-17T23:00:00+00:00,0.544,0.608,MEDIUM,NW  (290–330°),1.1175,2026-07-18T00:30:00+00:00,2.03,318.6,0.86,4.64,262.8,2026-07-18T00:59:57+00:00,0.674,0.81,falling,,,,,2.7,250,3.0,onshore
2026-07-18T04:36:15.092235+00:00,2026-07-18T03:00:00+00:00,0.624,0.697,MEDIUM,NW  (290–330°),1.1175,2026-07-18T04:00:00+00:00,1.98,314.3,0.85,4.86,264.1,2026-07-18T03:59:57+00:00,0.735,1.2,rising,,,,,1.2,241,1.4,onshore
2026-07-18T06:51:40.510812+00:00,2026-07-18T05:00:00+00:00,0.593,0.663,MEDIUM,NW  (290–330°),1.1175,2026-07-18T06:00:00+00:00,1.99,312.9,0.73,4.86,263.0,2026-07-18T05:59:57+00:00,0.718,1.7,rising,,,,,0.9,131,1.5,offshore
2026-07-18T08:29:46.750675+00:00,2026-07-18T07:00:00+00:00,0.573,0.64,MEDIUM,NW  (290–330°),1.1175,2026-07-18T07:30:00+00:00,1.9,315.8,0.69,5.38,264.8,2026-07-18T07:59:57+00:00,0.687,1.73,falling,,,,,1.2,119,2.7,offshore
2026-07-18T10:07:22.264960+00:00,2026-07-18T08:00:00+00:00,0.544,0.608,MEDIUM,NW  (290–330°),1.1175,2026-07-18T09:30:00+00:00,1.96,318.6,0.71,5.38,268.9,2026-07-18T09:59:57+00:00,0.667,1.3,falling,,,,,1.2,90,2.2,offshore
2026-07-18T11:42:11.660495+00:00,2026-07-18T10:00:00+00:00,0.505,0.564,MEDIUM,NW  (290–330°),1.1175,2026-07-18T11:00:00+00:00,2.0,314.3,0.74,5.68,252.1,2026-07-18T10:59:57+00:00,0.652,0.78,falling,,,,,1.6,101,3.1,offshore
2026-07-18T12:44:28.906674+00:00,2026-07-18T11:00:00+00:00,0.512,0.572,MEDIUM,NW  (290–330°),1.1175,2026-07-18T12:00:00+00:00,1.92,312.9,0.71,5.38,249.6,2026-07-18T11:59:57+00:00,0.652,0.38,falling,,,,,1.2,90,1.7,offshore
2026-07-18T14:13:28.355406+00:00,2026-07-18T12:00:00+00:00,0.498,0.557,MEDIUM,NW  (290–330°),1.1175,2026-07-18T13:30:00+00:00,1.95,312.9,0.62,5.68,255.6,2026-07-18T13:59:57+00:00,0.645,0.19,falling,,,,,1.2,151,1.5,sideshore-S
2026-07-18T15:42:44.349425+00:00,2026-07-18T14:00:00+00:00,0.532,0.594,MEDIUM,NW  (290–330°),1.1175,2026-07-18T15:00:00+00:00,1.82,312.9,0.66,6.02,251.0,2026-07-18T14:59:57+00:00,0.654,0.2,rising,,,,,0.6,129,0.9,offshore
2026-07-18T16:41:42.387011+00:00,2026-07-18T15:00:00+00:00,0.514,0.575,MEDIUM,NW  (290–330°),1.1175,2026-07-18T16:00:00+00:00,1.95,317.2,0.64,6.02,255.7,2026-07-18T15:59:57+00:00,0.648,0.51,rising,1.44,2026-07-18 21:02,0.6,2026-07-19 02:45,1.6,235,1.7,onshore
2026-07-18T17:44:48.848472+00:00,2026-07-18T16:00:00+00:00,0.505,0.565,MEDIUM,NW  (290–330°),1.1175,2026-07-18T17:00:00+00:00,1.85,296.1,0.59,4.86,262.5,2026-07-18T17:37:31+00:00,0.671,0.83,rising,,,,,2.2,216,2.3,sideshore-S
2026-07-18T18:42:48.307706+00:00,2026-07-18T17:00:00+00:00,0.464,0.528,LOW,WNW (260–290°),1.1382,2026-07-18T18:00:00+00:00,1.94,284.8,0.59,5.38,263.1,2026-07-18T18:37:31+00:00,0.668,1.18,rising,1.44,2026-07-18 21:02,0.6,2026-07-19 02:45,1.5,259,1.6,onshore
2026-07-18T19:57:22.699060+00:00,2026-07-18T18:00:00+00:00,0.429,0.479,MEDIUM,NW  (290–330°),1.1175,2026-07-18T19:00:00+00:00,1.7,297.5,0.57,5.38,262.6,2026-07-18T19:37:31+00:00,0.596,1.49,rising,1.44,2026-07-18 21:02,0.6,2026-07-19 02:45,2.9,243,3.2,onshore
2026-07-18T20:38:55.065235+00:00,2026-07-18T19:00:00+00:00,0.409,0.465,LOW,WNW (260–290°),1.1382,2026-07-18T20:00:00+00:00,1.72,282.0,0.62,6.4,250.5,2026-07-18T20:37:31+00:00,0.606,1.54,rising,1.44,2026-07-18 21:02,0.6,2026-07-19 02:45,3.6,243,3.9,onshore
2026-07-18T21:38:38.112074+00:00,2026-07-18T20:00:00+00:00,0.409,0.465,LOW,WNW (260–290°),1.1382,2026-07-18T21:00:00+00:00,1.78,282.0,0.66,6.02,254.2,2026-07-18T21:37:31+00:00,0.613,1.61,rising,1.38,2026-07-19 08:27,0.6,2026-07-19 02:45,3.6,251,4.0,onshore
2026-07-18T22:36:13.398976+00:00,2026-07-18T21:00:00+00:00,0.414,0.462,MEDIUM,NW  (290–330°),1.1175,2026-07-18T22:00:00+00:00,1.58,315.8,0.66,6.02,254.2,2026-07-18T21:37:31+00:00,0.536,1.47,falling,1.38,2026-07-19 08:27,0.6,2026-07-19 02:45,3.4,243,3.7,onshore
2026-07-18T23:40:27.571615+00:00,2026-07-18T22:00:00+00:00,0.428,0.487,LOW,WNW (260–290°),1.1382,2026-07-18T23:00:00+00:00,1.64,283.4,0.7,5.68,257.4,2026-07-18T23:37:31+00:00,0.61,1.29,falling,1.38,2026-07-19 08:27,0.6,2026-07-19 02:45,3.2,248,3.7,onshore
2026-07-19T01:22:21.495638+00:00,2026-07-19T00:00:00+00:00,0.541,0.605,MEDIUM,NW  (290–330°),1.1175,2026-07-19T00:30:00+00:00,1.74,293.2,0.75,5.12,260.5,2026-07-19T00:37:31+00:00,0.689,0.89,falling,1.38,2026-07-19 08:27,0.6,2026-07-19 02:45,2.4,240,2.7,onshore
2026-07-19T04:58:41.737040+00:00,2026-07-19T03:00:00+00:00,0.659,0.75,LOW,WNW (260–290°),1.1382,2026-07-19T04:00:00+00:00,1.69,279.2,0.77,6.02,250.6,2026-07-19T04:37:31+00:00,0.787,0.94,rising,1.38,2026-07-19 08:27,0.18,2026-07-19 14:58,3.4,130,4.6,offshore
2026-07-19T07:25:01.020308+00:00,2026-07-19T06:00:00+00:00,0.744,0.847,LOW,WNW (260–290°),1.1382,2026-07-19T06:30:00+00:00,1.67,287.6,0.79,6.4,249.9,2026-07-19T05:59:49+00:00,0.835,1.43,rising,1.38,2026-07-19 08:27,0.18,2026-07-19 14:58,3.5,110,7.0,offshore
2026-07-19T09:41:48.295018+00:00,2026-07-19T08:00:00+00:00,0.732,0.818,MEDIUM,NW  (290–330°),1.1175,2026-07-19T09:00:00+00:00,1.6,297.5,0.81,6.02,248.1,2026-07-19T08:53:01+00:00,0.802,1.48,falling,1.48,2026-07-19 21:47,0.18,2026-07-19 14:58,2.5,119,4.4,offshore
2026-07-19T11:02:12.464828+00:00,2026-07-19T09:00:00+00:00,0.718,0.766,MEDIUM,W   (230–260°),1.0669,2026-07-19T10:30:00+00:00,1.81,256.7,0.78,6.02,239.4,2026-07-19T10:41:31+00:00,0.857,1.14,falling,1.48,2026-07-19 21:47,0.18,2026-07-19 14:58,1.8,77,3.1,offshore
2026-07-19T12:46:21.895701+00:00,2026-07-19T11:00:00+00:00,0.724,0.824,LOW,WNW (260–290°),1.1382,2026-07-19T12:00:00+00:00,1.61,277.8,0.76,6.02,245.1,2026-07-19T12:39:31+00:00,0.825,0.7,falling,1.48,2026-07-19 21:47,0.18,2026-07-19 14:58,1.4,30,2.0,sideshore-N
2026-07-19T14:18:08.045158+00:00,2026-07-19T12:00:00+00:00,0.669,0.799,HIGH,SW  (200–230°),1.1951,2026-07-19T13:30:00+00:00,1.68,203.2,0.71,6.4,245.1,2026-07-19T13:39:31+00:00,0.761,0.43,falling,1.48,2026-07-19 21:47,0.18,2026-07-19 14:58,1.7,50,2.6,offshore
2026-07-19T15:44:19.178349+00:00,2026-07-19T14:00:00+00:00,0.526,0.561,MEDIUM,W   (230–260°),1.0669,2026-07-19T15:00:00+00:00,1.73,255.3,,,,,0.71,0.37,falling,1.48,2026-07-19 21:47,0.57,2026-07-20 04:05,0.9,84,2.8,offshore
2026-07-19T16:41:53.316402+00:00,2026-07-19T15:00:00+00:00,0.464,0.523,HIGH,S   (150–200°),1.126,2026-07-19T16:00:00+00:00,1.85,177.9,0.59,5.68,247.4,2026-07-19T16:09:19+00:00,0.582,0.59,rising,1.48,2026-07-19 21:47,0.57,2026-07-20 04:05,1.4,159,1.9,sideshore-S
2026-07-19T17:45:55.786066+00:00,2026-07-19T16:00:00+00:00,0.452,0.509,HIGH,S   (150–200°),1.126,2026-07-19T17:00:00+00:00,1.92,175.1,0.64,6.02,248.0,2026-07-19T17:09:19+00:00,0.574,0.75,rising,1.48,2026-07-19 21:47,0.57,2026-07-20 04:05,1.0,253,1.1,onshore
2026-07-19T18:45:22.707059+00:00,2026-07-19T17:00:00+00:00,0.451,0.508,HIGH,S   (150–200°),1.126,2026-07-19T18:00:00+00:00,1.89,179.3,0.65,5.68,250.6,2026-07-19T18:09:19+00:00,0.58,1.07,rising,1.48,2026-07-19 21:47,0.57,2026-07-20 04:05,3.0,228,3.2,onshore
2026-07-19T20:00:36.163378+00:00,2026-07-19T18:00:00+00:00,0.426,0.48,HIGH,S   (150–200°),1.126,2026-07-19T19:00:00+00:00,1.98,176.5,0.67,6.02,246.8,2026-07-19T19:09:19+00:00,0.567,1.41,rising,1.48,2026-07-19 21:47,0.57,2026-07-20 04:05,3.1,228,3.2,onshore
2026-07-19T20:52:04.727480+00:00,2026-07-19T19:00:00+00:00,0.418,0.471,HIGH,S   (150–200°),1.126,2026-07-19T20:00:00+00:00,2.07,179.3,0.7,12.8,181.1,2026-07-19T20:09:19+00:00,0.578,1.6,rising,1.48,2026-07-19 21:47,0.57,2026-07-20 04:05,3.5,250,4.0,onshore
2026-07-19T21:39:42.651478+00:00,2026-07-19T20:00:00+00:00,0.413,0.465,HIGH,S   (150–200°),1.126,2026-07-19T21:00:00+00:00,1.92,173.7,0.76,5.68,252.9,2026-07-19T21:09:19+00:00,0.545,1.66,rising,1.48,2026-07-19 21:47,0.57,2026-07-20 04:05,3.4,251,3.9,onshore
2026-07-19T22:39:01.769765+00:00,2026-07-19T21:00:00+00:00,0.396,0.446,HIGH,S   (150–200°),1.126,2026-07-19T22:00:00+00:00,1.86,176.5,0.78,4.86,280.3,2026-07-19T22:09:19+00:00,0.534,1.66,rising,1.12,2026-07-20 09:32,0.57,2026-07-20 04:05,4.1,260,4.9,onshore
2026-07-19T23:44:26.738792+00:00,2026-07-19T22:00:00+00:00,0.386,0.435,HIGH,S   (150–200°),1.126,2026-07-19T23:00:00+00:00,1.86,173.7,0.77,5.38,271.9,2026-07-19T23:09:19+00:00,0.522,1.47,falling,1.12,2026-07-20 09:32,0.57,2026-07-20 04:05,3.8,256,4.6,onshore
2026-07-20T01:25:55.858023+00:00,2026-07-20T00:00:00+00:00,0.522,0.588,HIGH,S   (150–200°),1.126,2026-07-20T00:30:00+00:00,1.7,173.7,0.74,5.68,261.5,2026-07-20T01:09:19+00:00,0.602,1.11,falling,1.12,2026-07-20 09:32,0.57,2026-07-20 04:05,3.5,260,4.5,onshore
2026-07-20T05:26:56.455052+00:00,2026-07-20T04:00:00+00:00,0.61,0.687,HIGH,S   (150–200°),1.126,2026-07-20T04:30:00+00:00,1.59,182.2,0.9,5.68,257.9,2026-07-20T05:09:19+00:00,0.671,0.77,rising,1.12,2026-07-20 09:32,0.4,2026-07-20 15:32,2.7,132,3.1,offshore
2026-07-20T08:34:13.764427+00:00,2026-07-20T07:00:00+00:00,0.789,0.889,HIGH,S   (150–200°),1.126,2026-07-20T08:00:00+00:00,1.68,182.2,0.77,5.68,250.1,2026-07-20T08:09:19+00:00,0.811,1.22,rising,1.12,2026-07-20 09:32,0.4,2026-07-20 15:32,1.9,141,4.0,sideshore-S
2026-07-20T11:35:11.640174+00:00,2026-07-20T10:00:00+00:00,0.727,0.818,HIGH,S   (150–200°),1.126,2026-07-20T10:30:00+00:00,1.71,175.1,0.74,5.68,238.6,2026-07-20T11:09:19+00:00,0.754,1.15,falling,1.51,2026-07-20 22:35,0.4,2026-07-20 15:32,1.9,72,4.3,offshore
2026-07-20T13:44:38.011875+00:00,2026-07-20T12:00:00+00:00,0.635,0.715,HIGH,S   (150–200°),1.126,2026-07-20T13:00:00+00:00,1.62,175.1,0.64,5.12,240.3,2026-07-20T13:09:19+00:00,0.678,0.8,falling,1.51,2026-07-20 22:35,0.4,2026-07-20 15:32,1.5,74,3.7,offshore
2026-07-20T15:42:59.326305+00:00,2026-07-20T14:00:00+00:00,0.559,0.629,HIGH,S   (150–200°),1.126,2026-07-20T15:00:00+00:00,1.71,186.4,0.62,5.12,227.9,2026-07-20T15:09:19+00:00,0.658,0.57,rising,1.51,2026-07-20 22:35,0.5,2026-07-21 05:42,1.1,75,2.2,offshore
2026-07-20T17:15:55.046055+00:00,2026-07-20T15:00:00+00:00,0.486,0.547,HIGH,S   (150–200°),1.126,2026-07-20T16:30:00+00:00,1.74,177.9,0.53,5.12,240.6,2026-07-20T17:09:19+00:00,0.59,0.69,rising,1.51,2026-07-20 22:35,0.5,2026-07-21 05:42,1.4,188,2.0,sideshore-S
2026-07-20T19:21:21.139867+00:00,2026-07-20T17:00:00+00:00,0.388,0.437,HIGH,S   (150–200°),1.126,2026-07-20T18:30:00+00:00,1.7,182.2,0.54,4.86,243.0,2026-07-20T19:09:19+00:00,0.525,1.19,rising,1.51,2026-07-20 22:35,0.5,2026-07-21 05:42,2.7,197,2.9,sideshore-S
2026-07-20T20:58:02.706888+00:00,2026-07-20T19:00:00+00:00,0.343,0.386,HIGH,S   (150–200°),1.126,2026-07-20T20:00:00+00:00,1.65,179.3,0.57,4.86,230.1,2026-07-20T20:09:19+00:00,0.481,1.51,rising,1.51,2026-07-20 22:35,0.5,2026-07-21 05:42,2.8,228,3.0,onshore
2026-07-20T21:57:13.789737+00:00,2026-07-20T20:00:00+00:00,0.35,0.394,HIGH,S   (150–200°),1.126,2026-07-20T21:00:00+00:00,1.48,176.5,0.52,4.86,241.9,2026-07-20T21:09:19+00:00,0.46,1.65,rising,1.51,2026-07-20 22:35,0.5,2026-07-21 05:42,3.5,240,3.8,onshore
2026-07-20T22:51:11.567011+00:00,2026-07-20T21:00:00+00:00,0.33,0.371,HIGH,S   (150–200°),1.126,2026-07-20T22:00:00+00:00,1.68,173.7,0.54,5.12,244.0,2026-07-20T22:09:19+00:00,0.463,1.65,falling,0.93,2026-07-21 11:07,0.5,2026-07-21 05:42,3.2,242,3.3,onshore
2026-07-20T23:45:00.222381+00:00,2026-07-20T22:00:00+00:00,0.294,0.331,HIGH,S   (150–200°),1.126,2026-07-20T23:00:00+00:00,1.69,176.5,0.52,5.12,237.0,2026-07-20T23:09:19+00:00,0.445,1.66,falling,0.93,2026-07-21 11:07,0.5,2026-07-21 05:42,2.5,228,2.7,onshore
2026-07-21T01:21:59.202924+00:00,2026-07-21T00:00:00+00:00,0.286,0.322,HIGH,S   (150–200°),1.126,2026-07-21T00:30:00+00:00,1.68,169.5,0.55,14.62,210.6,2026-07-21T01:09:19+00:00,0.423,1.38,falling,0.93,2026-07-21 11:07,0.5,2026-07-21 05:42,1.8,218,1.7,sideshore-S
2026-07-21T04:56:05.316047+00:00,2026-07-21T03:00:00+00:00,0.315,0.355,HIGH,S   (150–200°),1.126,2026-07-21T04:00:00+00:00,1.61,170.9,0.58,4.44,257.3,2026-07-21T03:09:19+00:00,0.439,0.67,falling,0.93,2026-07-21 11:07,0.5,2026-07-21 05:42,1.5,160,1.8,sideshore-S
2026-07-21T07:27:19.932677+00:00,2026-07-21T06:00:00+00:00,0.387,0.436,HIGH,S   (150–200°),1.126,2026-07-21T06:30:00+00:00,1.58,186.4,,,,,0.521,0.77,rising,0.93,2026-07-21 11:07,0.6,2026-07-21 16:09,1.3,153,1.5,sideshore-S
2026-07-21T10:11:59.085790+00:00,2026-07-21T08:00:00+00:00,0.401,0.452,HIGH,S   (150–200°),1.126,2026-07-21T09:30:00+00:00,1.44,175.1,,,,,0.491,1.03,rising,0.93,2026-07-21 11:07,0.6,2026-07-21 16:09,1.7,140,3.1,sideshore-S
2026-07-21T12:17:35.645406+00:00,2026-07-21T10:00:00+00:00,0.389,0.438,HIGH,S   (150–200°),1.126,2026-07-21T11:30:00+00:00,1.5,192.0,,,,,0.524,1.0,falling,1.54,2026-07-21 23:27,0.6,2026-07-21 16:09,1.9,18,2.4,sideshore-N
2026-07-21T14:53:10.424567+00:00,2026-07-21T13:00:00+00:00,0.361,0.407,HIGH,S   (150–200°),1.126,2026-07-21T14:00:00+00:00,1.8,186.4,,,,,0.529,0.82,falling,1.54,2026-07-21 23:27,0.6,2026-07-21 16:09,1.4,132,3.2,offshore
2026-07-21T16:13:02.872951+00:00,2026-07-21T14:00:00+00:00,0.352,0.42,HIGH,SW  (200–230°),1.1951,2026-07-21T15:30:00+00:00,1.6,200.4,,,,,0.525,0.74,falling,1.54,2026-07-21 23:27,0.37,2026-07-22 07:08,2.2,153,2.5,sideshore-S
2026-07-21T18:06:54.117575+00:00,2026-07-21T16:00:00+00:00,0.351,0.395,HIGH,S   (150–200°),1.126,2026-07-21T17:30:00+00:00,1.7,194.8,,,,,0.526,0.85,rising,1.54,2026-07-21 23:27,0.37,2026-07-22 07:08,2.9,168,3.0,sideshore-S
2026-07-21T20:11:10.857300+00:00,2026-07-21T18:00:00+00:00,0.316,0.356,HIGH,S   (150–200°),1.126,2026-07-21T19:30:00+00:00,1.55,199.0,,,,,0.491,1.24,rising,1.54,2026-07-21 23:27,0.37,2026-07-22 07:08,2.2,212,2.3,sideshore-S
2026-07-21T21:52:12.182241+00:00,2026-07-21T20:00:00+00:00,0.312,0.351,HIGH,S   (150–200°),1.126,2026-07-21T21:00:00+00:00,1.4,182.2,,,,,0.438,1.59,rising,1.54,2026-07-21 23:27,0.37,2026-07-22 07:08,3.4,223,7.1,sideshore-S
2026-07-21T22:43:01.652862+00:00,2026-07-21T21:00:00+00:00,0.308,0.347,HIGH,S   (150–200°),1.126,2026-07-21T22:00:00+00:00,1.64,193.4,0.5,9.3,190.9,2026-07-21T22:15:31+00:00,0.486,1.64,rising,1.54,2026-07-21 23:27,0.37,2026-07-22 07:08,4.0,236,6.9,onshore
2026-07-21T23:45:33.370533+00:00,2026-07-21T22:00:00+00:00,0.312,0.351,HIGH,S   (150–200°),1.126,2026-07-21T23:00:00+00:00,1.55,194.8,0.52,14.62,192.2,2026-07-21T23:15:31+00:00,0.481,1.67,rising,0.86,2026-07-22 13:18,0.37,2026-07-22 07:08,4.0,250,7.4,onshore
2026-07-22T01:20:29.507363+00:00,2026-07-21T23:00:00+00:00,0.318,0.358,HIGH,S   (150–200°),1.126,2026-07-22T00:30:00+00:00,1.61,192.0,0.52,10.24,203.5,2026-07-22T01:15:31+00:00,0.487,1.54,falling,0.86,2026-07-22 13:18,0.37,2026-07-22 07:08,4.9,275,7.1,onshore
2026-07-22T04:55:43.280493+00:00,2026-07-22T03:00:00+00:00,0.44,0.496,HIGH,S   (150–200°),1.126,2026-07-22T04:00:00+00:00,1.76,197.6,0.67,3.78,261.8,2026-07-22T04:15:31+00:00,0.602,0.76,falling,0.86,2026-07-22 13:18,0.37,2026-07-22 07:08,4.4,279,7.3,onshore
2026-07-22T07:28:32.061762+00:00,2026-07-22T06:00:00+00:00,0.536,0.64,HIGH,SW  (200–230°),1.1951,2026-07-22T06:30:00+00:00,1.67,206.1,0.65,4.26,259.3,2026-07-22T07:15:31+00:00,0.674,0.51,rising,0.86,2026-07-22 13:18,0.76,2026-07-22 16:57,3.2,266,5.1,onshore
2026-07-22T10:11:42.430379+00:00,2026-07-22T08:00:00+00:00,0.548,0.655,HIGH,SW  (200–230°),1.1951,2026-07-22T09:30:00+00:00,1.72,207.5,0.83,4.44,255.0,2026-07-22T09:15:31+00:00,0.691,0.72,rising,0.86,2026-07-22 13:18,0.76,2026-07-22 16:57,1.9,137,2.2,sideshore-S
2026-07-22T12:19:47.865763+00:00,2026-07-22T11:00:00+00:00,0.683,0.769,HIGH,S   (150–200°),1.126,2026-07-22T11:30:00+00:00,1.57,196.2,0.78,8.52,222.3,2026-07-22T12:15:31+00:00,0.751,0.99,rising,0.86,2026-07-22 13:18,0.76,2026-07-22 16:57,1.8,146,2.3,sideshore-S
2026-07-22T14:52:42.607813+00:00,2026-07-22T13:00:00+00:00,0.717,0.807,HIGH,S   (150–200°),1.126,2026-07-22T14:00:00+00:00,1.72,179.3,0.78,7.86,222.5,2026-07-22T14:15:31+00:00,0.759,0.99,falling,1.57,2026-07-23 00:20,0.76,2026-07-22 16:57,2.5,159,2.6,sideshore-S
2026-07-22T16:12:20.086482+00:00,2026-07-22T14:00:00+00:00,0.777,0.929,HIGH,SW  (200–230°),1.1951,2026-07-22T15:30:00+00:00,1.6,208.9,0.8,4.86,233.4,2026-07-22T15:15:31+00:00,0.843,0.93,falling,1.57,2026-07-23 00:20,0.76,2026-07-22 16:57,3.0,178,3.3,sideshore-S
2026-07-22T18:00:16.978096+00:00,2026-07-22T16:00:00+00:00,0.867,0.976,HIGH,S   (150–200°),1.126,2026-07-22T17:00:00+00:00,1.62,182.2,0.85,5.12,235.8,2026-07-22T17:15:40+00:00,0.86,0.92,rising,1.57,2026-07-23 00:20,0.23,2026-07-23 08:14,3.2,158,3.5,sideshore-S
2026-07-22T19:20:27.949935+00:00,2026-07-22T17:00:00+00:00,0.848,0.955,HIGH,S   (150–200°),1.126,2026-07-22T18:30:00+00:00,1.68,187.8,0.89,4.86,236.6,2026-07-22T19:15:31+00:00,0.865,1.02,rising,1.57,2026-07-23 00:20,0.23,2026-07-23 08:14,2.7,195,2.7,sideshore-S
2026-07-22T20:52:58.440997+00:00,2026-07-22T19:00:00+00:00,0.871,1.041,HIGH,SW  (200–230°),1.1951,2026-07-22T20:00:00+00:00,1.56,200.4,1.11,5.68,233.1,2026-07-22T20:15:31+00:00,0.891,1.26,rising,1.57,2026-07-23 00:20,0.23,2026-07-23 08:14,4.0,269,5.2,onshore
2026-07-22T21:53:56.403242+00:00,2026-07-22T20:00:00+00:00,0.924,1.04,HIGH,S   (150–200°),1.126,2026-07-22T21:00:00+00:00,1.75,196.2,1.45,5.12,247.2,2026-07-22T21:15:31+00:00,0.946,1.4,rising,1.57,2026-07-23 00:20,0.23,2026-07-23 08:14,3.5,248,4.3,onshore
2026-07-22T22:50:42.568364+00:00,2026-07-22T21:00:00+00:00,0.965,1.086,HIGH,S   (150–200°),1.126,2026-07-22T22:00:00+00:00,1.77,194.8,1.5,5.12,254.8,2026-07-22T22:15:31+00:00,0.98,1.61,rising,1.57,2026-07-23 00:20,0.23,2026-07-23 08:14,3.7,301,7.2,onshore
2026-07-22T23:52:35.288529+00:00,2026-07-22T22:00:00+00:00,0.996,1.122,HIGH,S   (150–200°),1.126,2026-07-22T23:00:00+00:00,1.8,193.4,1.49,5.68,250.2,2026-07-22T23:15:31+00:00,1.01,1.7,rising,1.57,2026-07-23 00:20,0.23,2026-07-23 08:14,4.2,326,8.9,sideshore-N
2026-07-23T01:28:13.717105+00:00,2026-07-23T00:00:00+00:00,1.045,1.177,HIGH,S   (150–200°),1.126,2026-07-23T00:30:00+00:00,2.02,194.8,1.59,5.68,258.2,2026-07-23T01:15:31+00:00,1.079,1.67,falling,0.93,2026-07-23 15:19,0.23,2026-07-23 08:14,2.9,331,9.7,sideshore-N
2026-07-23T05:12:36.144235+00:00,2026-07-23T03:00:00+00:00,1.042,1.173,HIGH,S   (150–200°),1.126,2026-07-23T04:30:00+00:00,1.95,190.6,1.2,5.68,255.3,2026-07-23T04:15:31+00:00,1.067,0.91,falling,0.93,2026-07-23 15:19,0.23,2026-07-23 08:14,1.1,270,4.6,onshore
2026-07-23T08:07:15.949351+00:00,2026-07-23T06:00:00+00:00,0.967,1.089,HIGH,S   (150–200°),1.126,2026-07-23T07:30:00+00:00,1.96,177.9,1.06,7.3,230.0,2026-07-23T07:43:01+00:00,0.99,0.37,falling,0.93,2026-07-23 15:19,0.23,2026-07-23 08:14,2.0,227,2.0,onshore
2026-07-23T10:56:58.052313+00:00,2026-07-23T09:00:00+00:00,0.944,1.054,MEDIUM,NW  (290–330°),1.1175,2026-07-23T10:00:00+00:00,1.96,315.8,1.0,6.82,232.9,2026-07-23T10:43:01+00:00,0.975,0.65,rising,0.93,2026-07-23 15:19,0.87,2026-07-23 18:05,1.9,133,3.0,offshore
2026-07-23T12:19:24.854820+00:00,2026-07-23T10:00:00+00:00,0.865,0.966,MEDIUM,NW  (290–330°),1.1175,2026-07-23T11:30:00+00:00,2.2,317.2,0.99,6.82,243.1,2026-07-23T11:43:01+00:00,0.94,0.87,rising,0.93,2026-07-23 15:19,0.87,2026-07-23 18:05,1.6,125,1.9,offshore
2026-07-23T14:59:17.577828+00:00,2026-07-23T13:00:00+00:00,0.766,0.856,MEDIUM,NW  (290–330°),1.1175,2026-07-23T14:00:00+00:00,2.39,317.2,0.98,6.4,240.9,2026-07-23T14:43:01+00:00,0.887,1.12,rising,0.93,2026-07-23 15:19,0.87,2026-07-23 18:05,1.6,130,1.8,offshore
2026-07-23T16:24:38.723422+00:00,2026-07-23T15:00:00+00:00,0.692,0.773,MEDIUM,NW  (290–330°),1.1175,2026-07-23T15:30:00+00:00,2.57,321.4,1.07,6.4,240.9,2026-07-23T15:43:01+00:00,0.843,1.06,falling,1.62,2026-07-24 01:10,0.87,2026-07-23 18:05,2.8,139,3.2,sideshore-S
2026-07-23T18:05:27.652238+00:00,2026-07-23T16:00:00+00:00,0.683,0.763,MEDIUM,NW  (290–330°),1.1175,2026-07-23T17:30:00+00:00,3.0,314.3,1.03,6.82,239.8,2026-07-23T17:43:01+00:00,0.898,1.04,falling,1.62,2026-07-24 01:10,0.87,2026-07-23 18:05,2.5,194,2.5,sideshore-S
2026-07-23T20:05:53.442441+00:00,2026-07-23T18:00:00+00:00,0.775,0.867,MEDIUM,NW  (290–330°),1.1175,2026-07-23T19:30:00+00:00,2.48,312.9,0.86,6.02,242.9,2026-07-23T19:43:01+00:00,0.913,1.11,rising,1.62,2026-07-24 01:10,0.11,2026-07-24 09:05,2.5,207,2.4,sideshore-S
2026-07-23T21:54:16.169248+00:00,2026-07-23T20:00:00+00:00,0.73,0.816,MEDIUM,NW  (290–330°),1.1175,2026-07-23T21:00:00+00:00,2.98,314.3,1.06,5.38,252.6,2026-07-23T21:43:01+00:00,0.931,1.35,rising,1.62,2026-07-24 01:10,0.11,2026-07-24 09:05,2.4,232,2.6,onshore
2026-07-23T22:44:35.866770+00:00,2026-07-23T21:00:00+00:00,0.802,0.896,MEDIUM,NW  (290–330°),1.1175,2026-07-23T22:00:00+00:00,2.74,318.6,1.19,5.68,254.2,2026-07-23T22:43:01+00:00,0.951,1.52,rising,1.62,2026-07-24 01:10,0.11,2026-07-24 09:05,2.3,221,2.4,sideshore-S
2026-07-23T23:46:48.456767+00:00,2026-07-23T22:00:00+00:00,0.807,0.901,MEDIUM,NW  (290–330°),1.1175,2026-07-23T23:00:00+00:00,2.98,322.8,1.2,5.38,258.7,2026-07-23T23:43:01+00:00,0.974,1.61,rising,1.62,2026-07-24 01:10,0.11,2026-07-24 09:05,2.1,202,2.1,sideshore-S
2026-07-24T01:24:29.965289+00:00,2026-07-24T00:00:00+00:00,0.993,1.11,MEDIUM,NW  (290–330°),1.1175,2026-07-24T00:30:00+00:00,2.77,325.6,1.2,5.68,257.1,2026-07-24T00:43:01+00:00,1.088,1.78,rising,1.0,2026-07-24 16:15,0.11,2026-07-24 09:05,1.4,176,1.4,sideshore-S
2026-07-24T04:58:06.786781+00:00,2026-07-24T03:00:00+00:00,0.971,1.086,MEDIUM,NW  (290–330°),1.1175,2026-07-24T04:00:00+00:00,2.65,318.6,1.14,5.38,250.9,2026-07-24T04:43:01+00:00,1.073,1.16,falling,1.0,2026-07-24 16:15,0.11,2026-07-24 09:05,1.8,199,1.9,sideshore-S
2026-07-24T07:27:58.785319+00:00,2026-07-24T06:00:00+00:00,0.92,1.028,MEDIUM,NW  (290–330°),1.1175,2026-07-24T06:30:00+00:00,2.6,320.0,1.02,5.12,242.0,2026-07-24T06:43:10+00:00,1.026,0.45,falling,1.0,2026-07-24 16:15,0.11,2026-07-24 09:05,1.6,153,2.5,sideshore-S
2026-07-24T10:04:52.107236+00:00,2026-07-24T08:00:00+00:00,0.897,1.003,MEDIUM,NW  (290–330°),1.1175,2026-07-24T09:30:00+00:00,2.71,312.9,,,,,1.034,0.29,rising,1.0,2026-07-24 16:15,0.92,2026-07-24 19:13,2.8,55,4.6,offshore
2026-07-24T12:10:35.164951+00:00,2026-07-24T10:00:00+00:00,0.885,0.989,MEDIUM,NW  (290–330°),1.1175,2026-07-24T11:30:00+00:00,2.41,321.4,,,,,0.975,0.61,rising,1.0,2026-07-24 16:15,0.92,2026-07-24 19:13,2.0,93,4.1,offshore
2026-07-24T14:41:35.907974+00:00,2026-07-24T13:00:00+00:00,0.796,0.889,MEDIUM,NW  (290–330°),1.1175,2026-07-24T14:00:00+00:00,2.45,321.4,0.83,5.38,243.6,2026-07-24T14:10:19+00:00,0.911,1.06,rising,1.0,2026-07-24 16:15,0.92,2026-07-24 19:13,1.5,106,3.1,offshore
2026-07-24T18:09:06.572519+00:00,2026-07-24T16:00:00+00:00,0.61,0.682,MEDIUM,NW  (290–330°),1.1175,2026-07-24T17:30:00+00:00,2.26,317.2,0.9,6.4,247.6,2026-07-24T16:10:19+00:00,0.757,1.05,falling,1.67,2026-07-25 01:58,0.92,2026-07-24 19:13,2.8,190,2.8,sideshore-S
2026-07-24T20:08:36.206146+00:00,2026-07-24T18:00:00+00:00,0.546,0.61,MEDIUM,NW  (290–330°),1.1175,2026-07-24T19:30:00+00:00,2.25,317.2,0.91,5.38,254.5,2026-07-24T19:41:19+00:00,0.707,1.1,rising,1.67,2026-07-25 01:58,0.01,2026-07-25 09:45,2.6,205,2.6,sideshore-S
2026-07-24T21:52:57.096824+00:00,2026-07-24T20:00:00+00:00,0.54,0.604,MEDIUM,NW  (290–330°),1.1175,2026-07-24T21:00:00+00:00,2.23,320.0,0.84,5.38,248.7,2026-07-24T21:41:19+00:00,0.695,1.2,rising,1.67,2026-07-25 01:58,0.01,2026-07-25 09:45,3.3,231,3.6,onshore
2026-07-24T22:50:23.692832+00:00,2026-07-24T21:00:00+00:00,0.586,0.654,MEDIUM,NW  (290–330°),1.1175,2026-07-24T22:00:00+00:00,2.29,318.6,0.86,6.02,256.3,2026-07-24T22:41:19+00:00,0.739,1.39,rising,1.67,2026-07-25 01:58,0.01,2026-07-25 09:45,3.2,246,3.6,onshore
2026-07-24T23:53:26.289003+00:00,2026-07-24T22:00:00+00:00,0.634,0.709,MEDIUM,NW  (290–330°),1.1175,2026-07-24T23:00:00+00:00,2.29,321.4,0.81,4.86,257.1,2026-07-24T23:41:19+00:00,0.771,1.54,rising,1.67,2026-07-25 01:58,0.01,2026-07-25 09:45,2.7,222,2.8,sideshore-S
2026-07-25T01:24:31.467095+00:00,2026-07-25T00:00:00+00:00,0.654,0.736,HIGH,S   (150–200°),1.126,2026-07-25T00:30:00+00:00,2.28,183.6,0.82,6.02,252.5,2026-07-25T00:41:19+00:00,0.803,1.81,rising,1.67,2026-07-25 01:58,0.01,2026-07-25 09:45,1.0,180,1.0,sideshore-S
2026-07-25T04:53:31.229120+00:00,2026-07-25T03:00:00+00:00,0.696,0.778,MEDIUM,NW  (290–330°),1.1175,2026-07-25T04:00:00+00:00,2.25,315.8,,,,,0.825,1.38,falling,1.06,2026-07-25 16:46,0.01,2026-07-25 09:45,2.8,145,3.5,sideshore-S
2026-07-25T07:07:54.877339+00:00,2026-07-25T05:00:00+00:00,0.901,1.077,HIGH,SW  (200–230°),1.1951,2026-07-25T06:30:00+00:00,2.26,217.3,1.01,5.68,228.8,2026-07-25T06:33:31+00:00,1.039,0.65,falling,1.06,2026-07-25 16:46,0.01,2026-07-25 09:45,3.3,106,6.3,offshore
2026-07-25T09:24:49.403761+00:00,2026-07-25T08:00:00+00:00,0.982,1.097,MEDIUM,NW  (290–330°),1.1175,2026-07-25T08:30:00+00:00,2.16,314.3,1.01,6.02,232.0,2026-07-25T07:33:31+00:00,1.035,0.2,falling,1.06,2026-07-25 16:46,0.01,2026-07-25 09:45,1.3,81,3.1,offshore
2026-07-25T10:59:38.149313+00:00,2026-07-25T09:00:00+00:00,0.946,1.057,MEDIUM,NW  (290–330°),1.1175,2026-07-25T10:00:00+00:00,2.09,308.7,0.92,5.38,217.3,2026-07-25T10:32:49+00:00,1.01,0.26,rising,1.06,2026-07-25 16:46,0.92,2026-07-25 20:10,1.1,139,1.9,sideshore-S
2026-07-25T12:01:58.694270+00:00,2026-07-25T10:00:00+00:00,0.892,1.066,HIGH,SW  (200–230°),1.1951,2026-07-25T11:00:00+00:00,1.99,217.3,0.92,5.38,217.3,2026-07-25T10:32:49+00:00,1.001,0.42,rising,1.06,2026-07-25 16:46,0.92,2026-07-25 20:10,1.2,95,2.5,offshore
2026-07-25T14:25:16.584858+00:00,2026-07-25T13:00:00+00:00,0.775,0.926,HIGH,SW  (200–230°),1.1951,2026-07-25T13:30:00+00:00,2.1,210.3,,,,,0.916,0.96,rising,1.06,2026-07-25 16:46,0.92,2026-07-25 20:10,0.6,141,1.7,sideshore-S
2026-07-25T15:54:08.235529+00:00,2026-07-25T14:00:00+00:00,0.711,0.8,HIGH,S   (150–200°),1.126,2026-07-25T15:00:00+00:00,1.91,197.6,1.04,6.4,240.6,2026-07-25T15:53:31+00:00,0.828,1.14,falling,1.06,2026-07-25 16:46,0.92,2026-07-25 20:10,0.9,174,1.0,sideshore-S
2026-07-25T16:42:38.185030+00:00,2026-07-25T15:00:00+00:00,0.624,0.698,MEDIUM,NW  (290–330°),1.1175,2026-07-25T16:00:00+00:00,2.13,314.3,1.04,6.4,240.6,2026-07-25T15:53:31+00:00,0.759,1.22,rising,1.06,2026-07-25 16:46,0.92,2026-07-25 20:10,1.5,184,1.6,sideshore-S
2026-07-25T17:47:05.182841+00:00,2026-07-25T16:00:00+00:00,0.588,0.703,HIGH,SW  (200–230°),1.1951,2026-07-25T17:00:00+00:00,2.09,204.7,1.04,6.4,240.6,2026-07-25T15:53:31+00:00,0.766,1.18,falling,1.73,2026-07-26 02:41,0.92,2026-07-25 20:10,2.5,196,2.6,sideshore-S
2026-07-25T18:46:11.664906+00:00,2026-07-25T17:00:00+00:00,0.617,0.737,HIGH,SW  (200–230°),1.1951,2026-07-25T18:00:00+00:00,1.98,220.1,,,,,0.794,1.14,falling,1.73,2026-07-26 02:41,0.92,2026-07-25 20:10,1.7,205,1.7,sideshore-S
2026-07-25T20:03:34.405836+00:00,2026-07-25T18:00:00+00:00,0.633,0.756,HIGH,SW  (200–230°),1.1951,2026-07-25T19:30:00+00:00,2.21,206.1,0.84,6.4,246.6,2026-07-25T19:49:19+00:00,0.816,1.05,rising,1.73,2026-07-26 02:41,0.92,2026-07-25 20:10,2.6,220,2.8,sideshore-S
2026-07-25T21:42:05.038414+00:00,2026-07-25T20:00:00+00:00,0.646,0.727,HIGH,S   (150–200°),1.126,2026-07-25T21:00:00+00:00,2.22,199.0,0.93,6.02,249.2,2026-07-25T20:49:19+00:00,0.817,1.1,falling,1.73,2026-07-26 02:41,-0.06,2026-07-26 10:20,2.4,210,2.4,sideshore-S
2026-07-25T22:41:53.802149+00:00,2026-07-25T21:00:00+00:00,0.625,0.747,HIGH,SW  (200–230°),1.1951,2026-07-25T22:00:00+00:00,2.09,208.9,0.95,5.38,243.6,2026-07-25T21:49:19+00:00,0.801,1.21,rising,1.73,2026-07-26 02:41,-0.06,2026-07-26 10:20,2.7,216,2.8,sideshore-S
2026-07-25T23:48:45.886383+00:00,2026-07-25T22:00:00+00:00,0.629,0.752,HIGH,SW  (200–230°),1.1951,2026-07-25T23:00:00+00:00,2.2,206.1,1.11,20.48,199.5,2026-07-25T23:49:19+00:00,0.813,1.39,rising,1.73,2026-07-26 02:41,-0.06,2026-07-26 10:20,2.0,195,2.0,sideshore-S
2026-07-26T01:27:46.688135+00:00,2026-07-26T00:00:00+00:00,0.62,0.741,HIGH,SW  (200–230°),1.1951,2026-07-26T00:30:00+00:00,2.42,215.9,1.03,5.38,245.2,2026-07-26T00:49:19+00:00,0.844,1.74,rising,1.73,2026-07-26 02:41,-0.06,2026-07-26 10:20,2.0,143,2.2,sideshore-S
2026-07-26T05:18:27.356493+00:00,2026-07-26T03:00:00+00:00,0.745,0.832,MEDIUM,NW  (290–330°),1.1175,2026-07-26T04:30:00+00:00,2.31,320.0,1.16,5.68,244.6,2026-07-26T05:11:19+00:00,0.86,1.49,falling,1.09,2026-07-26 17:09,-0.06,2026-07-26 10:20,3.1,130,5.3,offshore
2026-07-26T08:03:33.239292+00:00,2026-07-26T06:00:00+00:00,0.954,1.066,MEDIUM,NW  (290–330°),1.1175,2026-07-26T07:30:00+00:00,2.37,314.3,1.05,5.12,233.7,2026-07-26T07:11:19+00:00,1.039,0.48,falling,1.09,2026-07-26 17:09,-0.06,2026-07-26 10:20,2.2,74,3.4,offshore
2026-07-26T10:26:39.340417+00:00,2026-07-26T09:00:00+00:00,0.839,0.938,MEDIUM,NW  (290–330°),1.1175,2026-07-26T09:30:00+00:00,2.56,312.9,0.97,5.12,219.8,2026-07-26T10:11:19+00:00,0.975,0.02,falling,1.09,2026-07-26 17:09,0.89,2026-07-26 20:56,1.9,54,3.3,offshore
2026-07-26T11:52:57.439586+00:00,2026-07-26T10:00:00+00:00,0.749,0.837,MEDIUM,NW  (290–330°),1.1175,2026-07-26T11:00:00+00:00,2.66,310.1,1.03,20.48,208.5,2026-07-26T11:11:19+00:00,0.922,0.14,rising,1.09,2026-07-26 17:09,0.89,2026-07-26 20:56,0.8,83,2.8,offshore
2026-07-26T12:52:40.948848+00:00,2026-07-26T11:00:00+00:00,0.673,0.752,MEDIUM,NW  (290–330°),1.1175,2026-07-26T12:00:00+00:00,2.6,312.9,0.98,6.4,242.8,2026-07-26T12:11:19+00:00,0.853,0.36,rising,1.09,2026-07-26 17:09,0.89,2026-07-26 20:56,0.9,36,1.7,sideshore-N
2026-07-26T14:22:00.994769+00:00,2026-07-26T13:00:00+00:00,0.61,0.729,HIGH,SW  (200–230°),1.1951,2026-07-26T13:30:00+00:00,2.49,215.9,0.9,6.4,240.4,2026-07-26T13:11:19+00:00,0.844,0.79,rising,1.09,2026-07-26 17:09,0.89,2026-07-26 20:56,0.8,76,1.7,offshore
2026-07-26T15:52:41.155082+00:00,2026-07-26T14:00:00+00:00,0.627,0.701,MEDIUM,NW  (290–330°),1.1175,2026-07-26T15:00:00+00:00,2.56,311.5,0.97,7.3,242.7,2026-07-26T15:19:31+00:00,0.816,1.11,rising,1.09,2026-07-26 17:09,0.89,2026-07-26 20:56,0.8,157,0.8,sideshore-S
2026-07-26T16:43:28.456522+00:00,2026-07-26T15:00:00+00:00,0.634,0.708,MEDIUM,NW  (290–330°),1.1175,2026-07-26T16:00:00+00:00,2.42,315.8,0.97,7.3,242.7,2026-07-26T15:19:31+00:00,0.798,1.16,rising,1.09,2026-07-26 17:09,0.89,2026-07-26 20:56,2.4,161,2.7,sideshore-S
2026-07-26T17:51:59.384216+00:00,2026-07-26T16:00:00+00:00,0.644,0.72,MEDIUM,NW  (290–330°),1.1175,2026-07-26T17:00:00+00:00,2.48,314.3,,,,,0.815,1.25,rising,1.78,2026-07-27 03:20,0.89,2026-07-26 20:56,1.5,203,1.5,sideshore-S
2026-07-26T18:52:20.795058+00:00,2026-07-26T17:00:00+00:00,0.638,0.713,MEDIUM,NW  (290–330°),1.1175,2026-07-26T18:00:00+00:00,2.43,314.3,,,,,0.805,1.14,falling,1.78,2026-07-27 03:20,0.89,2026-07-26 20:56,2.1,217,2.6,sideshore-S
2026-07-26T20:02:32.782475+00:00,2026-07-26T18:00:00+00:00,0.701,0.783,MEDIUM,NW  (290–330°),1.1175,2026-07-26T19:30:00+00:00,2.38,308.7,0.99,5.68,236.0,2026-07-26T19:06:01+00:00,0.857,1.07,falling,1.78,2026-07-27 03:20,0.89,2026-07-26 20:56,3.0,230,3.6,onshore
2026-07-26T21:45:59.747322+00:00,2026-07-26T20:00:00+00:00,0.702,0.784,MEDIUM,NW  (290–330°),1.1175,2026-07-26T21:00:00+00:00,2.54,311.5,1.06,5.68,239.4,2026-07-26T21:06:01+00:00,0.871,1.0,falling,1.78,2026-07-27 03:20,-0.11,2026-07-27 10:51,2.4,187,2.4,sideshore-S
2026-07-26T22:47:08.717476+00:00,2026-07-26T21:00:00+00:00,0.687,0.768,MEDIUM,NW  (290–330°),1.1175,2026-07-26T22:00:00+00:00,2.71,307.3,1.11,5.68,245.2,2026-07-26T22:06:01+00:00,0.887,1.06,falling,1.78,2026-07-27 03:20,-0.11,2026-07-27 10:51,2.7,146,3.2,sideshore-S
2026-07-26T23:50:02.891649+00:00,2026-07-26T22:00:00+00:00,0.672,0.751,MEDIUM,NW  (290–330°),1.1175,2026-07-26T23:00:00+00:00,2.51,315.8,1.21,5.12,233.4,2026-07-26T23:06:01+00:00,0.838,1.28,rising,1.78,2026-07-27 03:20,-0.11,2026-07-27 10:51,3.8,140,5.4,sideshore-S
2026-07-27T01:45:21.928703+00:00,2026-07-27T00:00:00+00:00,0.784,0.876,MEDIUM,NW  (290–330°),1.1175,2026-07-27T01:00:00+00:00,2.76,315.8,1.16,5.38,226.1,2026-07-27T01:06:01+00:00,0.953,1.73,rising,1.78,2026-07-27 03:20,-0.11,2026-07-27 10:51,2.1,161,2.3,sideshore-S
2026-07-27T05:36:41.586265+00:00,2026-07-27T04:00:00+00:00,0.836,0.935,MEDIUM,NW  (290–330°),1.1175,2026-07-27T05:00:00+00:00,2.31,314.3,,,,,0.946,1.62,falling,1.11,2026-07-27 17:30,-0.11,2026-07-27 10:51,2.1,191,2.1,sideshore-S
2026-07-27T09:22:48.562167+00:00,2026-07-27T08:00:00+00:00,0.826,0.923,MEDIUM,NW  (290–330°),1.1175,2026-07-27T08:30:00+00:00,2.38,312.9,0.94,5.38,238.1,2026-07-27T09:09:31+00:00,0.948,0.25,falling,1.11,2026-07-27 17:30,-0.11,2026-07-27 10:51,3.0,117,6.0,offshore
2026-07-27T12:47:52.808063+00:00,2026-07-27T11:00:00+00:00,0.93,1.039,MEDIUM,NW  (290–330°),1.1175,2026-07-27T12:00:00+00:00,2.79,314.3,1.03,7.3,238.7,2026-07-27T12:09:31+00:00,1.071,0.24,rising,1.11,2026-07-27 17:30,0.84,2026-07-27 21:35,1.4,120,4.0,offshore
2026-07-27T15:34:57.292200+00:00,2026-07-27T14:00:00+00:00,0.836,0.934,MEDIUM,NW  (290–330°),1.1175,2026-07-27T15:00:00+00:00,2.59,310.1,0.93,5.38,246.2,2026-07-27T14:09:31+00:00,0.984,1.04,rising,1.11,2026-07-27 17:30,0.84,2026-07-27 21:35,1.4,132,2.1,offshore
2026-07-27T17:27:16.382938+00:00,2026-07-27T16:00:00+00:00,0.73,0.815,MEDIUM,NW  (290–330°),1.1175,2026-07-27T16:30:00+00:00,2.5,317.2,1.07,6.4,239.5,2026-07-27T16:51:21+00:00,0.879,1.24,rising,1.11,2026-07-27 17:30,0.84,2026-07-27 21:35,2.3,180,2.4,sideshore-S
2026-07-27T19:07:35.610891+00:00,2026-07-27T17:00:00+00:00,0.702,0.784,MEDIUM,NW  (290–330°),1.1175,2026-07-27T18:30:00+00:00,2.21,318.6,0.99,7.3,240.9,2026-07-27T18:18:21+00:00,0.823,1.15,falling,1.82,2026-07-28 03:56,0.84,2026-07-27 21:35,2.8,218,2.8,sideshore-S
2026-07-27T20:59:26.733957+00:00,2026-07-27T19:00:00+00:00,0.737,0.83,HIGH,S   (150–200°),1.126,2026-07-27T20:00:00+00:00,2.31,196.2,1.1,6.02,241.2,2026-07-27T20:18:21+00:00,0.896,0.95,falling,1.82,2026-07-28 03:56,0.84,2026-07-27 21:35,3.0,226,3.1,onshore
2026-07-27T22:04:58.549471+00:00,2026-07-27T20:00:00+00:00,0.724,0.809,MEDIUM,NW  (290–330°),1.1175,2026-07-27T21:30:00+00:00,2.29,307.3,1.0,5.38,246.4,2026-07-27T21:18:21+00:00,0.87,0.97,falling,1.82,2026-07-28 03:56,-0.14,2026-07-28 11:21,2.9,224,3.0,sideshore-S
2026-07-27T23:52:31.517629+00:00,2026-07-27T22:00:00+00:00,0.647,0.723,MEDIUM,NW  (290–330°),1.1175,2026-07-27T23:00:00+00:00,2.54,314.3,1.09,7.3,244.7,2026-07-27T23:18:21+00:00,0.827,1.18,rising,1.82,2026-07-28 03:56,-0.14,2026-07-28 11:21,2.3,162,2.4,sideshore-S
2026-07-28T01:19:39.326608+00:00,2026-07-27T23:00:00+00:00,0.696,0.778,MEDIUM,NW  (290–330°),1.1175,2026-07-28T00:30:00+00:00,2.39,310.1,1.13,6.82,243.2,2026-07-28T01:18:21+00:00,0.855,1.58,rising,1.82,2026-07-28 03:56,-0.14,2026-07-28 11:21,1.6,184,1.6,sideshore-S
2026-07-28T04:51:24.174657+00:00,2026-07-28T03:00:00+00:00,0.873,0.975,MEDIUM,NW  (290–330°),1.1175,2026-07-28T04:00:00+00:00,2.36,318.6,1.28,5.68,253.3,2026-07-28T04:18:21+00:00,0.974,1.94,falling,1.14,2026-07-28 17:52,-0.14,2026-07-28 11:21,2.2,162,2.5,sideshore-S
2026-07-28T07:29:56.376842+00:00,2026-07-28T06:00:00+00:00,0.865,1.033,HIGH,SW  (200–230°),1.1951,2026-07-28T06:30:00+00:00,2.2,204.7,1.33,7.3,238.1,2026-07-28T06:31:49+00:00,0.996,1.17,falling,1.14,2026-07-28 17:52,-0.14,2026-07-28 11:21,1.5,132,3.2,offshore
2026-07-28T10:19:58.359718+00:00,2026-07-28T08:00:00+00:00,0.844,0.943,MEDIUM,NW  (290–330°),1.1175,2026-07-28T09:30:00+00:00,2.27,315.8,1.13,6.02,235.8,2026-07-28T09:31:49+00:00,0.948,0.07,falling,1.14,2026-07-28 17:52,-0.14,2026-07-28 11:21,1.9,99,5.2,offshore
2026-07-28T12:28:51.842370+00:00,2026-07-28T11:00:00+00:00,0.781,0.933,HIGH,SW  (200–230°),1.1951,2026-07-28T11:30:00+00:00,2.45,225.8,1.03,6.82,236.5,2026-07-28T11:31:49+00:00,0.982,0.07,rising,1.14,2026-07-28 17:52,0.78,2026-07-28 22:11,2.3,70,2.9,offshore
2026-07-28T15:09:34.071455+00:00,2026-07-28T13:00:00+00:00,0.684,0.764,MEDIUM,NW  (290–330°),1.1175,2026-07-28T14:30:00+00:00,2.55,308.7,0.92,7.86,236.3,2026-07-28T14:35:55+00:00,0.868,0.85,rising,1.14,2026-07-28 17:52,0.78,2026-07-28 22:11,0.6,90,0.8,offshore
2026-07-28T17:16:04.618073+00:00,2026-07-28T15:00:00+00:00,0.586,0.655,MEDIUM,NW  (290–330°),1.1175,2026-07-28T16:30:00+00:00,2.7,311.5,1.0,7.3,241.7,2026-07-28T17:07:55+00:00,0.804,1.26,rising,1.14,2026-07-28 17:52,0.78,2026-07-28 22:11,2.9,153,3.0,sideshore-S
2026-07-28T19:02:25.577495+00:00,2026-07-28T17:00:00+00:00,0.572,0.639,MEDIUM,NW  (290–330°),1.1175,2026-07-28T18:30:00+00:00,2.64,310.1,0.98,7.3,236.5,2026-07-28T18:07:55+00:00,0.789,1.27,falling,1.84,2026-07-29 04:29,0.78,2026-07-28 22:11,3.6,161,4.1,sideshore-S
2026-07-28T20:56:11.380623+00:00,2026-07-28T19:00:00+00:00,0.602,0.673,MEDIUM,NW  (290–330°),1.1175,2026-07-28T20:00:00+00:00,2.61,311.5,0.99,7.86,242.6,2026-07-28T20:07:55+00:00,0.807,1.01,falling,1.84,2026-07-29 04:29,0.78,2026-07-28 22:11,2.9,174,3.0,sideshore-S
2026-07-28T21:55:13.790004+00:00,2026-07-28T20:00:00+00:00,0.622,0.743,HIGH,SW  (200–230°),1.1951,2026-07-28T21:00:00+00:00,2.58,211.7,0.98,7.3,249.5,2026-07-28T21:07:55+00:00,0.86,0.97,falling,1.84,2026-07-29 04:29,0.78,2026-07-28 22:11,2.8,193,2.7,sideshore-S
2026-07-28T22:48:53.427461+00:00,2026-07-28T21:00:00+00:00,0.657,0.734,MEDIUM,NW  (290–330°),1.1175,2026-07-28T22:00:00+00:00,2.73,312.9,0.96,7.3,241.8,2026-07-28T22:07:55+00:00,0.861,0.94,rising,1.84,2026-07-29 04:29,-0.15,2026-07-29 11:49,2.6,216,2.6,sideshore-S
2026-07-28T23:48:13.338194+00:00,2026-07-28T22:00:00+00:00,0.677,0.757,MEDIUM,NW  (290–330°),1.1175,2026-07-28T23:00:00+00:00,2.69,311.5,0.91,7.86,237.3,2026-07-28T23:07:55+00:00,0.875,1.04,rising,1.84,2026-07-29 04:29,-0.15,2026-07-29 11:49,2.1,219,2.1,sideshore-S
2026-07-29T01:21:11.007044+00:00,2026-07-28T23:00:00+00:00,0.667,0.745,MEDIUM,NW  (290–330°),1.1175,2026-07-29T00:30:00+00:00,2.46,315.8,0.99,7.86,238.1,2026-07-29T01:07:55+00:00,0.834,1.38,rising,1.84,2026-07-29 04:29,-0.15,2026-07-29 11:49,1.6,227,1.7,onshore
2026-07-29T04:56:42.758822+00:00,2026-07-29T03:00:00+00:00,0.91,1.017,MEDIUM,NW  (290–330°),1.1175,2026-07-29T04:00:00+00:00,2.73,321.4,1.24,5.68,249.9,2026-07-29T04:07:55+00:00,1.043,2.01,falling,1.18,2026-07-29 18:16,-0.15,2026-07-29 11:49,3.1,143,3.7,sideshore-S
2026-07-29T07:37:37.316278+00:00,2026-07-29T06:00:00+00:00,1.0,1.118,MEDIUM,NW  (290–330°),1.1175,2026-07-29T07:00:00+00:00,2.59,317.2,1.23,5.12,220.1,2026-07-29T07:07:55+00:00,1.106,1.24,falling,1.18,2026-07-29 18:16,-0.15,2026-07-29 11:49,2.9,110,5.7,offshore
2026-07-29T10:26:00.808824+00:00,2026-07-29T09:00:00+00:00,1.021,1.15,HIGH,S   (150–200°),1.126,2026-07-29T09:30:00+00:00,2.68,197.6,1.04,7.86,239.3,2026-07-29T10:07:55+00:00,1.166,0.19,falling,1.18,2026-07-29 18:16,-0.15,2026-07-29 11:49,2.1,76,4.8,offshore
2026-07-29T12:53:34.670267+00:00,2026-07-29T11:00:00+00:00,1.004,1.199,HIGH,SW  (200–230°),1.1951,2026-07-29T12:00:00+00:00,2.36,200.4,0.91,7.3,234.0,2026-07-29T12:07:55+00:00,1.119,0.02,falling,1.18,2026-07-29 18:16,0.74,2026-07-29 22:48,2.2,60,3.9,offshore
2026-07-29T15:02:50.030051+00:00,2026-07-29T13:00:00+00:00,0.775,0.873,HIGH,S   (150–200°),1.126,2026-07-29T14:30:00+00:00,2.35,190.6,0.86,7.86,226.4,2026-07-29T14:30:31+00:00,0.925,0.65,rising,1.18,2026-07-29 18:16,0.74,2026-07-29 22:48,2.1,79,3.5,offshore
2026-07-29T17:01:38.879867+00:00,2026-07-29T15:00:00+00:00,0.626,0.704,HIGH,S   (150–200°),1.126,2026-07-29T16:00:00+00:00,2.27,193.4,0.78,6.82,241.0,2026-07-29T16:30:31+00:00,0.804,1.14,rising,1.18,2026-07-29 18:16,0.74,2026-07-29 22:48,0.6,141,1.7,sideshore-S
2026-07-29T18:50:31.796966+00:00,2026-07-29T17:00:00+00:00,0.578,0.651,HIGH,S   (150–200°),1.126,2026-07-29T18:00:00+00:00,2.27,182.2,0.78,7.3,234.6,2026-07-29T18:30:31+00:00,0.748,1.28,falling,1.83,2026-07-30 05:02,0.74,2026-07-29 22:48,2.4,213,2.5,sideshore-S
2026-07-29T20:06:22.049481+00:00,2026-07-29T18:00:00+00:00,0.548,0.617,HIGH,S   (150–200°),1.126,2026-07-29T19:30:00+00:00,2.39,168.1,0.82,7.86,240.4,2026-07-29T19:30:31+00:00,0.713,1.19,falling,1.83,2026-07-30 05:02,0.74,2026-07-29 22:48,3.1,228,3.3,onshore
2026-07-29T21:44:39.888089+00:00,2026-07-29T20:00:00+00:00,0.532,0.599,HIGH,S   (150–200°),1.126,2026-07-29T21:00:00+00:00,2.31,187.8,0.77,7.86,240.8,2026-07-29T21:30:31+00:00,0.727,1.01,falling,1.83,2026-07-30 05:02,0.74,2026-07-29 22:48,3.3,235,3.5,onshore
2026-07-29T22:45:31.133821+00:00,2026-07-29T21:00:00+00:00,0.553,0.661,HIGH,SW  (200–230°),1.1951,2026-07-29T22:00:00+00:00,2.46,200.4,0.85,7.86,237.4,2026-07-29T22:30:31+00:00,0.779,0.87,falling,1.83,2026-07-30 05:02,0.74,2026-07-29 22:48,3.2,235,3.4,onshore
2026-07-29T23:51:09.764183+00:00,2026-07-29T22:00:00+00:00,0.629,0.708,HIGH,S   (150–200°),1.126,2026-07-29T23:00:00+00:00,2.31,187.8,0.93,7.3,247.2,2026-07-29T23:30:31+00:00,0.802,0.96,rising,1.83,2026-07-30 05:02,-0.14,2026-07-30 12:16,2.7,246,3.0,onshore
2026-07-30T01:14:51.731394+00:00,2026-07-29T23:00:00+00:00,0.631,0.71,HIGH,S   (150–200°),1.126,2026-07-30T00:30:00+00:00,2.26,179.3,0.97,5.68,261.0,2026-07-30T00:30:31+00:00,0.785,1.2,rising,1.83,2026-07-30 05:02,-0.14,2026-07-30 12:16,2.8,249,3.2,onshore
2026-07-30T04:44:28.984327+00:00,2026-07-30T03:00:00+00:00,0.806,0.908,HIGH,S   (150–200°),1.126,2026-07-30T04:00:00+00:00,2.48,194.8,,,,,0.972,1.98,rising,1.83,2026-07-30 05:02,-0.14,2026-07-30 12:16,2.2,148,2.7,sideshore-S
2026-07-30T07:25:21.325560+00:00,2026-07-30T06:00:00+00:00,0.811,0.913,HIGH,S   (150–200°),1.126,2026-07-30T06:30:00+00:00,2.21,190.6,,,,,0.938,1.54,falling,1.22,2026-07-30 18:42,-0.14,2026-07-30 12:16,2.4,85,5.1,offshore
2026-07-30T10:09:04.680570+00:00,2026-07-30T08:00:00+00:00,0.811,0.914,HIGH,S   (150–200°),1.126,2026-07-30T09:30:00+00:00,2.28,189.2,0.97,7.3,240.0,2026-07-30T09:50:01+00:00,0.945,0.47,falling,1.22,2026-07-30 18:42,-0.14,2026-07-30 12:16,1.8,59,3.5,offshore
2026-07-30T12:21:18.789950+00:00,2026-07-30T11:00:00+00:00,0.738,0.831,HIGH,S   (150–200°),1.126,2026-07-30T11:30:00+00:00,2.1,193.4,0.95,6.82,240.2,2026-07-30T10:50:01+00:00,0.874,0.04,falling,1.22,2026-07-30 18:42,0.7,2026-07-30 23:26,1.0,101,2.6,offshore
2026-07-30T14:59:29.395843+00:00,2026-07-30T13:00:00+00:00,0.619,0.696,HIGH,S   (150–200°),1.126,2026-07-30T14:00:00+00:00,2.27,170.9,0.82,12.8,157.5,2026-07-30T14:48:19+00:00,0.763,0.49,rising,1.22,2026-07-30 18:42,0.7,2026-07-30 23:26,0.2,117,0.9,offshore
2026-07-30T16:25:39.908992+00:00,2026-07-30T15:00:00+00:00,0.541,0.609,HIGH,S   (150–200°),1.126,2026-07-30T15:30:00+00:00,2.08,180.8,0.74,11.36,152.9,2026-07-30T15:48:19+00:00,0.699,0.97,rising,1.22,2026-07-30 18:42,0.7,2026-07-30 23:26,0.8,249,1.4,onshore
2026-07-30T18:07:58.534961+00:00,2026-07-30T16:00:00+00:00,0.5,0.563,HIGH,S   (150–200°),1.126,2026-07-30T17:30:00+00:00,2.01,173.7,0.75,11.36,157.3,2026-07-30T17:48:19+00:00,0.648,1.25,rising,1.22,2026-07-30 18:42,0.7,2026-07-30 23:26,2.0,217,2.0,sideshore-S
2026-07-30T20:10:02.698527+00:00,2026-07-30T18:00:00+00:00,0.48,0.54,HIGH,S   (150–200°),1.126,2026-07-30T19:30:00+00:00,2.14,183.6,0.75,11.36,169.9,2026-07-30T19:48:19+00:00,0.664,1.25,falling,1.78,2026-07-31 05:34,0.7,2026-07-30 23:26,2.9,243,3.2,onshore
2026-07-30T21:56:16.417656+00:00,2026-07-30T20:00:00+00:00,0.439,0.495,HIGH,S   (150–200°),1.126,2026-07-30T21:00:00+00:00,2.18,193.4,0.75,7.3,238.3,2026-07-30T21:48:19+00:00,0.652,1.0,falling,1.78,2026-07-31 05:34,0.7,2026-07-30 23:26,3.9,252,4.5,onshore
2026-07-30T22:55:48.026462+00:00,2026-07-30T21:00:00+00:00,0.466,0.525,HIGH,S   (150–200°),1.126,2026-07-30T22:00:00+00:00,2.24,190.6,0.72,8.52,229.8,2026-07-30T22:48:19+00:00,0.676,0.87,falling,1.78,2026-07-31 05:34,0.7,2026-07-30 23:26,4.2,255,4.9,onshore
2026-07-30T23:51:47.516877+00:00,2026-07-30T22:00:00+00:00,0.504,0.602,HIGH,SW  (200–230°),1.1951,2026-07-30T23:00:00+00:00,2.31,203.2,0.77,6.4,254.6,2026-07-30T23:48:19+00:00,0.731,0.84,falling,1.78,2026-07-31 05:34,-0.09,2026-07-31 12:42,3.5,252,4.1,onshore
2026-07-31T01:28:02.779124+00:00,2026-07-31T00:00:00+00:00,0.608,0.685,HIGH,S   (150–200°),1.126,2026-07-31T00:30:00+00:00,2.11,183.6,0.83,7.86,241.7,2026-07-31T00:48:19+00:00,0.761,1.06,rising,1.78,2026-07-31 05:34,-0.09,2026-07-31 12:42,2.2,238,2.6,onshore
2026-07-31T05:22:08.716563+00:00,2026-07-31T04:00:00+00:00,0.699,0.781,MEDIUM,NW  (290–330°),1.1175,2026-07-31T04:30:00+00:00,2.18,310.1,0.98,5.68,255.8,2026-07-31T03:48:19+00:00,0.837,1.92,rising,1.78,2026-07-31 05:34,-0.09,2026-07-31 12:42,2.4,128,3.2,offshore
2026-07-31T08:29:01.631154+00:00,2026-07-31T07:00:00+00:00,0.68,0.766,HIGH,S   (150–200°),1.126,2026-07-31T07:30:00+00:00,1.97,182.2,0.89,6.02,256.0,2026-07-31T08:07:49+00:00,0.799,1.37,falling,1.27,2026-07-31 19:10,-0.09,2026-07-31 12:42,2.6,86,4.9,offshore
2026-07-31T11:15:41.465503+00:00,2026-07-31T09:00:00+00:00,0.635,0.709,MEDIUM,NW  (290–330°),1.1175,2026-07-31T10:30:00+00:00,1.98,310.1,0.94,6.02,248.3,2026-07-31T11:07:49+00:00,0.765,0.26,falling,1.27,2026-07-31 19:10,-0.09,2026-07-31 12:42,1.5,67,2.3,offshore
2026-07-31T13:26:18.872332+00:00,2026-07-31T12:00:00+00:00,0.619,0.691,MEDIUM,NW  (290–330°),1.1175,2026-07-31T12:30:00+00:00,2.06,311.5,0.82,6.82,243.8,2026-07-31T13:07:49+00:00,0.759,0.14,rising,1.27,2026-07-31 19:10,0.67,2026-08-01 00:08,1.2,48,1.5,offshore
2026-07-31T15:52:22.218107+00:00,2026-07-31T14:00:00+00:00,0.484,0.54,MEDIUM,NW  (290–330°),1.1175,2026-07-31T15:00:00+00:00,1.98,311.5,0.76,7.3,244.2,2026-07-31T15:07:49+00:00,0.645,0.68,rising,1.27,2026-07-31 19:10,0.67,2026-08-01 00:08,1.2,171,1.5,sideshore-S
2026-07-31T17:16:37.687559+00:00,2026-07-31T15:00:00+00:00,0.427,0.481,HIGH,S   (150–200°),1.126,2026-07-31T16:30:00+00:00,1.9,187.8,0.61,7.3,245.2,2026-07-31T17:07:49+00:00,0.603,1.16,rising,1.27,2026-07-31 19:10,0.67,2026-08-01 00:08,1.3,157,2.2,sideshore-S
2026-07-31T19:03:40.868057+00:00,2026-07-31T17:00:00+00:00,0.407,0.458,HIGH,S   (150–200°),1.126,2026-07-31T18:30:00+00:00,1.96,172.3,0.6,6.4,251.4,2026-07-31T18:27:19+00:00,0.569,1.37,rising,1.27,2026-07-31 19:10,0.67,2026-08-01 00:08,2.1,231,2.1,onshore
2026-07-31T20:50:41.139392+00:00,2026-07-31T19:00:00+00:00,0.361,0.403,MEDIUM,NW  (290–330°),1.1175,2026-07-31T20:00:00+00:00,1.86,307.3,0.67,8.52,225.4,2026-07-31T20:27:19+00:00,0.543,1.28,falling,1.68,2026-08-01 06:08,0.67,2026-08-01 00:08,3.3,239,3.4,onshore
2026-07-31T21:54:51.294393+00:00,2026-07-31T20:00:00+00:00,0.359,0.404,HIGH,S   (150–200°),1.126,2026-07-31T21:00:00+00:00,1.96,182.2,0.64,8.52,233.3,2026-07-31T21:27:19+00:00,0.548,1.08,falling,1.68,2026-08-01 06:08,0.67,2026-08-01 00:08,3.9,247,4.4,onshore
2026-07-31T22:48:11.064028+00:00,2026-07-31T21:00:00+00:00,0.351,0.396,HIGH,S   (150–200°),1.126,2026-07-31T22:00:00+00:00,2.01,190.6,0.73,7.3,251.2,2026-07-31T22:27:19+00:00,0.561,0.92,falling,1.68,2026-08-01 06:08,0.67,2026-08-01 00:08,4.2,260,5.2,onshore
2026-07-31T23:50:43.232173+00:00,2026-07-31T22:00:00+00:00,0.408,0.456,MEDIUM,NW  (290–330°),1.1175,2026-07-31T23:00:00+00:00,1.92,304.5,0.8,7.86,244.5,2026-07-31T23:27:19+00:00,0.591,0.89,falling,1.68,2026-08-01 06:08,0.67,2026-08-01 00:08,4.0,258,4.9,onshore
2026-08-01T01:28:51.745206+00:00,2026-08-01T00:00:00+00:00,0.437,0.493,HIGH,S   (150–200°),1.126,2026-08-01T00:30:00+00:00,1.86,177.9,0.74,6.82,255.9,2026-08-01T01:27:19+00:00,0.592,0.95,rising,1.68,2026-08-01 06:08,-0.0,2026-08-01 13:09,2.2,234,2.5,onshore
2026-08-01T05:14:38.042208+00:00,2026-08-01T03:00:00+00:00,0.422,0.471,MEDIUM,NW  (290–330°),1.1175,2026-08-01T04:30:00+00:00,2.15,307.3,1.0,6.02,250.6,2026-08-01T04:27:19+00:00,0.624,1.78,rising,1.68,2026-08-01 06:08,-0.0,2026-08-01 13:09,1.7,177,1.8,sideshore-S
2026-08-01T07:58:51.445879+00:00,2026-08-01T06:00:00+00:00,0.602,0.673,MEDIUM,NW  (290–330°),1.1175,2026-08-01T07:00:00+00:00,2.2,322.8,1.07,6.82,247.3,2026-08-01T07:09:19+00:00,0.744,1.64,falling,1.33,2026-08-01 19:38,-0.0,2026-08-01 13:09,2.4,120,6.4,offshore
2026-08-01T09:55:15.053573+00:00,2026-08-01T08:00:00+00:00,0.649,0.726,MEDIUM,NW  (290–330°),1.1175,2026-08-01T09:00:00+00:00,2.55,312.9,1.09,7.86,244.5,2026-08-01T09:09:19+00:00,0.838,0.96,falling,1.33,2026-08-01 19:38,-0.0,2026-08-01 13:09,2.2,93,6.1,offshore
2026-08-01T11:10:26.458408+00:00,2026-08-01T09:00:00+00:00,0.658,0.735,MEDIUM,NW  (290–330°),1.1175,2026-08-01T10:00:00+00:00,2.57,304.5,1.02,7.3,248.0,2026-08-01T11:09:19+00:00,0.861,0.51,falling,1.33,2026-08-01 19:38,-0.0,2026-08-01 13:09,2.9,56,4.9,offshore
2026-08-01T12:50:31.558810+00:00,2026-08-01T11:00:00+00:00,0.643,0.718,MEDIUM,NW  (290–330°),1.1175,2026-08-01T12:00:00+00:00,2.46,318.6,0.95,8.52,242.9,2026-08-01T12:09:19+00:00,0.814,0.21,falling,1.33,2026-08-01 19:38,-0.0,2026-08-01 13:09,2.4,60,3.5,offshore
2026-08-01T14:19:42.418172+00:00,2026-08-01T13:00:00+00:00,0.57,0.637,MEDIUM,NW  (290–330°),1.1175,2026-08-01T13:30:00+00:00,2.4,318.6,0.87,8.52,234.7,2026-08-01T14:09:19+00:00,0.75,0.24,rising,1.33,2026-08-01 19:38,0.64,2026-08-02 00:55,1.4,56,2.0,offshore
2026-08-01T15:50:02.691670+00:00,2026-08-01T14:00:00+00:00,0.531,0.593,MEDIUM,NW  (290–330°),1.1175,2026-08-01T15:00:00+00:00,2.34,304.5,0.75,8.52,232.9,2026-08-01T15:09:19+00:00,0.737,0.64,rising,1.33,2026-08-01 19:38,0.64,2026-08-02 00:55,,,,
2026-08-01T16:44:38.188822+00:00,2026-08-01T15:00:00+00:00,0.543,0.607,MEDIUM,NW  (290–330°),1.1175,2026-08-01T16:00:00+00:00,2.29,310.1,0.76,8.52,228.5,2026-08-01T16:09:19+00:00,0.731,0.91,rising,1.33,2026-08-01 19:38,0.64,2026-08-02 00:55,1.7,180,1.8,sideshore-S
2026-08-01T17:49:19.615644+00:00,2026-08-01T16:00:00+00:00,0.435,0.486,MEDIUM,NW  (290–330°),1.1175,2026-08-01T17:00:00+00:00,2.32,315.8,0.76,8.52,228.5,2026-08-01T16:09:19+00:00,0.642,1.23,rising,1.33,2026-08-01 19:38,0.64,2026-08-02 00:55,1.9,216,1.9,sideshore-S
2026-08-01T18:49:44.263310+00:00,2026-08-01T17:00:00+00:00,0.416,0.465,MEDIUM,NW  (290–330°),1.1175,2026-08-01T18:00:00+00:00,2.33,305.9,0.71,9.3,211.7,2026-08-01T18:07:31+00:00,0.644,1.39,rising,1.33,2026-08-01 19:38,0.64,2026-08-02 00:55,2.3,227,2.5,onshore
2026-08-01T20:03:23.944125+00:00,2026-08-01T18:00:00+00:00,0.405,0.452,MEDIUM,NW  (290–330°),1.1175,2026-08-01T19:30:00+00:00,2.44,312.9,0.76,8.52,235.5,2026-08-01T19:07:31+00:00,0.637,1.48,falling,1.53,2026-08-02 06:47,0.64,2026-08-02 00:55,2.8,218,2.8,sideshore-S
2026-08-01T21:42:03.182691+00:00,2026-08-01T20:00:00+00:00,0.465,0.52,MEDIUM,NW  (290–330°),1.1175,2026-08-01T21:00:00+00:00,2.32,314.3,0.81,8.52,238.0,2026-08-01T21:07:31+00:00,0.668,1.31,falling,1.53,2026-08-02 06:47,0.64,2026-08-02 00:55,2.8,226,2.9,onshore
2026-08-01T22:42:20.430663+00:00,2026-08-01T21:00:00+00:00,0.44,0.492,MEDIUM,NW  (290–330°),1.1175,2026-08-01T22:00:00+00:00,2.21,312.9,0.89,8.52,239.3,2026-08-01T22:07:31+00:00,0.639,1.07,falling,1.53,2026-08-02 06:47,0.64,2026-08-02 00:55,2.6,219,2.7,sideshore-S
2026-08-01T23:46:49.110347+00:00,2026-08-01T22:00:00+00:00,0.494,0.552,MEDIUM,NW  (290–330°),1.1175,2026-08-01T23:00:00+00:00,2.14,311.5,0.87,7.86,243.3,2026-08-01T23:07:31+00:00,0.674,0.84,falling,1.53,2026-08-02 06:47,0.64,2026-08-02 00:55,2.5,228,2.7,onshore
2026-08-02T01:26:45.912861+00:00,2026-08-02T00:00:00+00:00,0.577,0.645,MEDIUM,NW  (290–330°),1.1175,2026-08-02T00:30:00+00:00,2.14,314.3,0.98,7.3,247.6,2026-08-02T01:07:31+00:00,0.734,0.73,falling,1.53,2026-08-02 06:47,0.12,2026-08-02 13:35,1.8,167,1.9,sideshore-S
2026-08-02T05:14:07.976729+00:00,2026-08-02T03:00:00+00:00,0.638,0.713,MEDIUM,NW  (290–330°),1.1175,2026-08-02T04:00:00+00:00,1.74,303.1,1.06,6.82,252.7,2026-08-02T04:07:31+00:00,0.753,1.51,rising,1.53,2026-08-02 06:47,0.12,2026-08-02 13:35,2.8,129,3.9,offshore
2026-08-02T08:00:19.518028+00:00,2026-08-02T06:00:00+00:00,0.709,0.793,MEDIUM,NW  (290–330°),1.1175,2026-08-02T07:00:00+00:00,1.82,312.9,0.9,6.4,245.8,2026-08-02T07:33:01+00:00,0.802,1.62,falling,1.4,2026-08-02 20:08,0.12,2026-08-02 13:35,2.2,120,5.3,offshore
2026-08-02T09:57:41.553279+00:00,2026-08-02T08:00:00+00:00,0.724,0.809,MEDIUM,NW  (290–330°),1.1175,2026-08-02T09:00:00+00:00,1.93,318.6,0.87,6.4,240.9,2026-08-02T09:41:27+00:00,0.818,1.14,falling,1.4,2026-08-02 20:08,0.12,2026-08-02 13:35,2.4,120,3.9,offshore
2026-08-02T12:52:38.485211+00:00,2026-08-02T11:00:00+00:00,0.638,0.713,MEDIUM,NW  (290–330°),1.1175,2026-08-02T12:00:00+00:00,2.06,308.7,0.82,6.4,246.5,2026-08-02T10:59:31+00:00,0.782,0.32,falling,1.4,2026-08-02 20:08,0.12,2026-08-02 13:35,1.4,124,2.0,offshore
2026-08-02T14:21:26.408749+00:00,2026-08-02T13:00:00+00:00,0.578,0.646,MEDIUM,NW  (290–330°),1.1175,2026-08-02T13:30:00+00:00,2.04,300.3,,,,,0.746,0.31,falling,1.4,2026-08-02 20:08,0.61,2026-08-03 01:49,1.5,67,2.4,offshore
2026-08-02T15:50:12.529326+00:00,2026-08-02T14:00:00+00:00,0.528,0.59,MEDIUM,NW  (290–330°),1.1175,2026-08-02T15:00:00+00:00,2.06,301.7,0.59,5.38,259.5,2026-08-02T15:44:01+00:00,0.707,0.61,rising,1.4,2026-08-02 20:08,0.61,2026-08-03 01:49,1.5,118,2.1,offshore
2026-08-02T16:43:33.917712+00:00,2026-08-02T15:00:00+00:00,0.468,0.523,MEDIUM,NW  (290–330°),1.1175,2026-08-02T16:00:00+00:00,2.1,305.9,0.59,5.38,259.5,2026-08-02T15:44:01+00:00,0.659,0.84,rising,1.4,2026-08-02 20:08,0.61,2026-08-03 01:49,1.2,160,2.2,sideshore-S
2026-08-02T17:50:32.575887+00:00,2026-08-02T16:00:00+00:00,0.485,0.542,MEDIUM,NW  (290–330°),1.1175,2026-08-02T17:00:00+00:00,2.42,321.4,0.53,7.3,249.9,2026-08-02T17:44:01+00:00,0.684,1.2,rising,1.4,2026-08-02 20:08,0.61,2026-08-03 01:49,0.6,198,0.7,sideshore-S
2026-08-02T18:50:21.370052+00:00,2026-08-02T17:00:00+00:00,0.506,0.565,MEDIUM,NW  (290–330°),1.1175,2026-08-02T18:00:00+00:00,2.3,324.2,0.56,7.86,245.1,2026-08-02T18:44:01+00:00,0.681,1.39,rising,1.4,2026-08-02 20:08,0.61,2026-08-03 01:49,2.4,216,2.4,sideshore-S
2026-08-02T20:03:51.502398+00:00,2026-08-02T18:00:00+00:00,0.509,0.569,MEDIUM,NW  (290–330°),1.1175,2026-08-02T19:30:00+00:00,2.23,310.1,0.58,8.52,241.2,2026-08-02T19:44:01+00:00,0.699,1.58,rising,1.4,2026-08-02 20:08,0.61,2026-08-03 01:49,2.8,224,2.8,sideshore-S
2026-08-02T21:42:27.360316+00:00,2026-08-02T20:00:00+00:00,0.497,0.555,MEDIUM,NW  (290–330°),1.1175,2026-08-02T21:00:00+00:00,2.16,307.3,0.61,8.52,234.6,2026-08-02T20:44:01+00:00,0.686,1.4,falling,1.35,2026-08-03 07:31,0.61,2026-08-03 01:49,2.5,214,2.6,sideshore-S
2026-08-02T22:43:12.668444+00:00,2026-08-02T21:00:00+00:00,0.52,0.581,MEDIUM,NW  (290–330°),1.1175,2026-08-02T22:00:00+00:00,2.33,307.3,0.71,8.52,245.4,2026-08-02T21:44:01+00:00,0.723,1.22,falling,1.35,2026-08-03 07:31,0.61,2026-08-03 01:49,2.5,223,2.5,sideshore-S
2026-08-02T23:47:30.103513+00:00,2026-08-02T22:00:00+00:00,0.551,0.616,MEDIUM,NW  (290–330°),1.1175,2026-08-02T23:00:00+00:00,2.37,308.7,0.76,5.68,259.9,2026-08-02T23:44:01+00:00,0.75,1.01,falling,1.35,2026-08-03 07:31,0.61,2026-08-03 01:49,2.1,202,2.2,sideshore-S
2026-08-03T01:27:20.260381+00:00,2026-08-03T00:00:00+00:00,0.617,0.689,MEDIUM,NW  (290–330°),1.1175,2026-08-03T00:30:00+00:00,2.3,303.1,0.82,6.02,265.6,2026-08-03T00:44:01+00:00,0.802,0.79,falling,1.35,2026-08-03 07:31,0.61,2026-08-03 01:49,1.9,223,2.0,sideshore-S
2026-08-03T05:27:43.911175+00:00,2026-08-03T04:00:00+00:00,0.913,1.02,MEDIUM,NW  (290–330°),1.1175,2026-08-03T04:30:00+00:00,2.36,311.5,0.75,9.3,230.3,2026-08-03T04:44:01+00:00,1.025,1.26,rising,1.35,2026-08-03 07:31,0.27,2026-08-03 14:01,3.0,118,4.6,offshore
2026-08-03T08:57:01.177676+00:00,2026-08-03T07:00:00+00:00,0.817,0.914,MEDIUM,NW  (290–330°),1.1175,2026-08-03T08:00:00+00:00,2.85,314.3,0.76,5.68,252.0,2026-08-03T08:44:01+00:00,1.002,1.43,falling,1.47,2026-08-03 20:41,0.27,2026-08-03 14:01,1.9,96,4.4,offshore
2026-08-03T12:13:03.488245+00:00,2026-08-03T10:00:00+00:00,0.696,0.777,MEDIUM,NW  (290–330°),1.1175,2026-08-03T11:30:00+00:00,2.43,303.1,0.78,4.86,251.8,2026-08-03T11:44:01+00:00,0.877,0.7,falling,1.47,2026-08-03 20:41,0.27,2026-08-03 14:01,1.3,86,2.3,offshore
2026-08-03T15:35:27.174336+00:00,2026-08-03T14:00:00+00:00,0.626,0.699,MEDIUM,NW  (290–330°),1.1175,2026-08-03T15:00:00+00:00,1.8,301.7,0.65,6.02,258.6,2026-08-03T14:44:01+00:00,0.752,0.64,rising,1.47,2026-08-03 20:41,0.57,2026-08-04 02:54,0.4,135,0.8,offshore
2026-08-03T17:46:27.045107+00:00,2026-08-03T16:00:00+00:00,0.594,0.663,MEDIUM,NW  (290–330°),1.1175,2026-08-03T17:00:00+00:00,1.89,291.8,0.57,4.86,250.4,2026-08-03T17:44:01+00:00,0.751,1.11,rising,1.47,2026-08-03 20:41,0.57,2026-08-04 02:54,1.4,201,1.3,sideshore-S
2026-08-03T19:15:08.652958+00:00,2026-08-03T17:00:00+00:00,0.629,0.702,MEDIUM,NW  (290–330°),1.1175,2026-08-03T18:30:00+00:00,2.0,304.5,0.58,5.38,240.1,2026-08-03T18:44:01+00:00,0.773,1.5,rising,1.47,2026-08-03 20:41,0.57,2026-08-04 02:54,1.3,193,1.3,sideshore-S
2026-08-03T20:52:10.591489+00:00,2026-08-03T19:00:00+00:00,0.701,0.783,MEDIUM,NW  (290–330°),1.1175,2026-08-03T20:00:00+00:00,2.23,305.9,0.61,5.38,242.2,2026-08-03T20:44:01+00:00,0.853,1.64,rising,1.14,2026-08-04 08:29,0.57,2026-08-04 02:54,2.6,219,2.7,sideshore-S
2026-08-03T21:56:20.078443+00:00,2026-08-03T20:00:00+00:00,0.707,0.791,MEDIUM,NW  (290–330°),1.1175,2026-08-03T21:00:00+00:00,2.26,310.1,0.61,5.68,249.7,2026-08-03T21:44:01+00:00,0.854,1.54,falling,1.14,2026-08-04 08:29,0.57,2026-08-04 02:54,2.9,232,3.1,onshore
2026-08-03T22:52:01.119388+00:00,2026-08-03T21:00:00+00:00,0.668,0.746,MEDIUM,NW  (290–330°),1.1175,2026-08-03T22:00:00+00:00,2.1,315.8,0.68,5.68,250.4,2026-08-03T22:44:01+00:00,0.795,1.43,falling,1.14,2026-08-04 08:29,0.57,2026-08-04 02:54,2.5,236,2.5,onshore
2026-08-03T23:57:42.487324+00:00,2026-08-03T22:00:00+00:00,0.627,0.701,MEDIUM,NW  (290–330°),1.1175,2026-08-03T23:00:00+00:00,2.17,310.1,0.72,4.86,250.2,2026-08-03T23:44:01+00:00,0.781,1.17,falling,1.14,2026-08-04 08:29,0.57,2026-08-04 02:54,2.8,240,3.0,onshore
2026-08-04T01:55:57.770627+00:00,2026-08-04T00:00:00+00:00,0.59,0.66,MEDIUM,NW  (290–330°),1.1175,2026-08-04T01:00:00+00:00,1.82,307.3,0.67,4.86,250.2,2026-08-04T01:44:01+00:00,0.717,0.81,falling,1.14,2026-08-04 08:29,0.57,2026-08-04 02:54,2.7,250,3.2,onshore
2026-08-04T04:53:06.745474+00:00,2026-08-04T03:00:00+00:00,0.672,0.75,MEDIUM,NW  (290–330°),1.1175,2026-08-04T04:00:00+00:00,1.89,303.1,0.68,4.64,258.5,2026-08-04T04:44:01+00:00,0.794,0.89,rising,1.14,2026-08-04 08:29,0.43,2026-08-04 14:29,1.6,150,2.2,sideshore-S
2026-08-04T07:29:42.175528+00:00,2026-08-04T06:00:00+00:00,0.704,0.787,MEDIUM,NW  (290–330°),1.1175,2026-08-04T06:30:00+00:00,1.97,304.5,0.64,5.38,249.1,2026-08-04T06:44:01+00:00,0.826,1.24,rising,1.14,2026-08-04 08:29,0.43,2026-08-04 14:29,2.3,113,3.4,offshore
2026-08-04T10:25:18.566577+00:00,2026-08-04T09:00:00+00:00,0.705,0.788,MEDIUM,NW  (290–330°),1.1175,2026-08-04T09:30:00+00:00,2.32,310.1,0.59,5.68,229.0,2026-08-04T09:44:01+00:00,0.858,1.14,falling,1.55,2026-08-04 21:20,0.43,2026-08-04 14:29,2.1,95,3.7,offshore
2026-08-04T12:52:04.823820+00:00,2026-08-04T11:00:00+00:00,0.707,0.79,MEDIUM,NW  (290–330°),1.1175,2026-08-04T12:00:00+00:00,2.0,307.3,0.61,5.12,247.3,2026-08-04T12:44:01+00:00,0.826,0.81,falling,1.55,2026-08-04 21:20,0.43,2026-08-04 14:29,1.5,74,2.0,offshore
2026-08-04T15:14:16.369510+00:00,2026-08-04T13:00:00+00:00,0.664,0.742,MEDIUM,NW  (290–330°),1.1175,2026-08-04T14:30:00+00:00,1.75,304.5,0.59,4.86,255.3,2026-08-04T14:44:01+00:00,0.768,0.67,rising,1.55,2026-08-04 21:20,0.5,2026-08-05 04:18,0.9,234,1.5,onshore
2026-08-04T17:27:23.693728+00:00,2026-08-04T16:00:00+00:00,0.607,0.678,MEDIUM,NW  (290–330°),1.1175,2026-08-04T16:30:00+00:00,1.47,315.8,0.56,5.12,257.5,2026-08-04T16:44:01+00:00,0.672,,,,,,,0.6,219,0.6,sideshore-S
2026-08-04T19:16:03.929503+00:00,2026-08-04T17:00:00+00:00,0.611,0.682,MEDIUM,NW  (290–330°),1.1175,2026-08-04T18:30:00+00:00,1.59,308.7,0.56,4.64,251.9,2026-08-04T18:44:01+00:00,0.701,1.45,rising,1.55,2026-08-04 21:20,0.5,2026-08-05 04:18,1.6,218,1.7,sideshore-S
2026-08-04T21:00:10.895817+00:00,2026-08-04T19:00:00+00:00,0.566,0.633,MEDIUM,NW  (290–330°),1.1175,2026-08-04T20:00:00+00:00,1.67,308.7,0.56,6.02,246.9,2026-08-04T20:44:01+00:00,0.676,1.66,rising,1.55,2026-08-04 21:20,0.5,2026-08-05 04:18,2.1,225,2.2,onshore
2026-08-04T22:12:10.310786+00:00,2026-08-04T20:00:00+00:00,0.497,0.555,MEDIUM,NW  (290–330°),1.1175,2026-08-04T21:30:00+00:00,1.58,314.3,0.55,5.68,250.2,2026-08-04T21:44:01+00:00,0.603,1.71,rising,0.95,2026-08-05 09:54,0.5,2026-08-05 04:18,2.1,239,2.3,onshore
2026-08-04T23:52:20.453730+00:00,2026-08-04T22:00:00+00:00,0.385,0.43,MEDIUM,NW  (290–330°),1.1175,2026-08-04T23:00:00+00:00,1.46,301.7,0.59,4.44,249.6,2026-08-04T23:44:01+00:00,0.524,1.43,falling,0.95,2026-08-05 09:54,0.5,2026-08-05 04:18,3.8,253,4.5,onshore
2026-08-05T01:21:06.910816+00:00,2026-08-04T23:00:00+00:00,0.376,0.42,MEDIUM,NW  (290–330°),1.1175,2026-08-05T00:30:00+00:00,1.4,311.5,0.56,5.38,255.2,2026-08-05T00:44:01+00:00,0.495,1.05,falling,0.95,2026-08-05 09:54,0.5,2026-08-05 04:18,3.7,265,4.8,onshore
2026-08-05T04:52:24.252597+00:00,2026-08-05T03:00:00+00:00,0.441,0.493,MEDIUM,NW  (290–330°),1.1175,2026-08-05T04:00:00+00:00,1.34,298.9,0.55,3.78,249.0,2026-08-05T04:44:01+00:00,0.557,0.63,falling,0.95,2026-08-05 09:54,0.6,2026-08-05 15:00,1.8,286,2.9,onshore
2026-08-05T07:30:17.857561+00:00,2026-08-05T06:00:00+00:00,0.479,0.535,MEDIUM,NW  (290–330°),1.1175,2026-08-05T06:30:00+00:00,1.27,311.5,0.57,4.08,251.4,2026-08-05T06:44:01+00:00,0.558,0.86,rising,0.95,2026-08-05 09:54,0.6,2026-08-05 15:00,1.4,60,1.5,offshore
2026-08-05T10:21:57.231091+00:00,2026-08-05T09:00:00+00:00,0.437,0.489,MEDIUM,NW  (290–330°),1.1175,2026-08-05T09:30:00+00:00,1.25,304.5,0.54,4.44,237.8,2026-08-05T09:44:01+00:00,0.535,1.1,rising,1.62,2026-08-05 22:11,0.6,2026-08-05 15:00,1.7,57,2.3,offshore
2026-08-05T12:30:46.055134+00:00,2026-08-05T11:00:00+00:00,0.447,0.503,HIGH,S   (150–200°),1.126,2026-08-05T11:30:00+00:00,1.15,192.0,0.51,4.44,233.9,2026-08-05T11:44:01+00:00,0.539,0.94,falling,1.62,2026-08-05 22:11,0.6,2026-08-05 15:00,1.4,65,2.2,offshore
2026-08-05T15:05:44.518038+00:00,2026-08-05T13:00:00+00:00,0.411,0.463,HIGH,S   (150–200°),1.126,2026-08-05T14:00:00+00:00,1.2,190.6,0.52,5.12,239.2,2026-08-05T14:44:01+00:00,0.515,0.78,falling,1.62,2026-08-05 22:11,0.35,2026-08-06 06:00,1.6,45,1.8,offshore
2026-08-05T17:16:20.058253+00:00,2026-08-05T15:00:00+00:00,0.402,0.453,HIGH,S   (150–200°),1.126,2026-08-05T16:30:00+00:00,1.1,192.0,0.57,6.02,237.5,2026-08-05T16:44:01+00:00,0.499,0.96,rising,1.62,2026-08-05 22:11,0.35,2026-08-06 06:00,2.0,195,2.0,sideshore-S
2026-08-05T19:09:59.057938+00:00,2026-08-05T17:00:00+00:00,0.385,0.431,MEDIUM,NW  (290–330°),1.1175,2026-08-05T18:00:00+00:00,1.05,310.1,0.52,4.26,244.0,2026-08-05T18:44:01+00:00,0.463,1.34,rising,1.62,2026-08-05 22:11,0.35,2026-08-06 06:00,3.7,167,4.1,sideshore-S
2026-08-05T20:54:19.045189+00:00,2026-08-05T19:00:00+00:00,0.338,0.377,MEDIUM,NW  (290–330°),1.1175,2026-08-05T20:00:00+00:00,1.1,304.5,0.46,5.38,257.0,2026-08-05T20:44:01+00:00,0.442,1.65,rising,1.62,2026-08-05 22:11,0.35,2026-08-06 06:00,2.5,185,2.7,sideshore-S
2026-08-05T22:03:26.310117+00:00,2026-08-05T20:00:00+00:00,0.283,0.316,MEDIUM,NW  (290–330°),1.1175,2026-08-05T21:30:00+00:00,1.05,305.9,0.45,5.68,255.6,2026-08-05T21:44:01+00:00,0.392,1.7,falling,1.62,2026-08-05 22:11,0.35,2026-08-06 06:00,1.5,217,1.6,sideshore-S
2026-08-05T23:44:55.845936+00:00,2026-08-05T22:00:00+00:00,0.196,0.221,HIGH,S   (150–200°),1.126,2026-08-05T23:00:00+00:00,0.95,177.9,0.49,6.02,245.8,2026-08-05T23:44:01+00:00,0.302,1.66,falling,0.85,2026-08-06 12:11,0.35,2026-08-06 06:00,3.4,256,3.9,onshore
2026-08-06T01:18:32.438676+00:00,2026-08-05T23:00:00+00:00,0.189,0.212,MEDIUM,NW  (290–330°),1.1175,2026-08-06T00:30:00+00:00,1.01,308.7,0.53,4.86,238.4,2026-08-06T00:44:01+00:00,0.311,1.38,falling,0.85,2026-08-06 12:11,0.35,2026-08-06 06:00,3.9,269,5.1,onshore
2026-08-06T04:52:41.478158+00:00,2026-08-06T03:00:00+00:00,0.446,0.502,HIGH,S   (150–200°),1.126,2026-08-06T04:00:00+00:00,0.96,187.8,0.76,4.64,245.7,2026-08-06T04:44:01+00:00,0.509,0.56,falling,0.85,2026-08-06 12:11,0.35,2026-08-06 06:00,2.5,148,2.6,sideshore-S
2026-08-06T07:30:53.321234+00:00,2026-08-06T06:00:00+00:00,0.557,0.623,MEDIUM,NW  (290–330°),1.1175,2026-08-06T07:00:00+00:00,1.1,310.1,0.71,4.86,246.4,2026-08-06T05:44:01+00:00,0.6,0.56,rising,0.85,2026-08-06 12:11,0.75,2026-08-06 15:43,3.5,102,6.2,offshore
2026-08-06T10:23:37.562523+00:00,2026-08-06T09:00:00+00:00,0.504,0.563,MEDIUM,NW  (290–330°),1.1175,2026-08-06T09:30:00+00:00,1.06,307.3,0.53,4.26,243.2,2026-08-06T09:38:25+00:00,0.559,0.85,rising,0.85,2026-08-06 12:11,0.75,2026-08-06 15:43,2.5,81,5.3,offshore
2026-08-06T12:48:39.135197+00:00,2026-08-06T11:00:00+00:00,0.491,0.552,HIGH,S   (150–200°),1.126,2026-08-06T12:00:00+00:00,1.01,182.2,0.48,4.64,245.2,2026-08-06T12:19:01+00:00,0.541,0.95,rising,1.71,2026-08-06 23:14,0.75,2026-08-06 15:43,1.6,72,2.6,offshore
2026-08-06T15:04:30.265569+00:00,2026-08-06T13:00:00+00:00,0.457,0.51,MEDIUM,NW  (290–330°),1.1175,2026-08-06T14:30:00+00:00,0.94,310.1,0.5,5.38,249.6,2026-08-06T14:06:52+00:00,0.504,0.96,rising,1.71,2026-08-06 23:14,0.75,2026-08-06 15:43,2.1,95,3.2,offshore
2026-08-06T23:46:19.095265+00:00,2026-08-06T22:00:00+00:00,0.279,0.311,MEDIUM,NW  (290–330°),1.1175,2026-08-06T23:00:00+00:00,0.94,314.3,0.52,3.78,255.8,2026-08-06T23:33:51+00:00,0.362,1.78,rising,0.92,2026-08-07 14:18,0.16,2026-08-07 07:21,3.1,241,3.4,onshore
2026-08-07T01:59:38.570315+00:00,2026-08-07T00:00:00+00:00,0.327,0.368,HIGH,S   (150–200°),1.126,2026-08-07T01:00:00+00:00,0.92,189.2,0.7,4.08,252.2,2026-08-07T01:33:51+00:00,0.417,1.43,falling,0.92,2026-08-07 14:18,0.16,2026-08-07 07:21,1.2,211,1.2,sideshore-S
2026-08-07T04:25:02.140321+00:00,2026-08-07T03:00:00+00:00,0.463,0.518,MEDIUM,NW  (290–330°),1.1175,2026-08-07T03:30:00+00:00,0.96,301.7,0.82,5.38,237.1,2026-08-07T03:33:51+00:00,0.526,0.73,falling,0.92,2026-08-07 14:18,0.16,2026-08-07 07:21,1.3,153,1.7,sideshore-S
2026-08-07T06:03:03.306199+00:00,2026-08-07T04:00:00+00:00,0.454,0.542,HIGH,SW  (200–230°),1.1951,2026-08-07T05:30:00+00:00,0.93,213.1,0.65,5.12,232.3,2026-08-07T05:42:25+00:00,0.547,0.41,falling,0.92,2026-08-07 14:18,0.16,2026-08-07 07:21,2.3,110,3.9,offshore
2026-08-07T08:03:55.776941+00:00,2026-08-07T06:00:00+00:00,0.485,0.58,HIGH,SW  (200–230°),1.1951,2026-08-07T07:30:00+00:00,0.96,224.3,0.53,4.64,232.3,2026-08-07T08:02:01+00:00,0.584,0.23,falling,0.92,2026-08-07 14:18,0.86,2026-08-07 17:09,1.8,99,4.3,offshore
2026-08-07T09:47:30.432930+00:00,2026-08-07T08:00:00+00:00,0.524,0.586,MEDIUM,NW  (290–330°),1.1175,2026-08-07T09:00:00+00:00,0.94,314.3,0.49,4.86,228.4,2026-08-07T09:02:01+00:00,0.55,0.43,rising,0.92,2026-08-07 14:18,0.86,2026-08-07 17:09,1.7,45,3.8,offshore
2026-08-07T10:40:21.734602+00:00,2026-08-07T09:00:00+00:00,0.542,0.605,MEDIUM,NW  (290–330°),1.1175,2026-08-07T10:00:00+00:00,0.98,308.7,0.43,5.38,237.3,2026-08-07T10:02:01+00:00,0.577,0.64,rising,0.92,2026-08-07 14:18,0.86,2026-08-07 17:09,0.9,63,2.2,offshore
2026-08-07T11:36:08.888831+00:00,2026-08-07T10:00:00+00:00,0.506,0.565,MEDIUM,NW  (290–330°),1.1175,2026-08-07T11:00:00+00:00,0.96,327.0,0.42,4.86,237.1,2026-08-07T11:02:01+00:00,0.514,0.81,rising,0.92,2026-08-07 14:18,0.86,2026-08-07 17:09,1.1,41,1.3,sideshore-N
2026-08-07T12:35:39.225027+00:00,2026-08-07T11:00:00+00:00,0.437,0.488,MEDIUM,NW  (290–330°),1.1175,2026-08-07T12:00:00+00:00,0.92,318.6,0.37,4.44,240.2,2026-08-07T12:02:01+00:00,0.472,0.88,falling,0.92,2026-08-07 14:18,0.86,2026-08-07 17:09,1.9,54,2.3,offshore
2026-08-07T14:03:32.664266+00:00,2026-08-07T12:00:00+00:00,0.372,0.419,HIGH,S   (150–200°),1.126,2026-08-07T13:30:00+00:00,0.92,196.2,0.35,5.12,247.0,2026-08-07T14:02:01+00:00,0.463,1.03,rising,0.92,2026-08-07 14:18,0.86,2026-08-07 17:09,1.4,51,2.0,offshore
2026-08-07T15:41:50.066150+00:00,2026-08-07T14:00:00+00:00,0.291,0.348,HIGH,SW  (200–230°),1.1951,2026-08-07T15:00:00+00:00,0.89,203.2,0.35,5.12,247.0,2026-08-07T14:02:01+00:00,0.406,1.04,rising,1.81,2026-08-08 00:23,0.86,2026-08-07 17:09,1.1,139,1.7,sideshore-S
2026-08-07T16:38:57.587620+00:00,2026-08-07T15:00:00+00:00,0.272,0.304,MEDIUM,NW  (290–330°),1.1175,2026-08-07T16:00:00+00:00,0.9,320.0,,,,,0.342,0.98,falling,1.81,2026-08-08 00:23,0.86,2026-08-07 17:09,2.2,185,2.4,sideshore-S
2026-08-07T17:38:22.039341+00:00,2026-08-07T16:00:00+00:00,0.272,0.325,HIGH,SW  (200–230°),1.1951,2026-08-07T17:00:00+00:00,0.87,213.1,0.35,4.64,253.4,2026-08-07T17:29:01+00:00,0.401,0.99,rising,1.81,2026-08-08 00:23,-0.04,2026-08-08 08:23,1.5,191,1.6,sideshore-S
2026-08-07T18:36:38.700141+00:00,2026-08-07T17:00:00+00:00,0.271,0.306,HIGH,S   (150–200°),1.126,2026-08-07T18:00:00+00:00,0.85,194.8,0.36,4.64,249.0,2026-08-07T18:29:01+00:00,0.375,1.04,rising,1.81,2026-08-08 00:23,-0.04,2026-08-08 08:23,2.4,199,2.5,sideshore-S
2026-08-07T19:42:06.997267+00:00,2026-08-07T18:00:00+00:00,0.267,0.319,HIGH,SW  (200–230°),1.1951,2026-08-07T19:00:00+00:00,0.87,211.7,0.42,4.26,255.8,2026-08-07T19:29:01+00:00,0.395,1.17,rising,1.81,2026-08-08 00:23,-0.04,2026-08-08 08:23,2.2,212,2.3,sideshore-S
2026-08-07T20:26:42.620792+00:00,2026-08-07T19:00:00+00:00,0.257,0.307,HIGH,SW  (200–230°),1.1951,2026-08-07T19:30:00+00:00,0.84,200.4,0.42,4.26,255.8,2026-08-07T19:29:01+00:00,0.371,1.27,rising,1.81,2026-08-08 00:23,-0.04,2026-08-08 08:23,3.2,206,3.3,sideshore-S
2026-08-07T21:26:37.994945+00:00,2026-08-07T20:00:00+00:00,0.269,0.303,HIGH,S   (150–200°),1.126,2026-08-07T20:30:00+00:00,0.88,197.6,0.41,4.08,255.5,2026-08-07T20:29:01+00:00,0.381,1.47,rising,1.81,2026-08-08 00:23,-0.04,2026-08-08 08:23,2.0,210,2.0,sideshore-S
2026-08-07T22:23:02.908414+00:00,2026-08-07T21:00:00+00:00,0.267,0.301,HIGH,S   (150–200°),1.126,2026-08-07T21:30:00+00:00,0.93,190.6,0.44,4.26,248.4,2026-08-07T21:29:01+00:00,0.375,1.67,rising,1.81,2026-08-08 00:23,-0.04,2026-08-08 08:23,2.1,221,2.2,sideshore-S
2026-08-07T23:22:30.503356+00:00,2026-08-07T22:00:00+00:00,0.268,0.302,HIGH,S   (150–200°),1.126,2026-08-07T22:30:00+00:00,0.85,189.2,0.41,4.08,262.7,2026-08-07T22:29:01+00:00,0.364,1.81,rising,1.81,2026-08-08 00:23,-0.04,2026-08-08 08:23,2.9,250,3.1,onshore
2026-08-08T00:42:25.212068+00:00,2026-08-07T23:00:00+00:00,0.301,0.339,HIGH,S   (150–200°),1.126,2026-08-08T00:00:00+00:00,0.95,194.8,0.43,4.26,253.8,2026-08-08T00:29:01+00:00,0.41,1.87,rising,1.02,2026-08-08 15:23,-0.04,2026-08-08 08:23,3.0,247,3.4,onshore
2026-08-08T02:47:47.614690+00:00,2026-08-08T01:00:00+00:00,0.418,0.499,HIGH,SW  (200–230°),1.1951,2026-08-08T02:00:00+00:00,0.96,200.4,0.54,4.26,253.5,2026-08-08T02:29:01+00:00,0.508,1.57,falling,1.02,2026-08-08 15:23,-0.04,2026-08-08 08:23,2.2,252,2.9,onshore
2026-08-08T04:01:40.724102+00:00,2026-08-08T02:00:00+00:00,0.484,0.578,HIGH,SW  (200–230°),1.1951,2026-08-08T03:30:00+00:00,0.95,211.7,0.63,4.64,253.3,2026-08-08T03:29:01+00:00,0.57,1.19,falling,1.02,2026-08-08 15:23,-0.04,2026-08-08 08:23,1.8,248,2.4,onshore
2026-08-08T05:33:28.188024+00:00,2026-08-08T04:00:00+00:00,0.563,0.634,HIGH,S   (150–200°),1.126,2026-08-08T05:00:00+00:00,1.0,190.6,0.69,4.86,254.1,2026-08-08T05:29:01+00:00,0.608,0.62,falling,1.02,2026-08-08 15:23,-0.04,2026-08-08 08:23,2.3,128,2.7,offshore
2026-08-08T06:30:46.892725+00:00,2026-08-08T05:00:00+00:00,0.604,0.68,HIGH,S   (150–200°),1.126,2026-08-08T06:00:00+00:00,1.05,185.0,0.66,5.12,251.9,2026-08-08T06:29:01+00:00,0.637,0.34,falling,1.02,2026-08-08 15:23,-0.04,2026-08-08 08:23,3.2,116,5.0,offshore
2026-08-08T07:39:06.993446+00:00,2026-08-08T06:00:00+00:00,0.635,0.715,HIGH,S   (150–200°),1.126,2026-08-08T07:00:00+00:00,1.05,197.6,0.62,4.86,252.0,2026-08-08T07:29:01+00:00,0.68,0.17,falling,1.02,2026-08-08 15:23,-0.04,2026-08-08 08:23,2.2,120,3.9,offshore
2026-08-08T08:25:27.013957+00:00,2026-08-08T07:00:00+00:00,0.681,0.767,HIGH,S   (150–200°),1.126,2026-08-08T07:30:00+00:00,1.06,187.8,0.62,4.86,252.0,2026-08-08T07:29:01+00:00,0.701,0.1,falling,1.02,2026-08-08 15:23,0.88,2026-08-08 18:43,2.3,88,4.7,offshore
2026-08-08T09:25:40.738534+00:00,2026-08-08T08:00:00+00:00,0.652,0.734,HIGH,S   (150–200°),1.126,2026-08-08T08:30:00+00:00,1.07,186.4,0.64,4.86,251.1,2026-08-08T08:29:01+00:00,0.677,0.17,rising,1.02,2026-08-08 15:23,0.88,2026-08-08 18:43,1.7,87,4.0,offshore
2026-08-08T10:19:20.110055+00:00,2026-08-08T08:00:00+00:00,0.652,0.779,HIGH,SW  (200–230°),1.1951,2026-08-08T09:30:00+00:00,1.1,203.2,0.62,4.86,257.8,2026-08-08T09:29:01+00:00,0.705,0.26,rising,1.02,2026-08-08 15:23,0.88,2026-08-08 18:43,1.9,106,4.4,offshore
2026-08-08T11:18:03.388135+00:00,2026-08-08T09:00:00+00:00,0.612,0.69,HIGH,S   (150–200°),1.126,2026-08-08T10:30:00+00:00,1.18,190.6,0.55,4.86,252.1,2026-08-08T10:29:01+00:00,0.667,0.49,rising,1.02,2026-08-08 15:23,0.88,2026-08-08 18:43,2.4,102,4.2,offshore
2026-08-08T12:21:19.831847+00:00,2026-08-08T11:00:00+00:00,0.467,0.525,HIGH,S   (150–200°),1.126,2026-08-08T11:30:00+00:00,1.19,183.6,0.55,4.86,252.1,2026-08-08T10:29:01+00:00,0.546,0.77,rising,1.02,2026-08-08 15:23,0.88,2026-08-08 18:43,1.5,101,3.8,offshore
2026-08-08T13:36:25.209295+00:00,2026-08-08T12:00:00+00:00,0.431,0.485,HIGH,S   (150–200°),1.126,2026-08-08T13:00:00+00:00,1.09,197.6,0.48,4.86,253.5,2026-08-08T13:27:31+00:00,0.529,1.01,rising,1.02,2026-08-08 15:23,0.88,2026-08-08 18:43,1.6,75,3.9,offshore
2026-08-08T14:21:24.998050+00:00,2026-08-08T13:00:00+00:00,0.421,0.474,HIGH,S   (150–200°),1.126,2026-08-08T13:30:00+00:00,1.16,197.6,0.48,4.86,253.5,2026-08-08T13:27:31+00:00,0.53,1.13,rising,1.02,2026-08-08 15:23,0.88,2026-08-08 18:43,1.6,112,3.0,offshore
2026-08-08T15:17:12.140338+00:00,2026-08-08T13:00:00+00:00,0.421,0.474,HIGH,S   (150–200°),1.126,2026-08-08T14:30:00+00:00,1.12,186.4,0.5,4.86,251.2,2026-08-08T14:27:31+00:00,0.508,1.18,rising,1.02,2026-08-08 15:23,0.88,2026-08-08 18:43,2.1,104,2.8,offshore
2026-08-08T16:17:27.082272+00:00,2026-08-08T14:00:00+00:00,0.406,0.486,HIGH,SW  (200–230°),1.1951,2026-08-08T15:30:00+00:00,1.14,200.4,0.49,4.86,246.7,2026-08-08T15:27:31+00:00,0.52,1.18,falling,1.93,2026-08-09 01:27,0.88,2026-08-08 18:43,1.8,149,1.9,sideshore-S
2026-08-08T17:19:04.902540+00:00,2026-08-08T15:00:00+00:00,0.391,0.44,HIGH,S   (150–200°),1.126,2026-08-08T16:30:00+00:00,1.08,197.6,0.51,4.86,251.6,2026-08-08T16:27:31+00:00,0.497,1.09,falling,1.93,2026-08-09 01:27,0.88,2026-08-08 18:43,1.6,194,1.7,sideshore-S
2026-08-08T18:19:24.177074+00:00,2026-08-08T16:00:00+00:00,0.404,0.455,HIGH,S   (150–200°),1.126,2026-08-08T17:30:00+00:00,1.12,196.2,0.48,4.86,254.9,2026-08-08T17:27:31+00:00,0.51,1.07,falling,1.93,2026-08-09 01:27,0.88,2026-08-08 18:43,2.4,215,2.4,sideshore-S
2026-08-08T19:19:55.703640+00:00,2026-08-08T17:00:00+00:00,0.413,0.466,HIGH,S   (150–200°),1.126,2026-08-08T18:30:00+00:00,1.22,186.4,0.42,4.86,266.8,2026-08-08T18:27:31+00:00,0.514,1.05,falling,1.93,2026-08-09 01:27,-0.21,2026-08-09 09:14,2.4,213,2.4,sideshore-S
2026-08-08T20:15:10.502925+00:00,2026-08-08T18:00:00+00:00,0.399,0.45,HIGH,S   (150–200°),1.126,2026-08-08T19:30:00+00:00,1.18,199.0,0.43,5.12,257.1,2026-08-08T19:27:31+00:00,0.517,1.18,rising,1.93,2026-08-09 01:27,-0.21,2026-08-09 09:14,2.7,231,2.8,onshore
2026-08-08T21:18:11.219535+00:00,2026-08-08T19:00:00+00:00,0.352,0.396,HIGH,S   (150–200°),1.126,2026-08-08T20:30:00+00:00,1.19,186.4,0.47,4.86,259.6,2026-08-08T20:27:31+00:00,0.463,1.25,rising,1.93,2026-08-09 01:27,-0.21,2026-08-09 09:14,3.3,245,3.6,onshore
2026-08-08T22:15:40.079726+00:00,2026-08-08T20:00:00+00:00,0.307,0.346,HIGH,S   (150–200°),1.126,2026-08-08T21:30:00+00:00,1.11,187.8,0.51,4.86,260.1,2026-08-08T21:27:31+00:00,0.422,1.51,rising,1.93,2026-08-09 01:27,-0.21,2026-08-09 09:14,3.6,243,4.0,onshore
2026-08-08T23:16:27.248718+00:00,2026-08-08T21:00:00+00:00,0.322,0.362,HIGH,S   (150–200°),1.126,2026-08-08T22:30:00+00:00,1.28,192.0,0.51,4.44,254.8,2026-08-08T22:27:31+00:00,0.46,1.72,rising,1.93,2026-08-09 01:27,-0.21,2026-08-09 09:14,3.9,251,4.5,onshore
2026-08-09T00:44:55.873757+00:00,2026-08-08T23:00:00+00:00,0.406,0.457,HIGH,S   (150–200°),1.126,2026-08-09T00:00:00+00:00,1.32,194.8,0.65,5.12,254.6,2026-08-09T00:27:31+00:00,0.533,2.0,rising,1.93,2026-08-09 01:27,-0.21,2026-08-09 09:14,4.0,263,5.4,onshore
2026-08-09T02:55:34.798389+00:00,2026-08-09T01:00:00+00:00,0.503,0.566,HIGH,S   (150–200°),1.126,2026-08-09T02:00:00+00:00,1.3,179.3,0.83,5.38,254.1,2026-08-09T02:27:31+00:00,0.579,1.91,falling,1.12,2026-08-09 16:01,-0.21,2026-08-09 09:14,2.1,205,2.2,sideshore-S
2026-08-09T04:07:59.309989+00:00,2026-08-09T02:00:00+00:00,0.601,0.677,HIGH,S   (150–200°),1.126,2026-08-09T03:30:00+00:00,1.41,185.0,0.83,5.68,252.8,2026-08-09T03:27:31+00:00,0.677,1.52,falling,1.12,2026-08-09 16:01,-0.21,2026-08-09 09:14,3.0,136,3.5,sideshore-S
2026-08-09T05:39:10.400053+00:00,2026-08-09T04:00:00+00:00,0.692,0.779,HIGH,S   (150–200°),1.126,2026-08-09T05:00:00+00:00,1.41,197.6,0.85,5.68,252.6,2026-08-09T05:27:31+00:00,0.766,0.96,falling,1.12,2026-08-09 16:01,-0.21,2026-08-09 09:14,3.9,122,5.5,offshore
2026-08-09T06:34:46.792737+00:00,2026-08-09T05:00:00+00:00,0.784,0.882,HIGH,S   (150–200°),1.126,2026-08-09T06:00:00+00:00,1.44,190.6,0.75,5.68,247.8,2026-08-09T06:27:31+00:00,0.828,0.59,falling,1.12,2026-08-09 16:01,-0.21,2026-08-09 09:14,3.1,119,4.8,offshore
2026-08-09T07:43:04.033717+00:00,2026-08-09T06:00:00+00:00,0.813,0.916,HIGH,S   (150–200°),1.126,2026-08-09T07:00:00+00:00,1.44,189.2,0.71,5.68,244.4,2026-08-09T07:27:31+00:00,0.848,0.21,falling,1.12,2026-08-09 16:01,-0.21,2026-08-09 09:14,2.0,127,4.4,offshore
2026-08-09T08:27:49.361562+00:00,2026-08-09T07:00:00+00:00,0.803,0.96,HIGH,SW  (200–230°),1.1951,2026-08-09T07:30:00+00:00,1.48,207.5,0.64,5.68,240.0,2026-08-09T08:27:31+00:00,0.87,-0.01,falling,1.12,2026-08-09 16:01,-0.21,2026-08-09 09:14,2.0,123,4.5,offshore
2026-08-09T09:26:51.529326+00:00,2026-08-09T08:00:00+00:00,0.808,0.966,HIGH,SW  (200–230°),1.1951,2026-08-09T08:30:00+00:00,1.49,203.2,0.59,5.12,251.8,2026-08-09T09:27:31+00:00,0.869,-0.04,falling,1.12,2026-08-09 16:01,0.83,2026-08-09 19:57,2.1,119,3.9,offshore
2026-08-09T10:20:48.792166+00:00,2026-08-09T08:00:00+00:00,0.808,0.91,HIGH,S   (150–200°),1.126,2026-08-09T09:30:00+00:00,1.4,190.6,0.59,5.12,251.8,2026-08-09T09:27:31+00:00,0.838,-0.01,rising,1.12,2026-08-09 16:01,0.83,2026-08-09 19:57,1.6,130,3.0,offshore
2026-08-09T11:18:23.716848+00:00,2026-08-09T09:00:00+00:00,0.699,0.787,HIGH,S   (150–200°),1.126,2026-08-09T10:30:00+00:00,1.4,189.2,0.61,5.38,245.5,2026-08-09T10:27:31+00:00,0.753,0.21,rising,1.12,2026-08-09 16:01,0.83,2026-08-09 19:57,1.6,105,2.9,offshore
2026-08-09T12:23:11.089661+00:00,2026-08-09T11:00:00+00:00,0.665,0.749,HIGH,S   (150–200°),1.126,2026-08-09T11:30:00+00:00,1.35,199.0,0.55,5.68,244.1,2026-08-09T11:27:31+00:00,0.735,0.53,rising,1.12,2026-08-09 16:01,0.83,2026-08-09 19:57,2.1,67,3.2,offshore
2026-08-09T13:40:01.968807+00:00,2026-08-09T12:00:00+00:00,0.64,0.721,HIGH,S   (150–200°),1.126,2026-08-09T13:00:00+00:00,1.37,199.0,0.58,5.12,252.1,2026-08-09T13:27:31+00:00,0.719,0.9,rising,1.12,2026-08-09 16:01,0.83,2026-08-09 19:57,2.2,56,3.9,offshore
2026-08-09T14:22:40.715735+00:00,2026-08-09T13:00:00+00:00,0.569,0.641,HIGH,S   (150–200°),1.126,2026-08-09T13:30:00+00:00,1.38,194.8,0.58,5.12,252.1,2026-08-09T13:27:31+00:00,0.66,1.07,rising,1.12,2026-08-09 16:01,0.83,2026-08-09 19:57,1.2,81,2.7,offshore
2026-08-09T15:19:12.426512+00:00,2026-08-09T13:00:00+00:00,0.569,0.641,HIGH,S   (150–200°),1.126,2026-08-09T14:30:00+00:00,1.37,197.6,0.55,5.38,252.5,2026-08-09T14:27:31+00:00,0.663,1.23,rising,1.12,2026-08-09 16:01,0.83,2026-08-09 19:57,1.1,146,1.7,sideshore-S
2026-08-09T16:19:34.118064+00:00,2026-08-09T14:00:00+00:00,0.498,0.561,HIGH,S   (150–200°),1.126,2026-08-09T15:30:00+00:00,1.24,190.6,0.5,4.86,253.6,2026-08-09T15:27:31+00:00,0.583,1.33,rising,2.04,2026-08-10 02:26,0.83,2026-08-09 19:57,1.4,144,1.5,sideshore-S
2026-08-09T17:19:57.760445+00:00,2026-08-09T16:00:00+00:00,0.409,0.46,HIGH,S   (150–200°),1.126,2026-08-09T16:30:00+00:00,1.19,197.6,0.51,5.12,257.5,2026-08-09T17:13:31+00:00,0.521,1.22,falling,2.04,2026-08-10 02:26,0.83,2026-08-09 19:57,1.8,202,2.0,sideshore-S
2026-08-09T18:21:24.396762+00:00,2026-08-09T17:00:00+00:00,0.385,0.433,HIGH,S   (150–200°),1.126,2026-08-09T17:30:00+00:00,1.28,193.4,0.53,5.12,250.3,2026-08-09T18:13:31+00:00,0.508,1.18,rising,2.04,2026-08-10 02:26,0.83,2026-08-09 19:57,2.2,214,2.3,sideshore-S
2026-08-09T19:23:33.814330+00:00,2026-08-09T18:00:00+00:00,0.374,0.421,HIGH,S   (150–200°),1.126,2026-08-09T18:30:00+00:00,1.33,192.0,0.54,4.86,256.2,2026-08-09T19:13:31+00:00,0.504,1.02,falling,2.04,2026-08-10 02:26,0.83,2026-08-09 19:57,2.1,242,2.2,onshore
2026-08-09T20:17:31.975041+00:00,2026-08-09T18:00:00+00:00,0.374,0.421,HIGH,S   (150–200°),1.126,2026-08-09T19:30:00+00:00,1.24,185.0,0.5,4.86,260.5,2026-08-09T20:13:31+00:00,0.482,1.05,rising,2.04,2026-08-10 02:26,-0.33,2026-08-10 09:59,2.9,239,3.1,onshore
2026-08-09T21:19:52.528713+00:00,2026-08-09T19:00:00+00:00,0.367,0.413,HIGH,S   (150–200°),1.126,2026-08-09T20:30:00+00:00,1.2,185.0,0.52,4.86,256.0,2026-08-09T21:13:31+00:00,0.472,1.06,rising,2.04,2026-08-10 02:26,-0.33,2026-08-10 09:59,3.0,246,3.2,onshore
2026-08-09T22:17:30.215691+00:00,2026-08-09T20:00:00+00:00,0.362,0.408,HIGH,S   (150–200°),1.126,2026-08-09T21:30:00+00:00,1.21,187.8,0.45,4.86,254.2,2026-08-09T22:13:31+00:00,0.474,1.25,rising,2.04,2026-08-10 02:26,-0.33,2026-08-10 09:59,2.8,247,3.1,onshore
2026-08-09T23:18:50.168724+00:00,2026-08-09T21:00:00+00:00,0.365,0.411,HIGH,S   (150–200°),1.126,2026-08-09T22:30:00+00:00,1.14,183.6,0.44,5.12,252.2,2026-08-09T23:13:31+00:00,0.46,1.49,rising,2.04,2026-08-10 02:26,-0.33,2026-08-10 09:59,2.8,251,3.1,onshore
2026-08-10T00:47:16.464171+00:00,2026-08-09T23:00:00+00:00,0.32,0.361,HIGH,S   (150–200°),1.126,2026-08-10T00:00:00+00:00,1.14,192.0,0.48,2.84,259.5,2026-08-10T00:13:31+00:00,0.441,1.86,rising,2.04,2026-08-10 02:26,-0.33,2026-08-10 09:59,3.3,258,3.9,onshore
2026-08-10T03:04:20.422367+00:00,2026-08-10T01:00:00+00:00,0.404,0.455,HIGH,S   (150–200°),1.126,2026-08-10T02:30:00+00:00,1.26,189.2,0.55,3.52,256.7,2026-08-10T02:13:31+00:00,0.514,2.17,falling,1.21,2026-08-10 16:34,-0.33,2026-08-10 09:59,1.7,270,2.2,onshore
2026-08-10T05:14:10.629725+00:00,2026-08-10T03:00:00+00:00,0.477,0.537,HIGH,S   (150–200°),1.126,2026-08-10T04:30:00+00:00,1.26,190.6,0.6,4.44,260.3,2026-08-10T05:13:31+00:00,0.57,1.54,falling,1.21,2026-08-10 16:34,-0.33,2026-08-10 09:59,0.5,191,0.8,sideshore-S
2026-08-10T07:04:40.322008+00:00,2026-08-10T05:00:00+00:00,0.535,0.603,HIGH,S   (150–200°),1.126,2026-08-10T06:30:00+00:00,1.42,186.4,0.56,4.44,263.6,2026-08-10T06:13:31+00:00,0.626,0.69,falling,1.21,2026-08-10 16:34,-0.33,2026-08-10 09:59,0.7,135,2.1,offshore
2026-08-10T09:04:32.289591+00:00,2026-08-10T07:00:00+00:00,0.477,0.537,HIGH,S   (150–200°),1.126,2026-08-10T08:30:00+00:00,1.43,192.0,0.5,4.44,255.5,2026-08-10T08:13:31+00:00,0.593,-0.12,falling,1.21,2026-08-10 16:34,-0.33,2026-08-10 09:59,1.1,105,1.8,offshore
2026-08-10T10:55:04.299636+00:00,2026-08-10T09:00:00+00:00,0.375,0.419,MEDIUM,NW  (290–330°),1.1175,2026-08-10T10:00:00+00:00,1.54,321.4,0.4,4.44,251.2,2026-08-10T10:13:31+00:00,0.494,-0.12,rising,1.21,2026-08-10 16:34,0.73,2026-08-10 20:59,0.6,59,1.5,offshore
2026-08-10T11:39:57.143320+00:00,2026-08-10T10:00:00+00:00,0.314,0.351,MEDIUM,NW  (290–330°),1.1175,2026-08-10T11:00:00+00:00,1.52,318.6,0.38,4.08,249.0,2026-08-10T11:13:31+00:00,0.452,-0.03,rising,1.21,2026-08-10 16:34,0.73,2026-08-10 20:59,0.8,135,2.0,offshore
2026-08-10T12:39:21.270125+00:00,2026-08-10T11:00:00+00:00,0.285,0.318,MEDIUM,NW  (290–330°),1.1175,2026-08-10T12:00:00+00:00,1.51,324.2,0.35,14.62,186.5,2026-08-10T12:39:55+00:00,0.418,0.38,rising,1.21,2026-08-10 16:34,0.73,2026-08-10 20:59,0.8,50,1.5,offshore
2026-08-10T14:10:24.381124+00:00,2026-08-10T12:00:00+00:00,0.25,0.279,MEDIUM,NW  (290–330°),1.1175,2026-08-10T13:30:00+00:00,1.58,322.8,0.34,3.92,240.9,2026-08-10T13:39:55+00:00,0.403,0.79,rising,1.21,2026-08-10 16:34,0.73,2026-08-10 20:59,0.5,207,0.6,sideshore-S
2026-08-10T15:47:29.915547+00:00,2026-08-10T14:00:00+00:00,0.237,0.265,MEDIUM,NW  (290–330°),1.1175,2026-08-10T15:00:00+00:00,1.74,322.8,0.31,14.62,201.2,2026-08-10T15:39:55+00:00,0.413,1.28,rising,1.21,2026-08-10 16:34,0.73,2026-08-10 20:59,1.1,270,1.3,onshore
2026-08-10T16:40:22.459402+00:00,2026-08-10T15:00:00+00:00,0.247,0.276,MEDIUM,NW  (290–330°),1.1175,2026-08-10T16:00:00+00:00,1.68,314.3,0.31,14.62,181.3,2026-08-10T16:39:55+00:00,0.428,1.39,rising,2.11,2026-08-11 03:20,0.73,2026-08-10 20:59,1.5,254,1.7,onshore
2026-08-10T17:41:37.181456+00:00,2026-08-10T16:00:00+00:00,0.239,0.267,MEDIUM,NW  (290–330°),1.1175,2026-08-10T17:00:00+00:00,1.62,320.0,0.32,6.4,249.5,2026-08-10T17:39:55+00:00,0.404,1.35,rising,2.11,2026-08-11 03:20,0.73,2026-08-10 20:59,1.6,225,1.7,onshore
2026-08-10T18:39:23.729319+00:00,2026-08-10T17:00:00+00:00,0.233,0.26,MEDIUM,NW  (290–330°),1.1175,2026-08-10T17:30:00+00:00,1.62,312.9,0.35,5.38,256.4,2026-08-10T18:39:55+00:00,0.412,1.14,falling,2.11,2026-08-11 03:20,0.73,2026-08-10 20:59,0.7,207,0.6,sideshore-S
2026-08-10T19:46:02.695341+00:00,2026-08-10T18:00:00+00:00,0.238,0.266,MEDIUM,NW  (290–330°),1.1175,2026-08-10T19:00:00+00:00,1.64,327.0,0.37,5.68,254.1,2026-08-10T19:39:55+00:00,0.393,1.02,falling,2.11,2026-08-11 03:20,0.73,2026-08-10 20:59,1.6,235,1.8,onshore
2026-08-10T20:29:18.356439+00:00,2026-08-10T19:00:00+00:00,0.254,0.283,MEDIUM,NW  (290–330°),1.1175,2026-08-10T19:30:00+00:00,1.48,322.8,0.37,5.68,254.1,2026-08-10T19:39:55+00:00,0.393,0.89,falling,2.11,2026-08-11 03:20,0.73,2026-08-10 20:59,1.7,234,1.8,onshore
2026-08-10T21:30:13.229081+00:00,2026-08-10T20:00:00+00:00,0.264,0.295,MEDIUM,NW  (290–330°),1.1175,2026-08-10T20:30:00+00:00,1.56,324.2,0.39,5.68,261.0,2026-08-10T20:39:55+00:00,0.408,0.87,rising,2.11,2026-08-11 03:20,-0.38,2026-08-11 10:40,3.0,221,3.2,sideshore-S
2026-08-10T22:24:18.306601+00:00,2026-08-10T21:00:00+00:00,0.253,0.283,MEDIUM,NW  (290–330°),1.1175,2026-08-10T21:30:00+00:00,1.64,318.6,0.41,5.68,252.1,2026-08-10T21:39:55+00:00,0.419,0.96,rising,2.11,2026-08-11 03:20,-0.38,2026-08-11 10:40,2.8,238,3.0,onshore
2026-08-10T23:23:24.942853+00:00,2026-08-10T22:00:00+00:00,0.253,0.282,MEDIUM,NW  (290–330°),1.1175,2026-08-10T22:30:00+00:00,1.67,317.2,0.42,5.12,252.4,2026-08-10T22:39:55+00:00,0.425,1.21,rising,2.11,2026-08-11 03:20,-0.38,2026-08-11 10:40,3.5,252,3.9,onshore
2026-08-11T00:46:42.959992+00:00,2026-08-10T23:00:00+00:00,0.245,0.274,MEDIUM,NW  (290–330°),1.1175,2026-08-11T00:00:00+00:00,1.76,312.9,0.47,5.12,245.7,2026-08-11T00:39:55+00:00,0.438,1.65,rising,2.11,2026-08-11 03:20,-0.38,2026-08-11 10:40,3.9,269,4.8,onshore
2026-08-11T02:57:42.954435+00:00,2026-08-11T01:00:00+00:00,0.268,0.3,MEDIUM,NW  (290–330°),1.1175,2026-08-11T02:00:00+00:00,1.71,325.6,0.52,3.4,244.6,2026-08-11T02:39:55+00:00,0.427,2.23,rising,2.11,2026-08-11 03:20,-0.38,2026-08-11 10:40,1.8,273,2.4,onshore
2026-08-11T04:13:56.072694+00:00,2026-08-11T02:00:00+00:00,0.308,0.344,MEDIUM,NW  (290–330°),1.1175,2026-08-11T03:30:00+00:00,1.66,315.8,0.55,3.92,246.3,2026-08-11T03:39:55+00:00,0.468,2.15,falling,1.29,2026-08-11 17:07,-0.38,2026-08-11 10:40,0.8,277,1.1,onshore
2026-08-11T05:44:53.936224+00:00,2026-08-11T04:00:00+00:00,0.335,0.375,MEDIUM,NW  (290–330°),1.1175,2026-08-11T04:30:00+00:00,1.69,321.4,0.52,4.26,251.3,2026-08-11T05:39:55+00:00,0.482,1.74,falling,1.29,2026-08-11 17:07,-0.38,2026-08-11 10:40,0.9,108,1.7,offshore
2026-08-11T06:43:07.382759+00:00,2026-08-11T05:00:00+00:00,0.333,0.372,MEDIUM,NW  (290–330°),1.1175,2026-08-11T05:30:00+00:00,1.72,320.0,0.52,4.26,251.3,2026-08-11T05:39:55+00:00,0.487,1.22,falling,1.29,2026-08-11 17:07,-0.38,2026-08-11 10:40,0.8,21,2.1,sideshore-N
2026-08-11T08:00:56.852188+00:00,2026-08-11T06:00:00+00:00,0.333,0.372,MEDIUM,NW  (290–330°),1.1175,2026-08-11T05:30:00+00:00,1.72,320.0,0.55,4.08,253.1,2026-08-11T07:34:31+00:00,0.487,0.57,falling,1.29,2026-08-11 17:07,-0.38,2026-08-11 10:40,1.3,297,1.6,onshore
2026-08-11T09:47:59.221505+00:00,2026-08-11T08:00:00+00:00,0.326,0.364,MEDIUM,NW  (290–330°),1.1175,2026-08-11T05:30:00+00:00,1.72,320.0,0.48,3.92,258.5,2026-08-11T09:34:31+00:00,0.482,-0.12,falling,1.29,2026-08-11 17:07,-0.38,2026-08-11 10:40,1.8,292,3.0,onshore
2026-08-11T10:39:43.704229+00:00,2026-08-11T09:00:00+00:00,0.17,0.189,MEDIUM,NW  (290–330°),1.1175,2026-08-11T09:30:00+00:00,1.56,312.9,0.44,4.26,252.4,2026-08-11T10:34:31+00:00,0.358,-0.25,falling,1.29,2026-08-11 17:07,-0.38,2026-08-11 10:40,1.5,290,2.4,onshore
2026-08-11T11:35:32.781967+00:00,2026-08-11T10:00:00+00:00,0.159,0.177,MEDIUM,NW  (290–330°),1.1175,2026-08-11T11:00:00+00:00,1.39,308.7,0.41,5.12,247.6,2026-08-11T11:34:31+00:00,0.337,-0.24,rising,1.29,2026-08-11 17:07,0.62,2026-08-11 21:54,1.7,17,1.8,sideshore-N
2026-08-11T12:36:25.122635+00:00,2026-08-11T11:00:00+00:00,0.236,0.264,MEDIUM,NW  (290–330°),1.1175,2026-08-11T12:00:00+00:00,1.32,310.1,0.37,5.38,250.7,2026-08-11T12:34:31+00:00,0.384,0.0,rising,1.29,2026-08-11 17:07,0.62,2026-08-11 21:54,0.5,333,0.5,sideshore-N
2026-08-11T14:10:09.520645+00:00,2026-08-11T12:00:00+00:00,0.248,0.277,MEDIUM,NW  (290–330°),1.1175,2026-08-11T13:30:00+00:00,1.44,305.9,0.39,5.38,250.3,2026-08-11T13:34:31+00:00,0.414,0.65,rising,1.29,2026-08-11 17:07,0.62,2026-08-11 21:54,0.6,360,0.6,sideshore-N
2026-08-11T15:46:49.713463+00:00,2026-08-11T14:00:00+00:00,0.253,0.285,HIGH,S   (150–200°),1.126,2026-08-11T15:00:00+00:00,1.36,190.6,0.39,5.38,245.9,2026-08-11T14:34:31+00:00,0.416,1.21,rising,1.29,2026-08-11 17:07,0.62,2026-08-11 21:54,0.4,56,1.5,offshore
2026-08-11T16:43:42.265810+00:00,2026-08-11T15:00:00+00:00,0.257,0.288,MEDIUM,NW  (290–330°),1.1175,2026-08-11T16:00:00+00:00,1.37,315.8,0.38,12.8,195.3,2026-08-11T15:58:24+00:00,0.396,1.35,rising,1.29,2026-08-11 17:07,0.62,2026-08-11 21:54,0.5,158,1.2,sideshore-S
2026-08-11T17:46:30.571521+00:00,2026-08-11T16:00:00+00:00,0.256,0.286,MEDIUM,NW  (290–330°),1.1175,2026-08-11T17:00:00+00:00,1.63,314.3,0.38,7.3,237.5,2026-08-11T16:58:24+00:00,0.429,1.41,rising,2.12,2026-08-12 04:10,0.62,2026-08-11 21:54,1.2,261,1.4,onshore
2026-08-11T18:43:01.885486+00:00,2026-08-11T17:00:00+00:00,0.249,0.281,HIGH,S   (150–200°),1.126,2026-08-11T18:00:00+00:00,1.31,179.3,0.39,6.4,251.1,2026-08-11T17:58:24+00:00,0.388,1.31,falling,2.12,2026-08-12 04:10,0.62,2026-08-11 21:54,0.7,352,1.0,sideshore-N
2026-08-11T19:52:30.310187+00:00,2026-08-11T18:00:00+00:00,0.257,0.287,MEDIUM,NW  (290–330°),1.1175,2026-08-11T19:00:00+00:00,1.42,311.5,0.37,5.68,258.8,2026-08-11T18:58:24+00:00,0.409,1.07,falling,2.12,2026-08-12 04:10,0.62,2026-08-11 21:54,0.8,230,0.8,onshore
2026-08-11T20:31:50.504538+00:00,2026-08-11T19:00:00+00:00,0.261,0.291,MEDIUM,NW  (290–330°),1.1175,2026-08-11T20:00:00+00:00,1.3,315.8,0.38,5.68,255.0,2026-08-11T19:58:24+00:00,0.39,0.93,falling,2.12,2026-08-12 04:10,0.62,2026-08-11 21:54,1.7,280,2.0,onshore
2026-08-11T21:33:07.481145+00:00,2026-08-11T20:00:00+00:00,0.286,0.319,MEDIUM,NW  (290–330°),1.1175,2026-08-11T21:00:00+00:00,1.4,320.0,0.42,5.38,254.2,2026-08-11T20:58:24+00:00,0.413,0.75,falling,2.12,2026-08-12 04:10,0.62,2026-08-11 21:54,1.9,227,1.9,onshore
2026-08-11T22:29:20.366010+00:00,2026-08-11T21:00:00+00:00,0.312,0.352,HIGH,S   (150–200°),1.126,2026-08-11T21:30:00+00:00,1.18,199.0,0.42,4.86,256.7,2026-08-11T21:58:24+00:00,0.45,0.77,falling,,,,,1.9,231,1.9,onshore
2026-08-11T23:27:56.208493+00:00,2026-08-11T22:00:00+00:00,0.294,0.329,MEDIUM,NW  (290–330°),1.1175,2026-08-11T22:30:00+00:00,1.37,301.7,0.43,4.86,264.0,2026-08-11T22:58:24+00:00,0.447,0.89,rising,2.12,2026-08-12 04:10,-0.36,2026-08-12 11:19,3.4,255,3.9,onshore
2026-08-12T00:54:22.234778+00:00,2026-08-11T23:00:00+00:00,0.272,0.306,HIGH,S   (150–200°),1.126,2026-08-12T00:00:00+00:00,1.25,196.2,0.46,5.68,250.5,2026-08-12T00:21:48+00:00,0.425,1.3,rising,2.12,2026-08-12 04:10,-0.36,2026-08-12 11:19,3.5,268,4.2,onshore
2026-08-12T03:16:30.521702+00:00,2026-08-12T01:00:00+00:00,0.239,0.286,HIGH,SW  (200–230°),1.1951,2026-08-12T02:30:00+00:00,1.36,210.3,0.58,3.3,249.7,2026-08-12T02:44:01+00:00,0.431,2.1,rising,2.12,2026-08-12 04:10,-0.36,2026-08-12 11:19,2.8,272,4.3,onshore
2026-08-12T05:21:41.078287+00:00,2026-08-12T04:00:00+00:00,0.294,0.351,HIGH,SW  (200–230°),1.1951,2026-08-12T04:30:00+00:00,1.41,208.9,0.74,4.26,250.0,2026-08-12T04:44:01+00:00,0.477,2.13,falling,1.37,2026-08-12 17:40,-0.36,2026-08-12 11:19,0.9,229,2.1,onshore
2026-08-12T07:03:40.676623+00:00,2026-08-12T05:00:00+00:00,0.332,0.371,MEDIUM,NW  (290–330°),1.1175,2026-08-12T06:30:00+00:00,1.4,315.8,0.97,4.64,248.1,2026-08-12T06:44:01+00:00,0.455,1.48,falling,1.37,2026-08-12 17:40,-0.36,2026-08-12 11:19,2.0,114,2.5,offshore
2026-08-12T08:57:47.464189+00:00,2026-08-12T07:00:00+00:00,0.362,0.404,MEDIUM,NW  (290–330°),1.1175,2026-08-12T08:00:00+00:00,1.41,305.9,0.84,4.64,248.5,2026-08-12T08:44:01+00:00,0.496,0.45,falling,1.37,2026-08-12 17:40,-0.36,2026-08-12 11:19,1.4,48,1.5,offshore
2026-08-12T09:55:08.321081+00:00,2026-08-12T08:00:00+00:00,0.37,0.414,MEDIUM,NW  (290–330°),1.1175,2026-08-12T09:00:00+00:00,1.44,311.5,0.68,4.26,247.6,2026-08-12T09:44:01+00:00,0.497,0.03,falling,1.37,2026-08-12 17:40,-0.36,2026-08-12 11:19,1.3,113,2.5,offshore
2026-08-12T10:48:53.109307+00:00,2026-08-12T09:00:00+00:00,0.372,0.415,MEDIUM,NW  (290–330°),1.1175,2026-08-12T10:00:00+00:00,1.32,304.5,0.55,4.08,244.2,2026-08-12T10:44:01+00:00,0.496,-0.15,falling,1.37,2026-08-12 17:40,-0.36,2026-08-12 11:19,1.0,107,3.0,offshore
2026-08-12T11:37:25.700035+00:00,2026-08-12T10:00:00+00:00,0.331,0.372,HIGH,S   (150–200°),1.126,2026-08-12T11:00:00+00:00,1.19,194.8,0.55,4.08,244.2,2026-08-12T10:44:01+00:00,0.46,-0.23,falling,1.37,2026-08-12 17:40,0.52,2026-08-12 22:45,1.0,101,1.5,offshore
2026-08-12T12:39:19.011182+00:00,2026-08-12T11:00:00+00:00,0.303,0.363,HIGH,SW  (200–230°),1.1951,2026-08-12T12:00:00+00:00,1.2,224.3,0.46,4.08,244.6,2026-08-12T11:44:01+00:00,0.475,-0.15,rising,1.37,2026-08-12 17:40,0.52,2026-08-12 22:45,1.5,42,2.2,sideshore-N
2026-08-12T14:11:24.594106+00:00,2026-08-12T12:00:00+00:00,0.285,0.321,HIGH,S   (150–200°),1.126,2026-08-12T13:30:00+00:00,1.38,187.8,0.42,4.26,239.7,2026-08-12T13:44:01+00:00,0.438,0.41,rising,1.37,2026-08-12 17:40,0.52,2026-08-12 22:45,0.7,262,0.8,onshore
2026-08-12T15:47:40.640375+00:00,2026-08-12T14:00:00+00:00,0.276,0.309,MEDIUM,NW  (290–330°),1.1175,2026-08-12T15:00:00+00:00,1.37,303.1,0.38,4.64,249.8,2026-08-12T15:44:01+00:00,0.433,1.04,rising,1.37,2026-08-12 17:40,0.52,2026-08-12 22:45,0.5,53,1.0,offshore
2026-08-12T16:43:20.561966+00:00,2026-08-12T15:00:00+00:00,0.268,0.299,MEDIUM,NW  (290–330°),1.1175,2026-08-12T16:00:00+00:00,1.52,314.3,0.38,4.64,249.8,2026-08-12T15:44:01+00:00,0.426,1.34,rising,1.37,2026-08-12 17:40,0.52,2026-08-12 22:45,0.3,225,0.8,onshore
2026-08-12T17:50:40.890055+00:00,2026-08-12T16:00:00+00:00,0.255,0.285,MEDIUM,NW  (290–330°),1.1175,2026-08-12T17:00:00+00:00,1.34,312.9,0.4,3.92,246.3,2026-08-12T16:44:01+00:00,0.397,1.54,rising,2.06,2026-08-13 04:56,0.52,2026-08-12 22:45,0.4,315,0.5,onshore
2026-08-12T18:43:48.480584+00:00,2026-08-12T17:00:00+00:00,0.254,0.284,MEDIUM,NW  (290–330°),1.1175,2026-08-12T18:00:00+00:00,1.43,304.5,0.43,6.02,250.0,2026-08-12T18:08:49+00:00,0.422,1.41,falling,2.06,2026-08-13 04:56,0.52,2026-08-12 22:45,0.8,240,0.9,onshore
2026-08-12T19:54:40.573384+00:00,2026-08-12T18:00:00+00:00,0.254,0.284,MEDIUM,NW  (290–330°),1.1175,2026-08-12T19:00:00+00:00,1.45,308.7,0.42,6.02,256.5,2026-08-12T19:08:49+00:00,0.417,1.24,falling,2.06,2026-08-13 04:56,0.52,2026-08-12 22:45,1.0,276,1.4,onshore
2026-08-12T20:29:58.472650+00:00,2026-08-12T19:00:00+00:00,0.267,0.298,MEDIUM,NW  (290–330°),1.1175,2026-08-12T19:30:00+00:00,1.25,318.6,0.38,17.06,202.5,2026-08-12T20:08:49+00:00,0.384,1.06,falling,2.06,2026-08-13 04:56,0.52,2026-08-12 22:45,2.7,216,2.9,sideshore-S
2026-08-12T21:32:42.497663+00:00,2026-08-12T20:00:00+00:00,0.264,0.315,HIGH,SW  (200–230°),1.1951,2026-08-12T21:00:00+00:00,1.33,213.1,0.38,5.68,257.6,2026-08-12T21:08:49+00:00,0.451,0.84,falling,2.06,2026-08-13 04:56,0.52,2026-08-12 22:45,2.2,210,2.3,sideshore-S
2026-08-12T22:27:41.078453+00:00,2026-08-12T21:00:00+00:00,0.263,0.315,HIGH,SW  (200–230°),1.1951,2026-08-12T21:30:00+00:00,1.32,200.4,0.37,5.38,243.2,2026-08-12T22:08:49+00:00,0.434,0.65,falling,2.06,2026-08-13 04:56,0.52,2026-08-12 22:45,2.9,224,3.1,sideshore-S
2026-08-12T23:28:06.323777+00:00,2026-08-12T22:00:00+00:00,0.256,0.286,MEDIUM,NW  (290–330°),1.1175,2026-08-12T22:30:00+00:00,1.29,307.3,0.41,6.02,241.9,2026-08-12T23:08:49+00:00,0.401,0.68,rising,2.06,2026-08-13 04:56,-0.28,2026-08-13 11:55,3.3,245,3.7,onshore
2026-08-13T00:56:18.106446+00:00,2026-08-12T23:00:00+00:00,0.243,0.271,MEDIUM,NW  (290–330°),1.1175,2026-08-13T00:00:00+00:00,1.34,297.5,0.39,5.38,250.8,2026-08-13T00:08:49+00:00,0.413,1.01,rising,2.06,2026-08-13 04:56,-0.28,2026-08-13 11:55,3.4,270,4.0,onshore
2026-08-13T03:21:52.676650+00:00,2026-08-13T02:00:00+00:00,0.28,0.313,MEDIUM,NW  (290–330°),1.1175,2026-08-13T02:30:00+00:00,1.6,321.4,0.46,2.92,261.1,2026-08-13T02:35:01+00:00,0.432,1.86,rising,2.06,2026-08-13 04:56,-0.28,2026-08-13 11:55,2.5,281,3.9,onshore
2026-08-13T05:25:40.708243+00:00,2026-08-13T04:00:00+00:00,0.289,0.323,MEDIUM,NW  (290–330°),1.1175,2026-08-13T04:30:00+00:00,1.38,311.5,0.47,3.4,261.0,2026-08-13T04:35:01+00:00,0.429,2.22,rising,1.44,2026-08-13 18:14,-0.28,2026-08-13 11:55,0.5,360,1.4,sideshore-N
2026-08-13T07:07:40.121721+00:00,2026-08-13T05:00:00+00:00,0.279,0.311,MEDIUM,NW  (290–330°),1.1175,2026-08-13T06:30:00+00:00,1.63,318.6,0.46,9.3,217.1,2026-08-13T06:28:31+00:00,0.439,1.69,falling,1.44,2026-08-13 18:14,-0.28,2026-08-13 11:55,1.6,45,1.7,offshore
2026-08-13T09:00:10.296233+00:00,2026-08-13T07:00:00+00:00,0.259,0.289,MEDIUM,NW  (290–330°),1.1175,2026-08-13T08:00:00+00:00,1.54,310.1,0.4,6.82,233.8,2026-08-13T08:28:31+00:00,0.429,0.85,falling,1.44,2026-08-13 18:14,-0.28,2026-08-13 11:55,1.2,35,1.2,sideshore-N
2026-08-13T10:05:46.067945+00:00,2026-08-13T08:00:00+00:00,0.255,0.285,MEDIUM,NW  (290–330°),1.1175,2026-08-13T09:30:00+00:00,1.5,314.3,0.4,6.82,233.8,2026-08-13T08:28:31+00:00,0.414,0.26,falling,1.44,2026-08-13 18:14,-0.28,2026-08-13 11:55,1.4,45,1.6,offshore
2026-08-13T11:37:11.871261+00:00,2026-08-13T10:00:00+00:00,0.267,0.298,MEDIUM,NW  (290–330°),1.1175,2026-08-13T11:00:00+00:00,1.54,308.7,,,,,0.437,-0.08,falling,1.44,2026-08-13 18:14,-0.28,2026-08-13 11:55,1.4,120,2.9,offshore
2026-08-13T12:40:14.579321+00:00,2026-08-13T11:00:00+00:00,0.248,0.277,MEDIUM,NW  (290–330°),1.1175,2026-08-13T12:00:00+00:00,1.53,304.5,0.33,6.4,242.9,2026-08-13T12:10:49+00:00,0.429,-0.07,rising,1.44,2026-08-13 18:14,0.45,2026-08-13 23:35,1.2,81,2.8,offshore
2026-08-13T14:12:41.619786+00:00,2026-08-13T12:00:00+00:00,0.249,0.278,MEDIUM,NW  (290–330°),1.1175,2026-08-13T13:30:00+00:00,1.45,307.3,0.3,5.38,249.1,2026-08-13T13:10:49+00:00,0.415,0.25,rising,1.44,2026-08-13 18:14,0.45,2026-08-13 23:35,1.1,63,2.5,offshore
2026-08-13T15:46:09.379417+00:00,2026-08-13T14:00:00+00:00,0.254,0.284,MEDIUM,NW  (290–330°),1.1175,2026-08-13T15:00:00+00:00,1.5,322.8,0.33,5.68,247.6,2026-08-13T15:40:01+00:00,0.397,0.94,rising,1.44,2026-08-13 18:14,0.45,2026-08-13 23:35,0.6,108,2.5,offshore
2026-08-13T16:42:30.685917+00:00,2026-08-13T15:00:00+00:00,0.241,0.269,MEDIUM,NW  (290–330°),1.1175,2026-08-13T16:00:00+00:00,1.43,312.9,0.32,5.12,251.7,2026-08-13T16:40:01+00:00,0.397,1.3,rising,1.44,2026-08-13 18:14,0.45,2026-08-13 23:35,1.1,80,3.6,offshore
2026-08-13T17:47:37.534395+00:00,2026-08-13T16:00:00+00:00,0.238,0.266,MEDIUM,NW  (290–330°),1.1175,2026-08-13T17:00:00+00:00,1.32,314.3,0.32,5.12,251.7,2026-08-13T16:40:01+00:00,0.379,1.52,rising,1.44,2026-08-13 18:14,0.45,2026-08-13 23:35,1.7,135,4.0,offshore
2026-08-13T18:44:53.826951+00:00,2026-08-13T17:00:00+00:00,0.246,0.277,HIGH,S   (150–200°),1.126,2026-08-13T18:00:00+00:00,1.34,189.2,0.34,7.86,214.5,2026-08-13T17:55:18+00:00,0.406,1.59,rising,1.92,2026-08-14 05:41,0.45,2026-08-13 23:35,0.7,98,3.2,offshore
2026-08-13T19:49:29.094293+00:00,2026-08-13T18:00:00+00:00,0.252,0.282,MEDIUM,NW  (290–330°),1.1175,2026-08-13T19:00:00+00:00,1.42,320.0,0.36,7.86,220.6,2026-08-13T18:55:18+00:00,0.391,1.43,falling,1.92,2026-08-14 05:41,0.45,2026-08-13 23:35,1.5,191,3.4,sideshore-S
2026-08-13T20:27:53.107643+00:00,2026-08-13T19:00:00+00:00,0.25,0.279,MEDIUM,NW  (290–330°),1.1175,2026-08-13T19:30:00+00:00,1.39,308.7,0.35,6.4,245.5,2026-08-13T19:55:18+00:00,0.405,1.27,falling,1.92,2026-08-14 05:41,0.45,2026-08-13 23:35,1.8,199,3.6,sideshore-S
2026-08-13T21:33:10.458449+00:00,2026-08-13T20:00:00+00:00,0.255,0.288,HIGH,S   (150–200°),1.126,2026-08-13T21:00:00+00:00,1.3,197.6,0.36,5.68,256.1,2026-08-13T20:55:18+00:00,0.421,0.92,falling,1.92,2026-08-14 05:41,0.45,2026-08-13 23:35,2.0,189,3.0,sideshore-S
2026-08-13T22:28:58.904521+00:00,2026-08-13T21:00:00+00:00,0.269,0.306,LOW,WNW (260–290°),1.1382,2026-08-13T21:30:00+00:00,1.38,277.8,0.36,6.4,230.5,2026-08-13T21:55:18+00:00,0.461,0.75,falling,1.92,2026-08-14 05:41,0.45,2026-08-13 23:35,1.8,202,2.6,sideshore-S
2026-08-13T23:29:32.502940+00:00,2026-08-13T22:00:00+00:00,0.279,0.312,MEDIUM,NW  (290–330°),1.1175,2026-08-13T22:30:00+00:00,1.47,303.1,0.39,14.62,192.4,2026-08-13T22:55:18+00:00,0.446,0.63,falling,1.92,2026-08-14 05:41,0.45,2026-08-13 23:35,0.9,311,1.0,onshore
2026-08-14T00:55:21.499727+00:00,2026-08-13T23:00:00+00:00,0.286,0.32,MEDIUM,NW  (290–330°),1.1175,2026-08-14T00:00:00+00:00,1.43,305.9,0.37,5.38,233.8,2026-08-14T00:55:18+00:00,0.442,0.7,rising,1.92,2026-08-14 05:41,-0.15,2026-08-14 12:29,1.2,279,1.4,onshore
2026-08-14T03:18:41.068259+00:00,2026-08-14T01:00:00+00:00,0.271,0.303,MEDIUM,NW  (290–330°),1.1175,2026-08-14T02:30:00+00:00,1.83,317.2,0.37,12.8,171.4,2026-08-14T02:55:18+00:00,0.459,1.49,rising,1.92,2026-08-14 05:41,-0.15,2026-08-14 12:29,1.2,301,1.9,onshore
2026-08-14T05:22:51.594301+00:00,2026-08-14T04:00:00+00:00,0.266,0.298,MEDIUM,NW  (290–330°),1.1175,2026-08-14T04:30:00+00:00,1.75,321.4,0.41,5.38,236.4,2026-08-14T04:55:18+00:00,0.438,2.04,rising,1.92,2026-08-14 05:41,-0.15,2026-08-14 12:29,1.4,295,3.7,onshore
2026-08-14T07:03:52.283809+00:00,2026-08-14T05:00:00+00:00,0.271,0.303,MEDIUM,NW  (290–330°),1.1175,2026-08-14T06:30:00+00:00,1.8,318.6,0.41,6.82,238.4,2026-08-14T06:55:18+00:00,0.453,1.9,falling,1.5,2026-08-14 18:49,-0.15,2026-08-14 12:29,0.2,297,1.7,onshore
2026-08-14T08:55:31.387324+00:00,2026-08-14T07:00:00+00:00,0.266,0.297,MEDIUM,NW  (290–330°),1.1175,2026-08-14T08:00:00+00:00,1.65,317.2,0.39,6.4,244.4,2026-08-14T08:55:18+00:00,0.433,1.19,falling,1.5,2026-08-14 18:49,-0.15,2026-08-14 12:29,1.1,146,1.2,sideshore-S
2026-08-14T09:49:30.531973+00:00,2026-08-14T08:00:00+00:00,0.266,0.297,MEDIUM,NW  (290–330°),1.1175,2026-08-14T09:00:00+00:00,1.51,312.9,0.39,6.4,244.4,2026-08-14T08:55:18+00:00,0.424,0.7,falling,1.5,2026-08-14 18:49,-0.15,2026-08-14 12:29,0.8,69,1.0,offshore
2026-08-14T10:46:06.069464+00:00,2026-08-14T09:00:00+00:00,0.26,0.296,LOW,WNW (260–290°),1.1382,2026-08-14T10:00:00+00:00,1.45,287.6,0.37,5.68,247.3,2026-08-14T09:55:18+00:00,0.451,0.38,falling,1.5,2026-08-14 18:49,-0.15,2026-08-14 12:29,0.6,81,1.0,offshore
2026-08-14T11:34:55.748522+00:00,2026-08-14T10:00:00+00:00,0.245,0.274,MEDIUM,NW  (290–330°),1.1175,2026-08-14T11:00:00+00:00,1.43,310.1,0.35,5.68,236.4,2026-08-14T10:55:18+00:00,0.403,0.09,falling,1.5,2026-08-14 18:49,-0.15,2026-08-14 12:29,0.5,90,1.0,offshore
2026-08-14T12:36:16.209139+00:00,2026-08-14T11:00:00+00:00,0.233,0.261,MEDIUM,NW  (290–330°),1.1175,2026-08-14T12:00:00+00:00,1.42,315.8,0.33,5.12,236.5,2026-08-14T11:55:18+00:00,0.383,-0.03,falling,1.5,2026-08-14 18:49,0.41,2026-08-15 00:26,0.9,27,1.5,sideshore-N
2026-08-14T14:06:15.409679+00:00,2026-08-14T12:00:00+00:00,0.237,0.264,MEDIUM,NW  (290–330°),1.1175,2026-08-14T13:30:00+00:00,1.63,317.2,0.31,14.62,173.6,2026-08-14T13:55:18+00:00,0.408,0.18,rising,1.5,2026-08-14 18:49,0.41,2026-08-15 00:26,0.5,37,1.3,sideshore-N
2026-08-14T15:39:34.341465+00:00,2026-08-14T14:00:00+00:00,0.246,0.275,MEDIUM,NW  (290–330°),1.1175,2026-08-14T15:00:00+00:00,1.49,312.9,0.29,14.62,171.7,2026-08-14T14:55:18+00:00,0.406,0.79,rising,1.5,2026-08-14 18:49,0.41,2026-08-15 00:26,0.9,6,1.7,sideshore-N
2026-08-14T16:38:26.759924+00:00,2026-08-14T15:00:00+00:00,0.257,0.287,MEDIUM,NW  (290–330°),1.1175,2026-08-14T16:00:00+00:00,1.59,318.6,0.32,14.62,183.5,2026-08-14T15:55:18+00:00,0.416,1.21,rising,1.5,2026-08-14 18:49,0.41,2026-08-15 00:26,0.8,7,3.1,sideshore-N
2026-08-14T17:42:58.320238+00:00,2026-08-14T16:00:00+00:00,0.261,0.292,MEDIUM,NW  (290–330°),1.1175,2026-08-14T17:00:00+00:00,1.55,315.8,0.3,14.62,190.3,2026-08-14T16:55:18+00:00,0.419,1.5,rising,1.5,2026-08-14 18:49,0.41,2026-08-15 00:26,1.4,240,1.9,onshore
2026-08-14T18:37:54.788068+00:00,2026-08-14T17:00:00+00:00,0.275,0.308,MEDIUM,NW  (290–330°),1.1175,2026-08-14T18:00:00+00:00,1.48,317.2,0.26,14.62,194.0,2026-08-14T17:55:18+00:00,0.419,1.62,rising,1.5,2026-08-14 18:49,0.41,2026-08-15 00:26,0.8,293,1.0,onshore
2026-08-14T19:40:31.132880+00:00,2026-08-14T18:00:00+00:00,0.278,0.31,MEDIUM,NW  (290–330°),1.1175,2026-08-14T19:00:00+00:00,1.42,317.2,0.3,14.62,187.3,2026-08-14T18:55:18+00:00,0.413,1.66,rising,1.73,2026-08-15 06:27,0.41,2026-08-15 00:26,0.8,284,0.9,onshore
2026-08-14T20:19:40.819451+00:00,2026-08-14T18:00:00+00:00,0.278,0.31,MEDIUM,NW  (290–330°),1.1175,2026-08-14T19:30:00+00:00,1.37,322.8,0.33,14.62,199.0,2026-08-14T19:55:18+00:00,0.397,1.49,falling,1.73,2026-08-15 06:27,0.41,2026-08-15 00:26,2.2,240,2.3,onshore
2026-08-14T21:14:01.614314+00:00,2026-08-14T19:00:00+00:00,0.265,0.296,MEDIUM,NW  (290–330°),1.1175,2026-08-14T20:30:00+00:00,1.52,321.4,0.34,14.62,193.2,2026-08-14T20:55:18+00:00,0.408,1.28,falling,1.73,2026-08-15 06:27,0.41,2026-08-15 00:26,2.9,248,3.2,onshore
2026-08-14T22:10:29.257747+00:00,2026-08-14T20:00:00+00:00,0.265,0.316,HIGH,SW  (200–230°),1.1951,2026-08-14T21:30:00+00:00,1.35,201.8,0.4,14.62,192.6,2026-08-14T21:55:18+00:00,0.438,0.99,falling,1.73,2026-08-15 06:27,0.41,2026-08-15 00:26,3.4,247,3.8,onshore
2026-08-14T23:10:31.516232+00:00,2026-08-14T21:00:00+00:00,0.269,0.301,MEDIUM,NW  (290–330°),1.1175,2026-08-14T22:30:00+00:00,1.43,307.3,0.48,14.62,191.9,2026-08-14T22:55:18+00:00,0.425,0.72,falling,1.73,2026-08-15 06:27,0.41,2026-08-15 00:26,3.8,253,4.4,onshore
2026-08-15T00:32:02.327292+00:00,2026-08-14T23:00:00+00:00,0.287,0.321,MEDIUM,NW  (290–330°),1.1175,2026-08-15T00:00:00+00:00,1.36,312.9,0.48,14.62,191.9,2026-08-14T22:55:18+00:00,0.421,0.56,falling,1.73,2026-08-15 06:27,0.03,2026-08-15 13:01,4.0,267,4.9,onshore
2026-08-15T02:06:20.660663+00:00,2026-08-15T00:00:00+00:00,0.305,0.364,HIGH,SW  (200–230°),1.1951,2026-08-15T01:30:00+00:00,1.3,206.1,0.58,3.3,260.9,2026-08-15T01:23:01+00:00,0.468,0.64,rising,1.73,2026-08-15 06:27,0.03,2026-08-15 13:01,3.8,276,5.5,onshore
2026-08-15T03:28:28.952455+00:00,2026-08-15T02:00:00+00:00,0.365,0.437,HIGH,SW  (200–230°),1.1951,2026-08-15T02:30:00+00:00,1.33,211.7,0.57,3.92,253.7,2026-08-15T03:23:01+00:00,0.524,1.13,rising,1.73,2026-08-15 06:27,0.03,2026-08-15 13:01,1.8,261,3.7,onshore
2026-08-15T04:18:08.959281+00:00,2026-08-15T02:00:00+00:00,0.365,0.437,HIGH,SW  (200–230°),1.1951,2026-08-15T03:30:00+00:00,1.3,203.2,0.57,3.92,253.7,2026-08-15T03:23:01+00:00,0.51,1.41,rising,1.73,2026-08-15 06:27,0.03,2026-08-15 13:01,1.3,247,2.7,onshore
2026-08-15T05:14:25.710717+00:00,2026-08-15T03:00:00+00:00,0.356,0.426,HIGH,SW  (200–230°),1.1951,2026-08-15T04:30:00+00:00,1.44,206.1,0.61,3.92,252.6,2026-08-15T04:23:01+00:00,0.524,1.64,rising,1.73,2026-08-15 06:27,0.03,2026-08-15 13:01,1.1,158,1.1,sideshore-S
2026-08-15T06:17:34.599161+00:00,2026-08-15T04:00:00+00:00,0.368,0.44,HIGH,SW  (200–230°),1.1951,2026-08-15T05:30:00+00:00,1.38,207.5,0.49,17.06,196.7,2026-08-15T05:23:01+00:00,0.527,1.79,rising,1.73,2026-08-15 06:27,0.03,2026-08-15 13:01,1.5,113,2.2,offshore
2026-08-15T07:20:09.217517+00:00,2026-08-15T05:00:00+00:00,0.386,0.461,HIGH,SW  (200–230°),1.1951,2026-08-15T06:30:00+00:00,1.44,215.9,0.51,3.92,246.3,2026-08-15T06:23:01+00:00,0.557,1.74,falling,1.55,2026-08-15 19:24,0.03,2026-08-15 13:01,2.1,101,4.9,offshore
2026-08-15T08:13:11.554156+00:00,2026-08-15T06:00:00+00:00,0.4,0.478,HIGH,SW  (200–230°),1.1951,2026-08-15T07:30:00+00:00,1.47,207.5,0.51,4.26,230.8,2026-08-15T07:23:01+00:00,0.562,1.59,falling,1.55,2026-08-15 19:24,0.03,2026-08-15 13:01,2.1,79,4.2,offshore
2026-08-15T09:14:42.009565+00:00,2026-08-15T07:00:00+00:00,0.419,0.501,HIGH,SW  (200–230°),1.1951,2026-08-15T08:30:00+00:00,1.4,204.7,0.52,17.06,199.6,2026-08-15T08:23:01+00:00,0.565,1.24,falling,1.55,2026-08-15 19:24,0.03,2026-08-15 13:01,2.2,66,3.9,offshore
2026-08-15T10:10:16.045513+00:00,2026-08-15T08:00:00+00:00,0.426,0.509,HIGH,SW  (200–230°),1.1951,2026-08-15T09:30:00+00:00,1.43,204.7,0.47,4.86,222.1,2026-08-15T09:23:01+00:00,0.573,0.86,falling,1.55,2026-08-15 19:24,0.03,2026-08-15 13:01,2.0,47,3.6,offshore
2026-08-15T11:08:56.137836+00:00,2026-08-15T09:00:00+00:00,0.409,0.488,HIGH,SW  (200–230°),1.1951,2026-08-15T10:30:00+00:00,1.43,200.4,0.46,4.64,240.6,2026-08-15T10:23:01+00:00,0.555,0.49,falling,1.55,2026-08-15 19:24,0.03,2026-08-15 13:01,2.0,45,3.3,offshore
2026-08-15T12:13:32.917062+00:00,2026-08-15T10:00:00+00:00,0.422,0.475,HIGH,S   (150–200°),1.126,2026-08-15T11:30:00+00:00,1.32,192.0,0.46,17.06,197.5,2026-08-15T11:23:01+00:00,0.539,0.23,falling,1.55,2026-08-15 19:24,0.03,2026-08-15 13:01,2.0,57,3.5,offshore
2026-08-15T13:21:30.980678+00:00,2026-08-15T12:00:00+00:00,0.426,0.509,HIGH,SW  (200–230°),1.1951,2026-08-15T12:30:00+00:00,1.32,201.8,0.44,17.06,203.9,2026-08-15T12:23:01+00:00,0.556,0.15,falling,1.55,2026-08-15 19:24,0.41,2026-08-16 01:19,2.2,85,3.5,offshore
2026-08-15T14:10:44.097583+00:00,2026-08-15T12:00:00+00:00,0.426,0.48,HIGH,S   (150–200°),1.126,2026-08-15T13:30:00+00:00,1.42,197.6,0.42,17.06,207.1,2026-08-15T13:23:01+00:00,0.562,0.23,rising,1.55,2026-08-15 19:24,0.41,2026-08-16 01:19,2.1,79,3.4,offshore
2026-08-15T15:08:52.483813+00:00,2026-08-15T13:00:00+00:00,0.407,0.458,HIGH,S   (150–200°),1.126,2026-08-15T14:30:00+00:00,1.37,199.0,0.37,17.06,202.5,2026-08-15T14:23:01+00:00,0.543,0.49,rising,1.55,2026-08-15 19:24,0.41,2026-08-16 01:19,2.1,61,2.5,offshore
2026-08-15T16:09:41.125094+00:00,2026-08-15T14:00:00+00:00,0.396,0.474,HIGH,SW  (200–230°),1.1951,2026-08-15T15:00:00+00:00,1.46,206.1,0.42,17.06,204.2,2026-08-15T15:23:01+00:00,0.555,0.84,rising,1.55,2026-08-15 19:24,0.41,2026-08-16 01:19,1.1,100,2.3,offshore
2026-08-15T17:10:11.620455+00:00,2026-08-15T15:00:00+00:00,0.393,0.47,HIGH,SW  (200–230°),1.1951,2026-08-15T16:30:00+00:00,1.38,213.1,0.43,17.06,201.3,2026-08-15T16:23:01+00:00,0.55,1.17,rising,1.55,2026-08-15 19:24,0.41,2026-08-16 01:19,1.1,185,1.7,sideshore-S
2026-08-15T18:10:58.104084+00:00,2026-08-15T16:00:00+00:00,0.404,0.483,HIGH,SW  (200–230°),1.1951,2026-08-15T17:30:00+00:00,1.44,203.2,0.45,4.26,253.7,2026-08-15T17:23:01+00:00,0.554,1.47,rising,1.55,2026-08-15 19:24,0.41,2026-08-16 01:19,2.0,207,2.6,sideshore-S
2026-08-15T19:12:26.748912+00:00,2026-08-15T17:00:00+00:00,0.389,0.438,HIGH,S   (150–200°),1.126,2026-08-15T18:30:00+00:00,1.47,199.0,0.41,17.06,203.2,2026-08-15T18:23:01+00:00,0.541,1.66,rising,1.55,2026-08-15 19:24,0.41,2026-08-16 01:19,2.5,214,2.7,sideshore-S
2026-08-15T20:09:11.777727+00:00,2026-08-15T18:00:00+00:00,0.383,0.458,HIGH,SW  (200–230°),1.1951,2026-08-15T19:30:00+00:00,1.58,203.2,0.39,17.06,210.2,2026-08-15T19:23:01+00:00,0.555,1.64,falling,1.49,2026-08-16 07:15,0.41,2026-08-16 01:19,2.5,236,2.8,onshore
2026-08-15T21:10:20.377507+00:00,2026-08-15T19:00:00+00:00,0.382,0.456,HIGH,SW  (200–230°),1.1951,2026-08-15T20:30:00+00:00,1.49,200.4,0.45,17.06,193.6,2026-08-15T20:23:01+00:00,0.539,1.48,falling,1.49,2026-08-16 07:15,0.41,2026-08-16 01:19,2.9,232,3.2,onshore
2026-08-15T22:08:25.823314+00:00,2026-08-15T20:00:00+00:00,0.367,0.413,HIGH,S   (150–200°),1.126,2026-08-15T21:30:00+00:00,1.45,196.2,0.4,17.06,205.1,2026-08-15T21:23:01+00:00,0.517,1.19,falling,1.49,2026-08-16 07:15,0.41,2026-08-16 01:19,3.3,247,3.6,onshore
2026-08-15T23:09:19.267884+00:00,2026-08-15T21:00:00+00:00,0.366,0.412,HIGH,S   (150–200°),1.126,2026-08-15T22:30:00+00:00,1.54,199.0,0.44,17.06,207.2,2026-08-15T22:23:01+00:00,0.53,0.89,falling,1.49,2026-08-16 07:15,0.41,2026-08-16 01:19,3.9,257,4.6,onshore
2026-08-16T00:32:54.910557+00:00,2026-08-15T23:00:00+00:00,0.353,0.398,HIGH,S   (150–200°),1.126,2026-08-15T23:30:00+00:00,1.37,196.2,0.59,17.06,199.4,2026-08-16T00:23:01+00:00,0.497,0.63,falling,1.49,2026-08-16 07:15,0.41,2026-08-16 01:19,4.0,256,5.2,onshore
2026-08-16T02:14:04.409923+00:00,2026-08-16T00:00:00+00:00,0.357,0.427,HIGH,SW  (200–230°),1.1951,2026-08-16T01:30:00+00:00,1.59,206.1,0.62,4.44,260.1,2026-08-16T01:23:11+00:00,0.539,0.56,rising,1.49,2026-08-16 07:15,0.23,2026-08-16 13:30,3.4,265,4.7,onshore
2026-08-16T03:37:50.778131+00:00,2026-08-16T02:00:00+00:00,0.442,0.529,HIGH,SW  (200–230°),1.1951,2026-08-16T03:00:00+00:00,1.49,200.4,0.63,4.64,253.4,2026-08-16T03:23:01+00:00,0.584,0.81,rising,1.49,2026-08-16 07:15,0.23,2026-08-16 13:30,1.4,172,1.4,sideshore-S
2026-08-16T04:23:33.912177+00:00,2026-08-16T03:00:00+00:00,0.527,0.63,HIGH,SW  (200–230°),1.1951,2026-08-16T03:30:00+00:00,1.56,213.1,0.63,4.64,253.4,2026-08-16T03:23:01+00:00,0.671,0.95,rising,1.49,2026-08-16 07:15,0.23,2026-08-16 13:30,1.8,119,2.5,offshore
2026-08-16T05:17:10.422141+00:00,2026-08-16T03:00:00+00:00,0.527,0.593,HIGH,S   (150–200°),1.126,2026-08-16T04:30:00+00:00,1.53,196.2,0.54,17.06,206.9,2026-08-16T04:42:31+00:00,0.647,1.29,rising,1.49,2026-08-16 07:15,0.23,2026-08-16 13:30,2.0,117,3.1,offshore
2026-08-16T06:18:44.625247+00:00,2026-08-16T04:00:00+00:00,0.535,0.602,HIGH,S   (150–200°),1.126,2026-08-16T05:30:00+00:00,1.59,196.2,0.51,17.06,186.4,2026-08-16T05:42:31+00:00,0.66,1.49,rising,1.49,2026-08-16 07:15,0.23,2026-08-16 13:30,1.8,96,4.1,offshore
2026-08-16T07:21:18.799038+00:00,2026-08-16T06:00:00+00:00,0.508,0.572,HIGH,S   (150–200°),1.126,2026-08-16T06:30:00+00:00,1.64,193.4,0.48,17.06,202.2,2026-08-16T06:42:31+00:00,0.642,1.53,rising,1.56,2026-08-16 20:00,0.23,2026-08-16 13:30,1.8,112,3.2,offshore
2026-08-16T08:14:18.738629+00:00,2026-08-16T06:00:00+00:00,0.508,0.572,HIGH,S   (150–200°),1.126,2026-08-16T07:30:00+00:00,1.67,197.6,0.5,17.06,202.9,2026-08-16T07:42:31+00:00,0.651,1.5,falling,1.56,2026-08-16 20:00,0.23,2026-08-16 13:30,2.1,115,4.8,offshore
2026-08-16T09:15:40.773543+00:00,2026-08-16T07:00:00+00:00,0.52,0.622,HIGH,SW  (200–230°),1.1951,2026-08-16T08:30:00+00:00,1.56,206.1,0.53,17.06,204.0,2026-08-16T08:42:31+00:00,0.657,1.31,falling,1.56,2026-08-16 20:00,0.23,2026-08-16 13:30,1.7,111,3.1,offshore
2026-08-16T10:11:04.832659+00:00,2026-08-16T08:00:00+00:00,0.534,0.601,HIGH,S   (150–200°),1.126,2026-08-16T09:30:00+00:00,1.6,193.4,0.52,14.62,198.9,2026-08-16T09:42:31+00:00,0.655,1.11,falling,1.56,2026-08-16 20:00,0.23,2026-08-16 13:30,1.4,126,1.5,offshore
2026-08-16T11:09:54.880929+00:00,2026-08-16T09:00:00+00:00,0.542,0.61,HIGH,S   (150–200°),1.126,2026-08-16T10:30:00+00:00,1.56,199.0,0.53,4.86,240.4,2026-08-16T10:42:31+00:00,0.664,0.79,falling,1.56,2026-08-16 20:00,0.23,2026-08-16 13:30,1.5,152,1.8,sideshore-S
2026-08-16T12:14:12.610429+00:00,2026-08-16T10:00:00+00:00,0.515,0.615,HIGH,SW  (200–230°),1.1951,2026-08-16T11:30:00+00:00,1.51,208.9,0.49,17.06,204.0,2026-08-16T11:42:31+00:00,0.65,0.53,falling,1.56,2026-08-16 20:00,0.23,2026-08-16 13:30,1.2,85,3.3,offshore
2026-08-16T13:22:31.377658+00:00,2026-08-16T12:00:00+00:00,0.44,0.526,HIGH,SW  (200–230°),1.1951,2026-08-16T12:30:00+00:00,1.52,204.7,0.44,14.62,188.2,2026-08-16T12:42:31+00:00,0.589,0.39,falling,1.56,2026-08-16 20:00,0.23,2026-08-16 13:30,1.9,93,3.7,offshore
2026-08-16T14:11:24.329084+00:00,2026-08-16T12:00:00+00:00,0.44,0.495,HIGH,S   (150–200°),1.126,2026-08-16T13:30:00+00:00,1.55,196.2,0.44,14.62,194.0,2026-08-16T13:42:31+00:00,0.582,0.33,falling,1.56,2026-08-16 20:00,0.42,2026-08-17 02:17,2.5,43,5.2,sideshore-N
2026-08-16T15:09:37.314974+00:00,2026-08-16T13:00:00+00:00,0.395,0.472,HIGH,SW  (200–230°),1.1951,2026-08-16T14:30:00+00:00,1.54,200.4,0.37,14.62,195.7,2026-08-16T14:42:31+00:00,0.552,0.48,rising,1.56,2026-08-16 20:00,0.42,2026-08-17 02:17,2.4,68,3.6,offshore
2026-08-16T16:10:49.032162+00:00,2026-08-16T14:00:00+00:00,0.381,0.455,HIGH,SW  (200–230°),1.1951,2026-08-16T15:30:00+00:00,1.47,207.5,0.4,14.62,199.0,2026-08-16T15:42:31+00:00,0.542,0.76,rising,1.56,2026-08-16 20:00,0.42,2026-08-17 02:17,1.9,96,2.9,offshore
2026-08-16T17:09:43.980178+00:00,2026-08-16T15:00:00+00:00,0.378,0.426,HIGH,S   (150–200°),1.126,2026-08-16T16:30:00+00:00,1.54,199.0,0.38,14.62,197.2,2026-08-16T16:42:31+00:00,0.537,1.15,rising,1.56,2026-08-16 20:00,0.42,2026-08-17 02:17,1.0,169,1.1,sideshore-S
2026-08-16T18:11:21.469507+00:00,2026-08-16T16:00:00+00:00,0.397,0.447,HIGH,S   (150–200°),1.126,2026-08-16T17:30:00+00:00,1.46,197.6,0.38,14.62,205.9,2026-08-16T17:42:31+00:00,0.54,1.41,rising,1.56,2026-08-16 20:00,0.42,2026-08-17 02:17,2.1,177,2.2,sideshore-S
2026-08-16T19:12:10.489892+00:00,2026-08-16T17:00:00+00:00,0.406,0.457,HIGH,S   (150–200°),1.126,2026-08-16T18:30:00+00:00,1.4,189.2,0.37,14.62,205.6,2026-08-16T18:42:31+00:00,0.527,1.59,rising,1.56,2026-08-16 20:00,0.42,2026-08-17 02:17,2.5,194,2.5,sideshore-S
2026-08-16T20:08:23.402457+00:00,2026-08-16T18:00:00+00:00,0.418,0.47,HIGH,S   (150–200°),1.126,2026-08-16T19:30:00+00:00,1.48,193.4,0.41,14.62,192.7,2026-08-16T19:42:31+00:00,0.551,1.68,rising,1.25,2026-08-17 08:08,0.42,2026-08-17 02:17,3.3,227,3.4,onshore
2026-08-16T21:08:44.042575+00:00,2026-08-16T19:00:00+00:00,0.439,0.525,HIGH,SW  (200–230°),1.1951,2026-08-16T20:30:00+00:00,1.45,201.8,0.46,14.62,193.5,2026-08-16T20:42:31+00:00,0.575,1.62,falling,1.25,2026-08-17 08:08,0.42,2026-08-17 02:17,3.3,245,3.8,onshore
2026-08-16T22:08:18.426076+00:00,2026-08-16T20:00:00+00:00,0.408,0.46,HIGH,S   (150–200°),1.126,2026-08-16T21:00:00+00:00,1.53,190.6,0.52,14.62,200.6,2026-08-16T21:42:31+00:00,0.545,1.35,falling,1.25,2026-08-17 08:08,0.42,2026-08-17 02:17,2.6,241,2.8,onshore
2026-08-16T23:08:30.607734+00:00,2026-08-16T21:00:00+00:00,0.424,0.478,HIGH,S   (150–200°),1.126,2026-08-16T22:30:00+00:00,1.37,199.0,0.72,4.64,270.1,2026-08-16T22:42:31+00:00,0.55,1.08,falling,1.25,2026-08-17 08:08,0.42,2026-08-17 02:17,4.6,266,5.9,onshore
2026-08-17T00:31:29.113067+00:00,2026-08-16T23:00:00+00:00,0.428,0.482,HIGH,S   (150–200°),1.126,2026-08-17T00:00:00+00:00,1.57,194.8,0.76,4.26,271.8,2026-08-17T00:01:31+00:00,0.571,0.78,falling,1.25,2026-08-17 08:08,0.42,2026-08-17 02:17,3.9,260,4.9,onshore
2026-08-17T02:11:48.094865+00:00,2026-08-17T00:00:00+00:00,0.439,0.494,HIGH,S   (150–200°),1.126,2026-08-17T01:30:00+00:00,1.47,189.2,0.71,4.44,266.4,2026-08-17T02:01:31+00:00,0.559,0.53,falling,1.25,2026-08-17 08:08,0.42,2026-08-17 02:17,1.2,235,1.9,onshore
2026-08-17T03:38:21.891229+00:00,2026-08-17T02:00:00+00:00,0.475,0.535,HIGH,S   (150–200°),1.126,2026-08-17T03:00:00+00:00,1.51,197.6,0.53,4.44,256.2,2026-08-17T03:01:31+00:00,0.604,0.59,falling,1.25,2026-08-17 08:08,0.43,2026-08-17 13:58,1.4,146,1.5,sideshore-S
2026-08-17T04:29:34.269907+00:00,2026-08-17T03:00:00+00:00,0.46,0.55,HIGH,SW  (200–230°),1.1951,2026-08-17T03:30:00+00:00,1.59,206.1,0.53,4.44,256.2,2026-08-17T03:01:31+00:00,0.613,0.81,rising,1.25,2026-08-17 08:08,0.43,2026-08-17 13:58,1.2,138,1.2,sideshore-S
2026-08-17T05:24:54.240880+00:00,2026-08-17T04:00:00+00:00,0.496,0.593,HIGH,SW  (200–230°),1.1951,2026-08-17T04:30:00+00:00,1.55,206.1,,,,,0.635,0.96,rising,1.25,2026-08-17 08:08,0.43,2026-08-17 13:58,1.1,142,1.2,sideshore-S
2026-08-17T06:28:29.513613+00:00,2026-08-17T05:00:00+00:00,0.534,0.601,HIGH,S   (150–200°),1.126,2026-08-17T05:30:00+00:00,1.55,197.6,0.53,4.86,255.6,2026-08-17T05:31:55+00:00,0.653,1.17,rising,1.25,2026-08-17 08:08,0.43,2026-08-17 13:58,1.7,159,1.9,sideshore-S
2026-08-17T07:41:44.630608+00:00,2026-08-17T06:00:00+00:00,0.581,0.654,HIGH,S   (150–200°),1.126,2026-08-17T07:00:00+00:00,1.58,196.2,0.59,4.44,260.5,2026-08-17T07:31:55+00:00,0.69,1.32,rising,1.25,2026-08-17 08:08,0.43,2026-08-17 13:58,2.0,133,2.9,offshore
2026-08-17T08:28:43.457414+00:00,2026-08-17T07:00:00+00:00,0.65,0.777,HIGH,SW  (200–230°),1.1951,2026-08-17T07:30:00+00:00,1.61,206.1,0.59,4.44,260.5,2026-08-17T07:31:55+00:00,0.758,1.4,rising,1.55,2026-08-17 20:37,0.43,2026-08-17 13:58,3.6,108,5.4,offshore
2026-08-17T09:28:03.541683+00:00,2026-08-17T08:00:00+00:00,0.673,0.804,HIGH,SW  (200–230°),1.1951,2026-08-17T08:30:00+00:00,1.52,207.5,0.58,4.26,240.7,2026-08-17T08:31:55+00:00,0.766,1.25,falling,1.55,2026-08-17 20:37,0.43,2026-08-17 13:58,2.5,99,3.5,offshore
2026-08-17T10:19:28.713414+00:00,2026-08-17T08:00:00+00:00,0.673,0.804,HIGH,SW  (200–230°),1.1951,2026-08-17T09:30:00+00:00,1.54,203.2,0.64,4.64,240.7,2026-08-17T09:31:55+00:00,0.763,1.13,falling,1.55,2026-08-17 20:37,0.43,2026-08-17 13:58,2.1,121,5.4,offshore
2026-08-17T11:14:12.635879+00:00,2026-08-17T09:00:00+00:00,0.654,0.781,HIGH,SW  (200–230°),1.1951,2026-08-17T10:30:00+00:00,1.54,207.5,0.6,5.38,213.1,2026-08-17T11:02:01+00:00,0.753,0.92,falling,1.55,2026-08-17 20:37,0.43,2026-08-17 13:58,1.2,151,2.8,sideshore-S
2026-08-17T12:17:59.003420+00:00,2026-08-17T10:00:00+00:00,0.67,0.801,HIGH,SW  (200–230°),1.1951,2026-08-17T11:30:00+00:00,1.51,204.7,0.5,4.08,229.7,2026-08-17T12:02:01+00:00,0.758,0.78,falling,1.55,2026-08-17 20:37,0.43,2026-08-17 13:58,1.5,262,4.1,onshore
2026-08-17T13:30:55.326765+00:00,2026-08-17T12:00:00+00:00,0.607,0.725,HIGH,SW  (200–230°),1.1951,2026-08-17T13:00:00+00:00,1.47,200.4,0.49,5.12,248.6,2026-08-17T13:02:01+00:00,0.7,0.55,falling,1.55,2026-08-17 20:37,0.43,2026-08-17 13:58,0.7,188,4.0,sideshore-S
2026-08-17T14:16:00.380101+00:00,2026-08-17T12:00:00+00:00,0.607,0.683,HIGH,S   (150–200°),1.126,2026-08-17T13:30:00+00:00,1.47,193.4,0.48,5.12,247.5,2026-08-17T14:02:01+00:00,0.69,0.58,rising,1.55,2026-08-17 20:37,0.44,2026-08-18 03:24,0.5,169,2.9,sideshore-S
2026-08-17T15:13:45.172939+00:00,2026-08-17T13:00:00+00:00,0.553,0.66,HIGH,SW  (200–230°),1.1951,2026-08-17T14:30:00+00:00,1.57,203.2,0.48,5.12,247.5,2026-08-17T14:02:01+00:00,0.674,0.62,rising,1.55,2026-08-17 20:37,0.44,2026-08-18 03:24,0.6,189,4.0,sideshore-S
2026-08-17T16:12:36.118457+00:00,2026-08-17T14:00:00+00:00,0.529,0.632,HIGH,SW  (200–230°),1.1951,2026-08-17T15:30:00+00:00,1.48,203.2,0.48,5.12,256.7,2026-08-17T15:42:49+00:00,0.645,0.86,rising,1.55,2026-08-17 20:37,0.44,2026-08-18 03:24,2.5,138,2.8,sideshore-S
2026-08-17T17:15:28.550867+00:00,2026-08-17T15:00:00+00:00,0.519,0.585,HIGH,S   (150–200°),1.126,2026-08-17T16:30:00+00:00,1.51,199.0,0.47,14.62,211.2,2026-08-17T16:42:49+00:00,0.636,1.07,rising,1.55,2026-08-17 20:37,0.44,2026-08-18 03:24,1.9,180,3.1,sideshore-S
2026-08-17T18:20:10.452227+00:00,2026-08-17T17:00:00+00:00,0.466,0.557,HIGH,SW  (200–230°),1.1951,2026-08-17T17:30:00+00:00,1.52,204.7,0.44,14.62,207.9,2026-08-17T18:04:19+00:00,0.604,1.37,rising,1.55,2026-08-17 20:37,0.44,2026-08-18 03:24,3.5,226,2.8,onshore
2026-08-17T19:19:17.510474+00:00,2026-08-17T17:00:00+00:00,0.466,0.557,HIGH,SW  (200–230°),1.1951,2026-08-17T18:30:00+00:00,1.39,207.5,0.46,14.62,202.5,2026-08-17T19:04:19+00:00,0.591,1.56,rising,1.55,2026-08-17 20:37,0.44,2026-08-18 03:24,1.5,184,2.6,sideshore-S
2026-08-17T20:12:48.345358+00:00,2026-08-17T18:00:00+00:00,0.458,0.516,HIGH,S   (150–200°),1.126,2026-08-17T19:30:00+00:00,1.46,193.4,0.46,14.62,202.5,2026-08-17T19:04:19+00:00,0.575,1.67,rising,1.55,2026-08-17 20:37,0.44,2026-08-18 03:24,1.9,201,2.8,sideshore-S
2026-08-17T21:14:27.913121+00:00,2026-08-17T19:00:00+00:00,0.444,0.531,HIGH,SW  (200–230°),1.1951,2026-08-17T20:30:00+00:00,1.53,204.7,0.53,14.62,213.3,2026-08-17T21:14:49+00:00,0.588,1.67,falling,1.04,2026-08-18 09:13,0.44,2026-08-18 03:24,2.5,238,3.7,onshore
2026-08-17T22:11:23.022183+00:00,2026-08-17T20:00:00+00:00,0.424,0.477,HIGH,S   (150–200°),1.126,2026-08-17T21:30:00+00:00,1.44,193.4,0.53,14.62,213.3,2026-08-17T21:14:49+00:00,0.547,1.6,falling,1.04,2026-08-18 09:13,0.44,2026-08-18 03:24,2.1,239,4.0,onshore
2026-08-17T23:11:22.683951+00:00,2026-08-17T21:00:00+00:00,0.414,0.495,HIGH,SW  (200–230°),1.1951,2026-08-17T22:30:00+00:00,1.44,200.4,0.76,5.12,259.0,2026-08-17T22:53:19+00:00,0.549,1.33,falling,1.04,2026-08-18 09:13,0.44,2026-08-18 03:24,3.2,257,3.4,onshore
2026-08-18T00:31:03.630539+00:00,2026-08-17T23:00:00+00:00,0.468,0.528,HIGH,S   (150–200°),1.126,2026-08-18T00:00:00+00:00,1.52,197.6,0.75,4.86,270.2,2026-08-17T23:53:19+00:00,0.596,1.07,falling,1.04,2026-08-18 09:13,0.44,2026-08-18 03:24,3.1,259,2.4,onshore
2026-08-18T02:07:48.848955+00:00,2026-08-18T00:00:00+00:00,0.497,0.594,HIGH,SW  (200–230°),1.1951,2026-08-18T01:30:00+00:00,1.42,201.8,0.85,5.38,257.4,2026-08-18T01:53:19+00:00,0.611,0.68,falling,1.04,2026-08-18 09:13,0.44,2026-08-18 03:24,1.0,246,1.2,onshore
2026-08-18T03:34:05.103305+00:00,2026-08-18T02:00:00+00:00,0.593,0.709,HIGH,SW  (200–230°),1.1951,2026-08-18T03:00:00+00:00,1.57,204.7,0.82,4.86,258.1,2026-08-18T02:53:19+00:00,0.705,0.59,rising,1.04,2026-08-18 09:13,0.63,2026-08-18 14:23,2.5,236,2.9,onshore
2026-08-18T04:22:59.947672+00:00,2026-08-18T03:00:00+00:00,0.636,0.76,HIGH,SW  (200–230°),1.1951,2026-08-18T03:30:00+00:00,1.54,204.7,0.85,5.38,253.0,2026-08-18T03:53:19+00:00,0.734,0.65,rising,1.04,2026-08-18 09:13,0.63,2026-08-18 14:23,1.8,218,1.8,sideshore-S
2026-08-18T05:18:47.346701+00:00,2026-08-18T03:00:00+00:00,0.636,0.76,HIGH,SW  (200–230°),1.1951,2026-08-18T04:30:00+00:00,1.61,201.8,0.93,4.86,256.4,2026-08-18T04:53:19+00:00,0.739,0.67,rising,1.04,2026-08-18 09:13,0.63,2026-08-18 14:23,1.8,167,2.0,sideshore-S
2026-08-18T06:21:06.035683+00:00,2026-08-18T05:00:00+00:00,0.717,0.801,MEDIUM,NW  (290–330°),1.1175,2026-08-18T05:30:00+00:00,1.69,304.5,0.82,5.12,256.5,2026-08-18T05:53:19+00:00,0.796,0.89,rising,1.04,2026-08-18 09:13,0.63,2026-08-18 14:23,1.8,161,1.7,sideshore-S
2026-08-18T07:27:41.977008+00:00,2026-08-18T06:00:00+00:00,0.737,0.881,HIGH,SW  (200–230°),1.1951,2026-08-18T06:30:00+00:00,1.79,206.1,0.72,4.26,247.6,2026-08-18T06:53:19+00:00,0.842,0.98,rising,1.04,2026-08-18 09:13,0.63,2026-08-18 14:23,2.1,161,3.3,sideshore-S
2026-08-18T08:21:04.897217+00:00,2026-08-18T07:00:00+00:00,0.782,0.934,HIGH,SW  (200–230°),1.1951,2026-08-18T07:30:00+00:00,1.88,207.5,0.72,4.26,247.6,2026-08-18T06:53:19+00:00,0.887,1.13,rising,1.04,2026-08-18 09:13,0.63,2026-08-18 14:23,2.6,141,3.1,sideshore-S
2026-08-18T09:20:19.983013+00:00,2026-08-18T07:00:00+00:00,0.782,0.873,MEDIUM,NW  (290–330°),1.1175,2026-08-18T08:30:00+00:00,1.9,314.3,0.65,4.44,241.0,2026-08-18T08:25:49+00:00,0.854,1.13,falling,1.52,2026-08-18 21:19,0.63,2026-08-18 14:23,1.6,130,3.7,offshore
2026-08-18T10:15:27.780864+00:00,2026-08-18T08:00:00+00:00,0.738,0.825,MEDIUM,NW  (290–330°),1.1175,2026-08-18T09:30:00+00:00,1.84,307.3,0.71,4.44,231.3,2026-08-18T09:25:49+00:00,0.825,1.13,falling,1.52,2026-08-18 21:19,0.63,2026-08-18 14:23,2.4,102,4.2,offshore
2026-08-18T11:14:15.357449+00:00,2026-08-18T09:00:00+00:00,0.677,0.809,HIGH,SW  (200–230°),1.1951,2026-08-18T10:30:00+00:00,1.8,221.5,0.65,5.12,224.8,2026-08-18T10:25:49+00:00,0.813,1.01,falling,1.52,2026-08-18 21:19,0.63,2026-08-18 14:23,1.8,103,4.4,offshore
2026-08-18T12:19:30.734140+00:00,2026-08-18T10:00:00+00:00,0.617,0.69,MEDIUM,NW  (290–330°),1.1175,2026-08-18T11:30:00+00:00,1.88,308.7,0.64,4.44,231.9,2026-08-18T11:25:49+00:00,0.737,0.94,falling,1.52,2026-08-18 21:19,0.63,2026-08-18 14:23,1.4,124,3.3,offshore
2026-08-18T13:33:30.410373+00:00,2026-08-18T12:00:00+00:00,0.542,0.606,MEDIUM,NW  (290–330°),1.1175,2026-08-18T13:00:00+00:00,1.96,305.9,0.65,4.64,257.0,2026-08-18T13:25:49+00:00,0.695,0.79,falling,1.52,2026-08-18 21:19,0.63,2026-08-18 14:23,1.3,117,3.8,offshore
2026-08-18T14:20:42.180551+00:00,2026-08-18T13:00:00+00:00,0.526,0.587,MEDIUM,NW  (290–330°),1.1175,2026-08-18T13:30:00+00:00,1.96,310.1,0.65,4.64,257.0,2026-08-18T13:25:49+00:00,0.676,0.72,falling,1.52,2026-08-18 21:19,0.63,2026-08-18 14:23,1.0,127,2.5,offshore
2026-08-18T15:19:10.907822+00:00,2026-08-18T13:00:00+00:00,0.526,0.592,HIGH,S   (150–200°),1.126,2026-08-18T14:30:00+00:00,1.95,194.8,0.57,5.68,240.9,2026-08-18T14:25:49+00:00,0.688,0.85,rising,1.52,2026-08-18 21:19,0.44,2026-08-19 04:53,2.0,131,2.6,offshore
2026-08-18T16:17:04.816260+00:00,2026-08-18T14:00:00+00:00,0.545,0.608,MEDIUM,NW  (290–330°),1.1175,2026-08-18T15:30:00+00:00,1.92,310.1,0.58,6.02,247.3,2026-08-18T15:25:49+00:00,0.686,0.9,rising,1.52,2026-08-18 21:19,0.44,2026-08-19 04:53,2.0,137,2.6,sideshore-S
2026-08-18T17:16:16.224838+00:00,2026-08-18T15:00:00+00:00,0.563,0.633,HIGH,S   (150–200°),1.126,2026-08-18T16:30:00+00:00,1.82,199.0,0.63,5.68,248.4,2026-08-18T16:25:49+00:00,0.705,1.06,rising,1.52,2026-08-18 21:19,0.44,2026-08-19 04:53,2.2,156,2.3,sideshore-S
2026-08-18T18:18:43.882465+00:00,2026-08-18T16:00:00+00:00,0.528,0.59,MEDIUM,NW  (290–330°),1.1175,2026-08-18T17:30:00+00:00,1.83,311.5,0.64,6.4,244.0,2026-08-18T17:51:19+00:00,0.66,1.29,rising,1.52,2026-08-18 21:19,0.44,2026-08-19 04:53,2.9,174,3.1,sideshore-S
2026-08-18T19:19:48.197516+00:00,2026-08-18T17:00:00+00:00,0.515,0.576,MEDIUM,NW  (290–330°),1.1175,2026-08-18T18:30:00+00:00,1.74,314.3,0.62,5.38,255.6,2026-08-18T18:51:19+00:00,0.635,1.45,rising,1.52,2026-08-18 21:19,0.44,2026-08-19 04:53,2.9,194,2.9,sideshore-S
2026-08-18T20:10:07.033768+00:00,2026-08-18T18:00:00+00:00,0.533,0.595,MEDIUM,NW  (290–330°),1.1175,2026-08-18T19:30:00+00:00,1.75,322.8,0.62,5.38,255.6,2026-08-18T18:51:19+00:00,0.635,1.53,rising,1.52,2026-08-18 21:19,0.44,2026-08-19 04:53,2.7,184,2.8,sideshore-S
2026-08-18T21:12:07.431716+00:00,2026-08-18T19:00:00+00:00,0.531,0.593,MEDIUM,NW  (290–330°),1.1175,2026-08-18T20:30:00+00:00,1.86,310.1,0.7,5.68,252.6,2026-08-18T20:31:31+00:00,0.668,1.65,rising,1.52,2026-08-18 21:19,0.44,2026-08-19 04:53,3.0,186,3.1,sideshore-S
2026-08-18T22:09:47.357856+00:00,2026-08-18T20:00:00+00:00,0.534,0.601,HIGH,S   (150–200°),1.126,2026-08-18T21:30:00+00:00,1.75,194.8,0.77,4.64,256.9,2026-08-18T21:31:31+00:00,0.669,1.67,rising,0.9,2026-08-19 11:02,0.44,2026-08-19 04:53,2.6,211,2.6,sideshore-S
2026-08-18T23:10:40.198303+00:00,2026-08-18T21:00:00+00:00,0.485,0.542,MEDIUM,NW  (290–330°),1.1175,2026-08-18T22:30:00+00:00,1.78,307.3,0.84,4.64,268.5,2026-08-18T22:31:31+00:00,0.628,1.58,falling,0.9,2026-08-19 11:02,0.44,2026-08-19 04:53,2.3,214,2.3,sideshore-S
2026-08-19T00:31:18.973014+00:00,2026-08-18T23:00:00+00:00,0.482,0.543,HIGH,S   (150–200°),1.126,2026-08-19T00:00:00+00:00,1.85,189.2,0.93,4.64,269.9,2026-08-19T00:31:31+00:00,0.635,1.25,falling,0.9,2026-08-19 11:02,0.44,2026-08-19 04:53,1.3,193,1.3,sideshore-S
2026-08-19T02:09:53.152817+00:00,2026-08-19T00:00:00+00:00,0.51,0.57,MEDIUM,NW  (290–330°),1.1175,2026-08-19T01:30:00+00:00,1.83,318.6,0.94,4.86,262.0,2026-08-19T01:31:31+00:00,0.635,0.91,falling,0.9,2026-08-19 11:02,0.44,2026-08-19 04:53,2.5,148,2.6,sideshore-S
2026-08-19T03:36:10.708510+00:00,2026-08-19T02:00:00+00:00,0.653,0.73,MEDIUM,NW  (290–330°),1.1175,2026-08-19T03:00:00+00:00,1.82,318.6,1.05,5.12,264.1,2026-08-19T03:10:01+00:00,0.741,0.7,falling,0.9,2026-08-19 11:02,0.44,2026-08-19 04:53,2.7,176,2.7,sideshore-S
2026-08-19T04:24:31.244893+00:00,2026-08-19T03:00:00+00:00,0.761,0.91,HIGH,SW  (200–230°),1.1951,2026-08-19T03:30:00+00:00,1.84,210.3,0.95,5.38,264.8,2026-08-19T04:10:01+00:00,0.87,0.6,falling,0.9,2026-08-19 11:02,0.44,2026-08-19 04:53,1.7,177,1.7,sideshore-S
2026-08-19T05:18:42.024396+00:00,2026-08-19T03:00:00+00:00,0.761,0.851,MEDIUM,NW  (290–330°),1.1175,2026-08-19T04:30:00+00:00,1.99,308.7,0.88,5.12,244.8,2026-08-19T05:10:01+00:00,0.859,0.64,rising,0.9,2026-08-19 11:02,0.8,2026-08-19 14:43,2.1,185,2.1,sideshore-S
2026-08-19T06:22:16.212200+00:00,2026-08-19T05:00:00+00:00,0.827,0.924,MEDIUM,NW  (290–330°),1.1175,2026-08-19T05:30:00+00:00,1.87,307.3,,,,,0.895,0.65,rising,0.9,2026-08-19 11:02,0.8,2026-08-19 14:43,2.2,172,2.5,sideshore-S
2026-08-19T07:28:43.144534+00:00,2026-08-19T06:00:00+00:00,0.796,0.952,HIGH,SW  (200–230°),1.1951,2026-08-19T06:30:00+00:00,2.0,203.2,0.85,5.38,239.3,2026-08-19T07:10:01+00:00,0.907,0.75,rising,0.9,2026-08-19 11:02,0.8,2026-08-19 14:43,2.0,143,3.4,sideshore-S
2026-08-19T08:21:22.098325+00:00,2026-08-19T07:00:00+00:00,0.807,0.902,MEDIUM,NW  (290–330°),1.1175,2026-08-19T07:30:00+00:00,1.9,310.1,0.81,4.86,235.2,2026-08-19T08:10:01+00:00,0.88,0.83,rising,0.9,2026-08-19 11:02,0.8,2026-08-19 14:43,1.6,133,3.4,offshore
2026-08-19T09:21:16.146063+00:00,2026-08-19T07:00:00+00:00,0.807,0.902,MEDIUM,NW  (290–330°),1.1175,2026-08-19T08:30:00+00:00,1.9,303.1,0.76,5.12,226.8,2026-08-19T09:10:01+00:00,0.89,0.94,rising,0.9,2026-08-19 11:02,0.8,2026-08-19 14:43,1.6,120,4.9,offshore
2026-08-19T10:16:05.961081+00:00,2026-08-19T08:00:00+00:00,0.692,0.827,HIGH,SW  (200–230°),1.1951,2026-08-19T09:30:00+00:00,1.82,200.4,0.74,5.68,242.0,2026-08-19T10:10:01+00:00,0.804,0.97,rising,0.9,2026-08-19 11:02,0.8,2026-08-19 14:43,1.9,106,3.1,offshore
2026-08-19T11:13:49.732049+00:00,2026-08-19T09:00:00+00:00,0.695,0.783,HIGH,S   (150–200°),1.126,2026-08-19T10:30:00+00:00,1.78,190.6,0.75,4.64,253.3,2026-08-19T11:10:01+00:00,0.787,1.06,rising,1.49,2026-08-19 22:13,0.8,2026-08-19 14:43,2.1,104,4.1,offshore
2026-08-19T12:19:11.072194+00:00,2026-08-19T10:00:00+00:00,0.66,0.738,MEDIUM,NW  (290–330°),1.1175,2026-08-19T11:30:00+00:00,1.88,307.3,0.76,5.68,245.9,2026-08-19T12:10:01+00:00,0.771,1.03,rising,1.49,2026-08-19 22:13,0.8,2026-08-19 14:43,1.6,94,3.5,offshore
2026-08-19T13:35:09.426051+00:00,2026-08-19T12:00:00+00:00,0.642,0.767,HIGH,SW  (200–230°),1.1951,2026-08-19T13:00:00+00:00,1.91,200.4,0.73,5.12,245.0,2026-08-19T13:10:01+00:00,0.777,0.96,falling,1.49,2026-08-19 22:13,0.8,2026-08-19 14:43,1.1,232,1.5,onshore
2026-08-19T14:21:16.236697+00:00,2026-08-19T13:00:00+00:00,0.62,0.693,MEDIUM,NW  (290–330°),1.1175,2026-08-19T13:30:00+00:00,1.85,314.3,0.74,5.38,248.2,2026-08-19T14:10:01+00:00,0.727,0.96,falling,1.49,2026-08-19 22:13,0.8,2026-08-19 14:43,0.5,243,2.2,onshore
2026-08-19T15:18:52.054965+00:00,2026-08-19T13:00:00+00:00,0.62,0.698,HIGH,S   (150–200°),1.126,2026-08-19T14:30:00+00:00,1.76,197.6,0.69,5.68,239.6,2026-08-19T15:10:01+00:00,0.739,0.98,rising,1.49,2026-08-19 22:13,0.38,2026-08-20 06:31,1.3,99,3.2,offshore
2026-08-19T16:16:47.033022+00:00,2026-08-19T14:00:00+00:00,0.633,0.707,MEDIUM,NW  (290–330°),1.1175,2026-08-19T15:30:00+00:00,1.77,307.3,0.67,5.12,239.4,2026-08-19T16:10:01+00:00,0.738,0.99,rising,1.49,2026-08-19 22:13,0.38,2026-08-20 06:31,1.4,150,1.8,sideshore-S
2026-08-19T17:15:38.300628+00:00,2026-08-19T15:00:00+00:00,0.631,0.71,HIGH,S   (150–200°),1.126,2026-08-19T16:30:00+00:00,1.85,186.4,0.67,5.12,239.4,2026-08-19T16:10:01+00:00,0.741,1.09,rising,1.49,2026-08-19 22:13,0.38,2026-08-20 06:31,2.1,169,2.1,sideshore-S
2026-08-19T18:15:50.178150+00:00,2026-08-19T16:00:00+00:00,0.621,0.694,MEDIUM,NW  (290–330°),1.1175,2026-08-19T17:30:00+00:00,1.89,317.2,0.69,5.38,240.9,2026-08-19T18:11:55+00:00,0.728,1.21,rising,1.49,2026-08-19 22:13,0.38,2026-08-20 06:31,2.7,182,2.8,sideshore-S
2026-08-19T19:16:41.169991+00:00,2026-08-19T17:00:00+00:00,0.586,0.7,HIGH,SW  (200–230°),1.1951,2026-08-19T18:30:00+00:00,1.8,201.8,0.67,5.38,250.2,2026-08-19T19:11:55+00:00,0.723,1.34,rising,1.49,2026-08-19 22:13,0.38,2026-08-20 06:31,2.6,189,2.6,sideshore-S
2026-08-19T20:12:55.013188+00:00,2026-08-19T18:00:00+00:00,0.53,0.597,HIGH,S   (150–200°),1.126,2026-08-19T19:00:00+00:00,1.65,199.0,0.73,5.12,255.6,2026-08-19T20:11:55+00:00,0.66,1.49,rising,1.49,2026-08-19 22:13,0.38,2026-08-20 06:31,2.8,193,2.8,sideshore-S
2026-08-19T21:14:38.638130+00:00,2026-08-19T19:00:00+00:00,0.501,0.564,HIGH,S   (150–200°),1.126,2026-08-19T20:30:00+00:00,1.66,196.2,0.68,5.12,265.8,2026-08-19T21:11:55+00:00,0.636,1.56,rising,1.49,2026-08-19 22:13,0.38,2026-08-20 06:31,3.3,185,3.4,sideshore-S
2026-08-19T22:12:09.034190+00:00,2026-08-19T20:00:00+00:00,0.453,0.51,HIGH,S   (150–200°),1.126,2026-08-19T21:30:00+00:00,1.76,194.8,0.63,4.86,258.3,2026-08-19T22:11:55+00:00,0.61,1.63,rising,1.49,2026-08-19 22:13,0.38,2026-08-20 06:31,2.2,201,2.2,sideshore-S
2026-08-19T23:12:11.895182+00:00,2026-08-19T21:00:00+00:00,0.439,0.494,HIGH,S   (150–200°),1.126,2026-08-19T22:30:00+00:00,1.55,187.8,0.71,5.68,258.3,2026-08-19T23:11:55+00:00,0.564,1.63,falling,,,0.38,2026-08-20 06:31,2.5,223,2.4,sideshore-S
2026-08-20T00:31:21.860084+00:00,2026-08-19T23:00:00+00:00,0.514,0.578,HIGH,S   (150–200°),1.126,2026-08-19T23:30:00+00:00,1.52,194.8,0.81,5.68,256.4,2026-08-20T00:11:55+00:00,0.627,1.49,falling,1.48,2026-08-20 23:24,0.38,2026-08-20 06:31,2.4,234,2.4,onshore
2026-08-20T02:09:30.491267+00:00,2026-08-20T00:00:00+00:00,0.603,0.679,HIGH,S   (150–200°),1.126,2026-08-20T01:30:00+00:00,1.63,185.0,0.95,5.12,262.7,2026-08-20T01:11:55+00:00,0.692,1.18,falling,1.48,2026-08-20 23:24,0.38,2026-08-20 06:31,1.6,173,1.7,sideshore-S
2026-08-20T03:36:20.813443+00:00,2026-08-20T02:00:00+00:00,0.714,0.853,HIGH,SW  (200–230°),1.1951,2026-08-20T03:00:00+00:00,1.67,215.9,0.99,5.68,263.3,2026-08-20T03:11:55+00:00,0.82,0.9,falling,1.48,2026-08-20 23:24,0.38,2026-08-20 06:31,2.2,164,2.1,sideshore-S
2026-08-20T04:24:47.940124+00:00,2026-08-20T03:00:00+00:00,0.741,0.828,MEDIUM,NW  (290–330°),1.1175,2026-08-20T03:30:00+00:00,1.53,322.8,0.94,5.68,255.2,2026-08-20T04:11:55+00:00,0.765,0.72,falling,1.48,2026-08-20 23:24,0.38,2026-08-20 06:31,3.0,148,3.7,sideshore-S
2026-08-20T05:20:12.702322+00:00,2026-08-20T03:00:00+00:00,0.741,0.886,HIGH,SW  (200–230°),1.1951,2026-08-20T04:30:00+00:00,1.72,203.2,0.9,5.68,255.3,2026-08-20T05:11:55+00:00,0.833,0.62,falling,1.48,2026-08-20 23:24,0.38,2026-08-20 06:31,2.3,149,3.3,sideshore-S
2026-08-20T06:22:45.977906+00:00,2026-08-20T05:00:00+00:00,0.793,0.846,MEDIUM,W   (230–260°),1.0669,2026-08-20T05:30:00+00:00,1.69,241.2,0.85,5.38,247.4,2026-08-20T06:11:55+00:00,0.896,0.53,falling,1.48,2026-08-20 23:24,0.38,2026-08-20 06:31,2.5,148,4.0,sideshore-S
2026-08-20T07:30:52.680950+00:00,2026-08-20T06:00:00+00:00,0.841,1.006,HIGH,SW  (200–230°),1.1951,2026-08-20T07:00:00+00:00,1.68,206.1,0.77,5.38,240.9,2026-08-20T07:11:55+00:00,0.907,0.54,rising,1.48,2026-08-20 23:24,,,2.0,123,5.3,offshore
2026-08-20T08:22:28.969017+00:00,2026-08-20T07:00:00+00:00,0.861,1.029,HIGH,SW  (200–230°),1.1951,2026-08-20T07:30:00+00:00,1.74,200.4,0.78,5.38,235.1,2026-08-20T08:11:55+00:00,0.921,0.6,rising,1.48,2026-08-20 23:24,0.27,2026-08-21 07:44,2.1,107,6.1,offshore
2026-08-20T09:21:22.700747+00:00,2026-08-20T07:00:00+00:00,0.861,0.962,MEDIUM,NW  (290–330°),1.1175,2026-08-20T08:30:00+00:00,1.69,320.0,0.77,6.02,234.8,2026-08-20T09:11:55+00:00,0.878,0.73,rising,1.48,2026-08-20 23:24,0.27,2026-08-21 07:44,2.2,103,5.0,offshore
2026-08-20T10:17:35.072278+00:00,2026-08-20T08:00:00+00:00,0.886,1.059,HIGH,SW  (200–230°),1.1951,2026-08-20T09:30:00+00:00,1.6,208.9,0.75,5.68,232.6,2026-08-20T10:11:55+00:00,0.932,0.85,rising,1.48,2026-08-20 23:24,0.27,2026-08-21 07:44,2.0,117,4.5,offshore
2026-08-20T11:15:29.248582+00:00,2026-08-20T09:00:00+00:00,0.764,0.914,HIGH,SW  (200–230°),1.1951,2026-08-20T10:30:00+00:00,1.62,207.5,0.7,5.68,237.5,2026-08-20T11:11:55+00:00,0.841,0.98,rising,1.48,2026-08-20 23:24,0.27,2026-08-21 07:44,1.8,90,4.4,offshore
2026-08-20T12:21:26.207892+00:00,2026-08-20T11:00:00+00:00,0.679,0.765,HIGH,S   (150–200°),1.126,2026-08-20T11:30:00+00:00,1.57,197.6,0.68,5.68,228.6,2026-08-20T12:11:55+00:00,0.759,1.01,rising,1.48,2026-08-20 23:24,0.27,2026-08-21 07:44,1.8,109,4.2,offshore
2026-08-20T13:37:06.433198+00:00,2026-08-20T12:00:00+00:00,0.707,0.79,MEDIUM,NW  (290–330°),1.1175,2026-08-20T13:00:00+00:00,1.56,318.6,0.71,6.02,235.4,2026-08-20T13:11:55+00:00,0.748,1.08,rising,1.48,2026-08-20 23:24,0.27,2026-08-21 07:44,1.3,58,2.2,offshore
2026-08-20T14:23:44.357437+00:00,2026-08-20T13:00:00+00:00,0.671,0.802,HIGH,SW  (200–230°),1.1951,2026-08-20T13:30:00+00:00,1.62,204.7,0.66,6.02,234.9,2026-08-20T14:11:55+00:00,0.768,1.09,rising,1.48,2026-08-20 23:24,0.27,2026-08-21 07:44,1.1,68,2.5,offshore
2026-08-20T15:21:59.445255+00:00,2026-08-20T13:00:00+00:00,0.671,0.75,MEDIUM,NW  (290–330°),1.1175,2026-08-20T14:30:00+00:00,1.39,315.8,0.7,5.68,237.6,2026-08-20T15:11:55+00:00,0.706,1.11,rising,1.48,2026-08-20 23:24,0.27,2026-08-21 07:44,1.7,90,2.7,offshore
2026-08-20T16:19:48.026578+00:00,2026-08-20T14:00:00+00:00,0.6,0.67,MEDIUM,NW  (290–330°),1.1175,2026-08-20T15:30:00+00:00,1.54,318.6,0.66,5.68,236.7,2026-08-20T16:11:55+00:00,0.666,1.07,falling,1.48,2026-08-20 23:24,0.27,2026-08-21 07:44,1.4,138,1.9,sideshore-S
2026-08-20T17:17:29.132243+00:00,2026-08-20T15:00:00+00:00,0.568,0.634,MEDIUM,NW  (290–330°),1.1175,2026-08-20T16:30:00+00:00,1.65,317.2,0.69,5.38,232.9,2026-08-20T17:11:55+00:00,0.658,1.14,rising,1.48,2026-08-20 23:24,0.27,2026-08-21 07:44,2.2,170,2.3,sideshore-S
2026-08-20T18:19:47.125973+00:00,2026-08-20T16:00:00+00:00,0.552,0.617,MEDIUM,NW  (290–330°),1.1175,2026-08-20T17:30:00+00:00,1.63,318.6,0.72,4.64,254.9,2026-08-20T18:12:05+00:00,0.642,1.13,rising,1.48,2026-08-20 23:24,0.27,2026-08-21 07:44,1.9,192,2.0,sideshore-S
2026-08-20T19:21:44.964630+00:00,2026-08-20T17:00:00+00:00,0.495,0.553,MEDIUM,NW  (290–330°),1.1175,2026-08-20T18:30:00+00:00,1.64,321.4,0.64,5.38,249.3,2026-08-20T19:11:55+00:00,0.596,1.25,rising,1.48,2026-08-20 23:24,0.27,2026-08-21 07:44,2.7,219,2.8,sideshore-S
2026-08-20T20:15:11.014760+00:00,2026-08-20T18:00:00+00:00,0.49,0.586,HIGH,SW  (200–230°),1.1951,2026-08-20T19:30:00+00:00,1.56,207.5,0.64,5.38,249.3,2026-08-20T19:11:55+00:00,0.63,1.34,rising,1.48,2026-08-20 23:24,0.27,2026-08-21 07:44,2.7,216,2.7,sideshore-S
2026-08-20T21:16:32.255797+00:00,2026-08-20T19:00:00+00:00,0.488,0.545,MEDIUM,NW  (290–330°),1.1175,2026-08-20T20:30:00+00:00,1.59,318.6,,,,,0.59,1.49,rising,1.48,2026-08-20 23:24,0.27,2026-08-21 07:44,3.0,206,3.1,sideshore-S
2026-08-20T22:14:32.074097+00:00,2026-08-20T20:00:00+00:00,0.484,0.579,HIGH,SW  (200–230°),1.1951,2026-08-20T21:30:00+00:00,1.45,204.7,0.63,5.38,246.7,2026-08-20T21:27:31+00:00,0.609,1.57,rising,1.48,2026-08-20 23:24,0.27,2026-08-21 07:44,2.5,230,2.5,onshore
2026-08-20T23:14:11.804092+00:00,2026-08-20T21:00:00+00:00,0.5,0.598,HIGH,SW  (200–230°),1.1951,2026-08-20T22:30:00+00:00,1.5,200.4,0.63,5.38,252.3,2026-08-20T22:27:31+00:00,0.621,1.65,rising,1.48,2026-08-20 23:24,0.27,2026-08-21 07:44,2.3,214,2.3,sideshore-S
2026-08-21T00:33:58.071588+00:00,2026-08-20T23:00:00+00:00,0.515,0.616,HIGH,SW  (200–230°),1.1951,2026-08-21T00:00:00+00:00,1.41,203.2,0.68,5.12,283.8,2026-08-21T00:27:31+00:00,0.625,1.62,falling,,,0.27,2026-08-21 07:44,1.5,169,1.5,sideshore-S
2026-08-21T02:15:36.206114+00:00,2026-08-21T00:00:00+00:00,0.549,0.619,HIGH,S   (150–200°),1.126,2026-08-21T01:30:00+00:00,1.4,197.6,0.74,5.38,281.3,2026-08-21T01:27:31+00:00,0.642,1.38,falling,1.51,2026-08-22 00:37,0.27,2026-08-21 07:44,1.8,174,2.0,sideshore-S
2026-08-21T03:39:49.484438+00:00,2026-08-21T02:00:00+00:00,0.592,0.666,HIGH,S   (150–200°),1.126,2026-08-21T03:00:00+00:00,1.37,193.4,0.7,5.38,267.6,2026-08-21T03:27:31+00:00,0.664,1.08,falling,1.51,2026-08-22 00:37,0.27,2026-08-21 07:44,3.0,131,3.9,offshore
2026-08-21T04:26:21.559994+00:00,2026-08-21T03:00:00+00:00,0.633,0.713,HIGH,S   (150–200°),1.126,2026-08-21T03:30:00+00:00,1.36,190.6,0.7,5.38,267.6,2026-08-21T03:27:31+00:00,0.69,0.89,falling,1.51,2026-08-22 00:37,0.27,2026-08-21 07:44,2.9,125,4.2,offshore
2026-08-21T05:21:48.260755+00:00,2026-08-21T04:00:00+00:00,0.687,0.733,MEDIUM,W   (230–260°),1.0669,2026-08-21T04:30:00+00:00,1.42,241.2,0.69,5.12,255.7,2026-08-21T04:27:31+00:00,0.782,0.67,falling,1.51,2026-08-22 00:37,0.27,2026-08-21 07:44,1.7,130,3.0,offshore
2026-08-21T06:23:09.378615+00:00,2026-08-21T05:00:00+00:00,0.729,0.82,HIGH,S   (150–200°),1.126,2026-08-21T05:30:00+00:00,1.41,180.8,0.76,5.68,270.8,2026-08-21T05:27:31+00:00,0.751,0.58,falling,1.51,2026-08-22 00:37,0.27,2026-08-21 07:44,1.6,153,1.9,sideshore-S
2026-08-21T08:24:20.196797+00:00,2026-08-21T07:00:00+00:00,0.766,0.915,HIGH,SW  (200–230°),1.1951,2026-08-21T07:30:00+00:00,1.45,220.1,0.66,5.68,259.6,2026-08-21T07:27:31+00:00,0.833,0.45,rising,1.51,2026-08-22 00:37,,,1.5,132,4.4,offshore
2026-08-21T09:23:30.051642+00:00,2026-08-21T08:00:00+00:00,0.718,0.809,HIGH,S   (150–200°),1.126,2026-08-21T08:30:00+00:00,1.47,190.6,0.61,5.38,256.0,2026-08-21T08:27:31+00:00,0.765,0.5,rising,1.51,2026-08-22 00:37,0.17,2026-08-22 08:36,1.3,122,3.2,offshore
2026-08-21T11:15:04.199049+00:00,2026-08-21T09:00:00+00:00,0.689,0.823,HIGH,SW  (200–230°),1.1951,2026-08-21T10:30:00+00:00,1.62,204.7,0.68,5.68,241.8,2026-08-21T10:27:31+00:00,0.781,0.78,rising,1.51,2026-08-22 00:37,0.17,2026-08-22 08:36,1.8,109,5.0,offshore
2026-08-21T12:21:03.667495+00:00,2026-08-21T10:00:00+00:00,0.657,0.786,HIGH,SW  (200–230°),1.1951,2026-08-21T11:30:00+00:00,1.71,222.9,0.66,5.12,239.6,2026-08-21T11:27:31+00:00,0.786,0.97,rising,1.51,2026-08-22 00:37,0.17,2026-08-22 08:36,1.6,90,2.7,offshore
2026-08-21T13:36:04.382383+00:00,2026-08-21T12:00:00+00:00,0.634,0.709,MEDIUM,NW  (290–330°),1.1175,2026-08-21T13:00:00+00:00,1.53,321.4,0.6,5.12,235.0,2026-08-21T13:27:31+00:00,0.685,1.07,rising,1.51,2026-08-22 00:37,0.17,2026-08-22 08:36,1.6,128,2.7,offshore
2026-08-21T14:22:27.375492+00:00,2026-08-21T13:00:00+00:00,0.65,0.726,MEDIUM,NW  (290–330°),1.1175,2026-08-21T13:30:00+00:00,1.58,320.0,0.6,5.12,235.0,2026-08-21T13:27:31+00:00,0.705,1.14,rising,1.51,2026-08-22 00:37,0.17,2026-08-22 08:36,1.6,125,2.2,offshore
2026-08-21T15:21:46.033089+00:00,2026-08-21T13:00:00+00:00,0.65,0.726,MEDIUM,NW  (290–330°),1.1175,2026-08-21T14:30:00+00:00,1.58,320.0,0.62,4.86,239.0,2026-08-21T14:27:31+00:00,0.705,1.19,rising,1.51,2026-08-22 00:37,0.17,2026-08-22 08:36,1.5,160,1.6,sideshore-S
2026-08-21T16:17:52.600449+00:00,2026-08-21T14:00:00+00:00,0.632,0.712,HIGH,S   (150–200°),1.126,2026-08-21T15:30:00+00:00,1.5,196.2,0.67,5.12,261.8,2026-08-21T15:27:31+00:00,0.713,1.16,rising,1.51,2026-08-22 00:37,0.17,2026-08-22 08:36,1.6,137,1.8,sideshore-S
2026-08-21T18:19:28.245313+00:00,2026-08-21T16:00:00+00:00,0.485,0.542,MEDIUM,NW  (290–330°),1.1175,2026-08-21T17:30:00+00:00,1.49,318.6,0.62,5.12,252.6,2026-08-21T17:27:31+00:00,0.575,1.19,rising,1.51,2026-08-22 00:37,0.17,2026-08-22 08:36,2.0,195,2.1,sideshore-S
2026-08-21T19:17:53.031440+00:00,2026-08-21T17:00:00+00:00,0.49,0.547,MEDIUM,NW  (290–330°),1.1175,2026-08-21T18:30:00+00:00,1.43,315.8,0.57,5.12,244.0,2026-08-21T18:27:31+00:00,0.575,1.22,rising,1.51,2026-08-22 00:37,0.17,2026-08-22 08:36,2.2,231,2.3,onshore
2026-08-21T20:12:02.972236+00:00,2026-08-21T18:00:00+00:00,0.481,0.538,MEDIUM,NW  (290–330°),1.1175,2026-08-21T19:30:00+00:00,1.53,325.6,0.56,4.64,256.5,2026-08-21T19:27:31+00:00,0.565,1.22,rising,1.51,2026-08-22 00:37,0.17,2026-08-22 08:36,2.5,225,2.7,onshore
2026-08-21T21:12:17.701004+00:00,2026-08-21T19:00:00+00:00,0.48,0.536,MEDIUM,NW  (290–330°),1.1175,2026-08-21T20:30:00+00:00,1.5,321.4,0.5,5.38,245.3,2026-08-21T20:27:31+00:00,0.568,1.31,rising,1.51,2026-08-22 00:37,0.17,2026-08-22 08:36,2.4,237,2.5,onshore
2026-08-21T22:11:16.740449+00:00,2026-08-21T20:00:00+00:00,0.47,0.525,MEDIUM,NW  (290–330°),1.1175,2026-08-21T21:30:00+00:00,1.58,321.4,0.43,5.68,249.0,2026-08-21T21:27:41+00:00,0.57,1.46,rising,1.51,2026-08-22 00:37,0.17,2026-08-22 08:36,2.8,232,2.9,onshore
2026-08-21T23:12:19.566512+00:00,2026-08-21T21:00:00+00:00,0.473,0.529,MEDIUM,NW  (290–330°),1.1175,2026-08-21T22:30:00+00:00,1.52,318.6,0.43,5.12,259.8,2026-08-21T23:11:31+00:00,0.57,1.56,rising,1.51,2026-08-22 00:37,0.17,2026-08-22 08:36,2.2,223,2.2,sideshore-S
2026-08-22T00:31:18.056820+00:00,2026-08-21T23:00:00+00:00,0.527,0.589,MEDIUM,NW  (290–330°),1.1175,2026-08-22T00:00:00+00:00,1.55,318.6,0.52,5.12,286.3,2026-08-22T00:11:31+00:00,0.613,1.69,rising,1.51,2026-08-22 00:37,0.17,2026-08-22 08:36,1.9,235,2.3,onshore
2026-08-22T02:07:18.463654+00:00,2026-08-22T00:00:00+00:00,0.546,0.611,MEDIUM,NW  (290–330°),1.1175,2026-08-22T01:30:00+00:00,1.53,318.6,0.63,5.12,285.9,2026-08-22T01:11:31+00:00,0.624,1.58,falling,1.09,2026-08-22 16:00,0.17,2026-08-22 08:36,1.2,239,2.7,onshore
2026-08-22T04:20:28.436865+00:00,2026-08-22T02:00:00+00:00,0.581,0.649,MEDIUM,NW  (290–330°),1.1175,2026-08-22T03:30:00+00:00,1.65,312.9,0.72,5.68,287.0,2026-08-22T03:53:01+00:00,0.674,1.14,falling,1.09,2026-08-22 16:00,0.17,2026-08-22 08:36,2.1,158,2.3,sideshore-S
2026-08-22T05:15:40.514617+00:00,2026-08-22T03:00:00+00:00,0.66,0.738,MEDIUM,NW  (290–330°),1.1175,2026-08-22T04:30:00+00:00,1.8,320.0,0.69,5.38,263.3,2026-08-22T04:53:01+00:00,0.739,0.92,falling,1.09,2026-08-22 16:00,0.17,2026-08-22 08:36,2.3,155,3.1,sideshore-S
2026-08-22T06:18:11.778488+00:00,2026-08-22T04:00:00+00:00,0.732,0.818,MEDIUM,NW  (290–330°),1.1175,2026-08-22T05:30:00+00:00,1.81,314.3,0.66,6.02,265.9,2026-08-22T05:53:01+00:00,0.802,0.63,falling,1.09,2026-08-22 16:00,0.17,2026-08-22 08:36,2.1,145,3.1,sideshore-S
2026-08-22T07:21:46.502769+00:00,2026-08-22T05:00:00+00:00,0.779,0.87,MEDIUM,NW  (290–330°),1.1175,2026-08-22T06:30:00+00:00,1.77,310.1,0.63,3.92,225.6,2026-08-22T06:53:01+00:00,0.838,0.44,falling,1.09,2026-08-22 16:00,0.17,2026-08-22 08:36,2.5,133,4.4,offshore
2026-08-22T08:15:13.248894+00:00,2026-08-22T06:00:00+00:00,0.797,0.891,MEDIUM,NW  (290–330°),1.1175,2026-08-22T07:30:00+00:00,1.9,311.5,0.6,4.64,159.0,2026-08-22T07:53:01+00:00,0.865,0.38,falling,1.09,2026-08-22 16:00,0.17,2026-08-22 08:36,2.7,121,6.0,offshore
2026-08-22T09:15:35.411049+00:00,2026-08-22T07:00:00+00:00,0.804,0.899,MEDIUM,NW  (290–330°),1.1175,2026-08-22T08:30:00+00:00,1.85,314.3,0.6,4.64,197.3,2026-08-22T08:53:01+00:00,0.858,0.31,falling,1.09,2026-08-22 16:00,0.99,2026-08-22 19:19,2.2,117,5.9,offshore
2026-08-22T10:10:41.872672+00:00,2026-08-22T08:00:00+00:00,0.719,0.804,MEDIUM,NW  (290–330°),1.1175,2026-08-22T09:30:00+00:00,1.83,317.2,0.58,5.12,212.9,2026-08-22T09:53:01+00:00,0.788,0.4,rising,1.09,2026-08-22 16:00,0.99,2026-08-22 19:19,2.4,112,6.0,offshore
2026-08-22T11:09:52.382949+00:00,2026-08-22T09:00:00+00:00,0.685,0.765,MEDIUM,NW  (290–330°),1.1175,2026-08-22T10:30:00+00:00,1.72,312.9,0.58,4.26,218.3,2026-08-22T10:53:01+00:00,0.756,0.57,rising,1.09,2026-08-22 16:00,0.99,2026-08-22 19:19,2.6,54,4.3,offshore
2026-08-22T13:22:49.775398+00:00,2026-08-22T12:00:00+00:00,0.604,0.675,MEDIUM,NW  (290–330°),1.1175,2026-08-22T12:30:00+00:00,1.78,318.6,0.56,5.38,238.3,2026-08-22T12:53:01+00:00,0.695,1.02,rising,1.09,2026-08-22 16:00,0.99,2026-08-22 19:19,1.3,23,1.6,sideshore-N
2026-08-22T14:09:23.563561+00:00,2026-08-22T12:00:00+00:00,0.604,0.675,MEDIUM,NW  (290–330°),1.1175,2026-08-22T13:30:00+00:00,1.95,317.2,0.56,4.86,225.5,2026-08-22T13:53:01+00:00,0.719,1.09,rising,1.09,2026-08-22 16:00,0.99,2026-08-22 19:19,0.3,315,0.7,onshore
2026-08-22T15:08:51.242493+00:00,2026-08-22T13:00:00+00:00,0.596,0.666,MEDIUM,NW  (290–330°),1.1175,2026-08-22T14:30:00+00:00,1.88,321.4,0.56,5.12,239.7,2026-08-22T14:53:01+00:00,0.696,1.21,rising,1.09,2026-08-22 16:00,0.99,2026-08-22 19:19,0.4,56,0.8,offshore
2026-08-22T16:09:25.834098+00:00,2026-08-22T14:00:00+00:00,0.559,0.625,MEDIUM,NW  (290–330°),1.1175,2026-08-22T15:00:00+00:00,1.88,317.2,0.57,4.26,239.2,2026-08-22T16:08:49+00:00,0.677,1.25,rising,1.58,2026-08-23 01:35,0.99,2026-08-22 19:19,0.9,174,1.0,sideshore-S
2026-08-22T17:09:53.328394+00:00,2026-08-22T15:00:00+00:00,0.533,0.596,MEDIUM,NW  (290–330°),1.1175,2026-08-22T16:30:00+00:00,1.78,312.9,0.64,5.12,225.2,2026-08-22T17:08:49+00:00,0.652,1.2,falling,1.58,2026-08-23 01:35,0.99,2026-08-22 19:19,2.3,160,2.5,sideshore-S
2026-08-22T18:11:56.387564+00:00,2026-08-22T16:00:00+00:00,0.546,0.611,MEDIUM,NW  (290–330°),1.1175,2026-08-22T17:30:00+00:00,1.98,317.2,0.72,5.38,250.4,2026-08-22T18:08:49+00:00,0.68,1.17,falling,1.58,2026-08-23 01:35,0.99,2026-08-22 19:19,2.5,180,2.4,sideshore-S
2026-08-22T20:09:09.126585+00:00,2026-08-22T18:00:00+00:00,0.561,0.627,MEDIUM,NW  (290–330°),1.1175,2026-08-22T19:30:00+00:00,1.9,317.2,0.68,4.64,242.6,2026-08-22T20:08:49+00:00,0.68,1.12,falling,1.58,2026-08-23 01:35,0.08,2026-08-23 09:16,2.0,198,2.0,sideshore-S
2026-08-22T21:10:09.569895+00:00,2026-08-22T19:00:00+00:00,0.536,0.599,MEDIUM,NW  (290–330°),1.1175,2026-08-22T20:30:00+00:00,1.81,312.9,0.63,4.64,255.1,2026-08-22T21:08:49+00:00,0.659,1.2,rising,1.58,2026-08-23 01:35,0.08,2026-08-23 09:16,2.1,208,2.1,sideshore-S
2026-08-22T22:09:23.665826+00:00,2026-08-22T20:00:00+00:00,0.577,0.645,MEDIUM,NW  (290–330°),1.1175,2026-08-22T21:30:00+00:00,1.76,321.4,0.71,4.86,246.0,2026-08-22T22:08:49+00:00,0.668,1.35,rising,1.58,2026-08-23 01:35,0.08,2026-08-23 09:16,2.1,208,2.2,sideshore-S
2026-08-22T23:09:22.678313+00:00,2026-08-22T21:00:00+00:00,0.56,0.626,MEDIUM,NW  (290–330°),1.1175,2026-08-22T22:30:00+00:00,1.92,315.8,0.76,5.38,272.4,2026-08-22T23:08:49+00:00,0.685,1.49,rising,1.58,2026-08-23 01:35,0.08,2026-08-23 09:16,2.0,221,2.0,sideshore-S
2026-08-23T00:33:59.115428+00:00,2026-08-22T23:00:00+00:00,0.559,0.625,MEDIUM,NW  (290–330°),1.1175,2026-08-23T00:00:00+00:00,1.76,317.2,0.77,4.64,264.1,2026-08-23T00:25:25+00:00,0.662,1.72,rising,1.58,2026-08-23 01:35,0.08,2026-08-23 09:16,2.1,221,2.0,sideshore-S
2026-08-23T02:16:44.059691+00:00,2026-08-23T00:00:00+00:00,0.57,0.637,MEDIUM,NW  (290–330°),1.1175,2026-08-23T01:30:00+00:00,1.96,318.6,0.74,5.38,250.8,2026-08-23T01:25:25+00:00,0.692,1.7,falling,1.14,2026-08-23 16:15,0.08,2026-08-23 09:16,2.0,225,2.3,onshore
2026-08-23T03:39:37.248023+00:00,2026-08-23T02:00:00+00:00,0.713,0.797,MEDIUM,NW  (290–330°),1.1175,2026-08-23T03:00:00+00:00,1.94,315.8,0.79,4.64,252.1,2026-08-23T03:25:25+00:00,0.799,1.55,falling,1.14,2026-08-23 16:15,0.08,2026-08-23 09:16,2.8,150,3.0,sideshore-S
2026-08-23T04:25:25.524714+00:00,2026-08-23T03:00:00+00:00,0.738,0.825,MEDIUM,NW  (290–330°),1.1175,2026-08-23T03:30:00+00:00,1.86,320.0,0.8,5.12,252.6,2026-08-23T04:25:25+00:00,0.8,1.35,falling,1.14,2026-08-23 16:15,0.08,2026-08-23 09:16,2.8,157,3.3,sideshore-S
2026-08-23T05:18:37.185719+00:00,2026-08-23T03:00:00+00:00,0.738,0.825,MEDIUM,NW  (290–330°),1.1175,2026-08-23T04:30:00+00:00,1.92,312.9,0.8,5.12,252.6,2026-08-23T04:25:25+00:00,0.819,1.14,falling,1.14,2026-08-23 16:15,0.08,2026-08-23 09:16,1.8,151,2.3,sideshore-S
2026-08-23T06:19:50.804556+00:00,2026-08-23T04:00:00+00:00,0.797,0.891,MEDIUM,NW  (290–330°),1.1175,2026-08-23T05:30:00+00:00,1.97,311.5,0.92,4.86,256.3,2026-08-23T05:25:25+00:00,0.87,0.8,falling,1.14,2026-08-23 16:15,0.08,2026-08-23 09:16,1.3,171,1.8,sideshore-S
2026-08-23T07:23:52.245835+00:00,2026-08-23T06:00:00+00:00,0.818,0.914,MEDIUM,NW  (290–330°),1.1175,2026-08-23T06:30:00+00:00,1.99,317.2,0.92,4.86,248.8,2026-08-23T06:25:25+00:00,0.878,0.48,falling,1.14,2026-08-23 16:15,0.08,2026-08-23 09:16,1.1,195,1.2,sideshore-S
2026-08-23T08:15:41.617554+00:00,2026-08-23T06:00:00+00:00,0.818,0.914,MEDIUM,NW  (290–330°),1.1175,2026-08-23T07:30:00+00:00,2.07,321.4,0.84,5.12,265.0,2026-08-23T07:25:25+00:00,0.881,0.34,falling,1.14,2026-08-23 16:15,0.08,2026-08-23 09:16,1.5,157,2.4,sideshore-S
2026-08-23T09:15:50.576561+00:00,2026-08-23T07:00:00+00:00,0.772,0.862,MEDIUM,NW  (290–330°),1.1175,2026-08-23T08:30:00+00:00,2.02,318.6,0.78,4.86,248.5,2026-08-23T08:25:25+00:00,0.846,0.22,falling,1.14,2026-08-23 16:15,0.08,2026-08-23 09:16,2.1,121,4.1,offshore
2026-08-23T11:10:33.817682+00:00,2026-08-23T09:00:00+00:00,0.624,0.697,MEDIUM,NW  (290–330°),1.1175,2026-08-23T10:30:00+00:00,2.04,321.4,0.85,4.86,236.5,2026-08-23T10:25:25+00:00,0.737,0.4,rising,1.14,2026-08-23 16:15,0.92,2026-08-23 20:13,1.8,61,4.2,offshore
2026-08-23T12:15:14.975928+00:00,2026-08-23T10:00:00+00:00,0.622,0.695,MEDIUM,NW  (290–330°),1.1175,2026-08-23T11:30:00+00:00,1.9,321.4,0.8,5.38,240.4,2026-08-23T11:25:25+00:00,0.718,0.67,rising,1.14,2026-08-23 16:15,0.92,2026-08-23 20:13,1.9,99,3.7,offshore
2026-08-23T13:23:54.420306+00:00,2026-08-23T12:00:00+00:00,0.646,0.722,MEDIUM,NW  (290–330°),1.1175,2026-08-23T12:30:00+00:00,2.23,311.5,0.71,5.68,243.7,2026-08-23T12:25:25+00:00,0.794,0.95,rising,1.14,2026-08-23 16:15,0.92,2026-08-23 20:13,1.8,121,3.4,offshore
2026-08-23T14:11:59.608249+00:00,2026-08-23T12:00:00+00:00,0.646,0.722,MEDIUM,NW  (290–330°),1.1175,2026-08-23T13:30:00+00:00,2.02,315.8,0.71,4.86,244.2,2026-08-23T13:25:25+00:00,0.76,1.11,rising,1.14,2026-08-23 16:15,0.92,2026-08-23 20:13,1.2,125,2.4,offshore
2026-08-23T15:09:56.983857+00:00,2026-08-23T13:00:00+00:00,0.681,0.761,MEDIUM,NW  (290–330°),1.1175,2026-08-23T14:30:00+00:00,2.07,314.3,0.67,5.38,240.3,2026-08-23T14:25:25+00:00,0.794,1.29,rising,1.14,2026-08-23 16:15,0.92,2026-08-23 20:13,1.5,138,1.7,sideshore-S
2026-08-23T16:10:48.979367+00:00,2026-08-23T14:00:00+00:00,0.676,0.755,MEDIUM,NW  (290–330°),1.1175,2026-08-23T15:30:00+00:00,2.19,315.8,0.67,5.12,244.5,2026-08-23T15:25:25+00:00,0.803,1.3,rising,1.14,2026-08-23 16:15,0.92,2026-08-23 20:13,1.5,176,1.5,sideshore-S
2026-08-23T17:10:52.108688+00:00,2026-08-23T15:00:00+00:00,0.605,0.676,MEDIUM,NW  (290–330°),1.1175,2026-08-23T16:30:00+00:00,2.29,315.8,0.66,5.12,250.7,2026-08-23T16:25:25+00:00,0.764,1.29,falling,1.66,2026-08-24 02:23,0.92,2026-08-23 20:13,2.1,188,2.1,sideshore-S
2026-08-23T18:11:33.970528+00:00,2026-08-23T16:00:00+00:00,0.574,0.642,MEDIUM,NW  (290–330°),1.1175,2026-08-23T17:30:00+00:00,2.16,314.3,0.64,5.68,248.5,2026-08-23T18:04:49+00:00,0.727,1.22,falling,1.66,2026-08-24 02:23,0.92,2026-08-23 20:13,1.8,202,1.9,sideshore-S
2026-08-23T20:08:43.168513+00:00,2026-08-23T18:00:00+00:00,0.502,0.561,MEDIUM,NW  (290–330°),1.1175,2026-08-23T19:30:00+00:00,2.03,320.0,0.65,5.12,263.0,2026-08-23T20:04:49+00:00,0.65,1.07,falling,1.66,2026-08-24 02:23,0.92,2026-08-23 20:13,2.4,235,2.6,onshore
2026-08-23T21:09:57.528431+00:00,2026-08-23T19:00:00+00:00,0.484,0.54,MEDIUM,NW  (290–330°),1.1175,2026-08-23T20:30:00+00:00,2.07,315.8,0.6,4.86,255.4,2026-08-23T21:04:49+00:00,0.648,1.14,rising,1.66,2026-08-24 02:23,0.01,2026-08-24 09:49,2.3,221,2.3,sideshore-S
2026-08-23T22:08:53.942608+00:00,2026-08-23T20:00:00+00:00,0.5,0.559,MEDIUM,NW  (290–330°),1.1175,2026-08-23T21:30:00+00:00,1.93,312.9,0.63,7.86,236.4,2026-08-23T22:04:49+00:00,0.647,1.24,rising,1.66,2026-08-24 02:23,0.01,2026-08-24 09:49,2.0,229,2.0,onshore
2026-08-23T23:09:48.156474+00:00,2026-08-23T21:00:00+00:00,0.518,0.579,MEDIUM,NW  (290–330°),1.1175,2026-08-23T22:30:00+00:00,1.99,312.9,0.6,4.86,257.6,2026-08-23T23:04:49+00:00,0.668,1.38,rising,1.66,2026-08-24 02:23,0.01,2026-08-24 09:49,2.2,234,2.3,onshore
2026-08-24T00:33:01.329962+00:00,2026-08-23T23:00:00+00:00,0.59,0.66,MEDIUM,NW  (290–330°),1.1175,2026-08-24T00:00:00+00:00,1.86,312.9,0.61,4.86,255.2,2026-08-24T00:04:49+00:00,0.703,1.61,rising,1.66,2026-08-24 02:23,0.01,2026-08-24 09:49,2.0,198,2.0,sideshore-S
2026-08-24T02:14:54.288216+00:00,2026-08-24T00:00:00+00:00,0.625,0.699,MEDIUM,NW  (290–330°),1.1175,2026-08-24T01:30:00+00:00,1.94,312.9,0.71,4.86,257.5,2026-08-24T02:04:49+00:00,0.739,1.86,rising,1.66,2026-08-24 02:23,0.01,2026-08-24 09:49,1.2,215,1.6,sideshore-S
2026-08-24T03:42:30.690160+00:00,2026-08-24T02:00:00+00:00,0.699,0.781,MEDIUM,NW  (290–330°),1.1175,2026-08-24T03:00:00+00:00,1.84,312.9,0.76,5.38,257.4,2026-08-24T03:04:49+00:00,0.779,1.79,falling,1.18,2026-08-24 16:29,0.01,2026-08-24 09:49,2.0,169,2.2,sideshore-S
2026-08-24T04:33:24.557457+00:00,2026-08-24T03:00:00+00:00,0.691,0.772,MEDIUM,NW  (290–330°),1.1175,2026-08-24T04:00:00+00:00,1.82,314.3,0.73,5.38,254.4,2026-08-24T04:04:49+00:00,0.769,1.55,falling,1.18,2026-08-24 16:29,0.01,2026-08-24 09:49,1.9,137,2.5,sideshore-S
2026-08-24T05:27:56.240525+00:00,2026-08-24T04:00:00+00:00,0.711,0.794,MEDIUM,NW  (290–330°),1.1175,2026-08-24T04:30:00+00:00,1.77,314.3,0.78,5.38,251.8,2026-08-24T05:04:49+00:00,0.777,1.32,falling,1.18,2026-08-24 16:29,0.01,2026-08-24 09:49,1.6,137,2.7,sideshore-S
2026-08-24T06:32:22.012626+00:00,2026-08-24T05:00:00+00:00,0.753,0.848,HIGH,S   (150–200°),1.126,2026-08-24T06:00:00+00:00,1.8,196.2,0.79,6.02,250.1,2026-08-24T06:04:49+00:00,0.836,0.93,falling,1.18,2026-08-24 16:29,0.01,2026-08-24 09:49,2.2,129,3.3,offshore
2026-08-24T07:48:03.003061+00:00,2026-08-24T06:00:00+00:00,0.791,0.891,HIGH,S   (150–200°),1.126,2026-08-24T07:00:00+00:00,1.74,177.9,0.8,5.68,251.6,2026-08-24T07:04:49+00:00,0.827,0.54,falling,1.18,2026-08-24 16:29,0.01,2026-08-24 09:49,2.4,120,4.6,offshore
2026-08-24T08:33:49.968910+00:00,2026-08-24T07:00:00+00:00,0.751,0.839,MEDIUM,NW  (290–330°),1.1175,2026-08-24T08:00:00+00:00,1.83,314.3,0.77,5.38,248.9,2026-08-24T08:04:49+00:00,0.813,0.31,falling,1.18,2026-08-24 16:29,0.01,2026-08-24 09:49,2.6,121,5.3,offshore
2026-08-24T09:34:01.315232+00:00,2026-08-24T08:00:00+00:00,0.711,0.8,HIGH,S   (150–200°),1.126,2026-08-24T09:00:00+00:00,1.82,185.0,0.72,5.68,248.3,2026-08-24T09:04:49+00:00,0.791,0.21,falling,1.18,2026-08-24 16:29,0.01,2026-08-24 09:49,1.8,112,4.8,offshore
2026-08-24T10:25:56.045126+00:00,2026-08-24T09:00:00+00:00,0.71,0.794,MEDIUM,NW  (290–330°),1.1175,2026-08-24T09:30:00+00:00,1.95,314.3,0.67,5.68,242.6,2026-08-24T10:04:49+00:00,0.799,0.21,rising,1.18,2026-08-24 16:29,0.83,2026-08-24 20:53,1.9,115,4.4,offshore
2026-08-24T12:21:40.561376+00:00,2026-08-24T11:00:00+00:00,0.688,0.769,MEDIUM,NW  (290–330°),1.1175,2026-08-24T11:30:00+00:00,1.67,321.4,0.75,6.4,243.6,2026-08-24T12:04:49+00:00,0.735,0.53,rising,1.18,2026-08-24 16:29,0.83,2026-08-24 20:53,1.6,117,3.5,offshore
2026-08-24T13:40:34.827141+00:00,2026-08-24T12:00:00+00:00,0.669,0.747,MEDIUM,NW  (290–330°),1.1175,2026-08-24T13:00:00+00:00,1.57,315.8,0.66,5.68,251.5,2026-08-24T13:04:49+00:00,0.718,0.87,rising,1.18,2026-08-24 16:29,0.83,2026-08-24 20:53,1.4,135,2.9,offshore
2026-08-24T14:30:10.408955+00:00,2026-08-24T13:00:00+00:00,0.616,0.693,HIGH,S   (150–200°),1.126,2026-08-24T13:30:00+00:00,1.55,187.8,0.68,6.02,249.1,2026-08-24T14:04:49+00:00,0.692,1.11,rising,1.18,2026-08-24 16:29,0.83,2026-08-24 20:53,1.2,125,3.1,offshore
2026-08-24T15:27:38.644459+00:00,2026-08-24T14:00:00+00:00,0.585,0.659,HIGH,S   (150–200°),1.126,2026-08-24T14:30:00+00:00,1.53,189.2,0.68,6.02,249.1,2026-08-24T14:04:49+00:00,0.67,1.31,rising,1.18,2026-08-24 16:29,0.83,2026-08-24 20:53,2.1,145,2.4,sideshore-S
2026-08-24T16:21:41.538061+00:00,2026-08-24T15:00:00+00:00,0.576,0.648,HIGH,S   (150–200°),1.126,2026-08-24T15:30:00+00:00,1.64,185.0,,,,,0.67,1.35,rising,1.18,2026-08-24 16:29,0.83,2026-08-24 20:53,2.0,156,2.1,sideshore-S
2026-08-24T17:20:40.596084+00:00,2026-08-24T15:00:00+00:00,0.572,0.644,HIGH,S   (150–200°),1.126,2026-08-24T16:30:00+00:00,1.46,190.6,0.64,6.02,245.6,2026-08-24T17:11:01+00:00,0.654,1.31,falling,1.73,2026-08-25 03:03,0.83,2026-08-24 20:53,2.4,187,2.5,sideshore-S
2026-08-24T18:21:28.716035+00:00,2026-08-24T17:00:00+00:00,0.508,0.572,HIGH,S   (150–200°),1.126,2026-08-24T17:30:00+00:00,1.42,183.6,0.68,6.4,250.3,2026-08-24T18:11:01+00:00,0.592,1.22,falling,1.73,2026-08-25 03:03,0.83,2026-08-24 20:53,2.2,190,2.3,sideshore-S
2026-08-24T19:20:07.945637+00:00,2026-08-24T17:00:00+00:00,0.508,0.572,HIGH,S   (150–200°),1.126,2026-08-24T18:30:00+00:00,1.46,182.2,0.65,5.68,246.5,2026-08-24T19:11:01+00:00,0.595,1.1,falling,1.73,2026-08-25 03:03,0.83,2026-08-24 20:53,2.0,191,2.1,sideshore-S
2026-08-24T20:16:08.759475+00:00,2026-08-24T18:00:00+00:00,0.475,0.535,HIGH,S   (150–200°),1.126,2026-08-24T19:30:00+00:00,1.45,182.2,0.65,5.38,245.0,2026-08-24T20:11:01+00:00,0.569,1.04,falling,1.73,2026-08-25 03:03,0.83,2026-08-24 20:53,2.2,216,2.3,sideshore-S
2026-08-24T21:17:19.700579+00:00,2026-08-24T19:00:00+00:00,0.441,0.496,HIGH,S   (150–200°),1.126,2026-08-24T20:30:00+00:00,1.41,190.6,0.66,5.68,251.5,2026-08-24T21:11:01+00:00,0.553,0.99,falling,1.73,2026-08-25 03:03,-0.04,2026-08-25 10:18,2.4,225,2.4,onshore
2026-08-24T22:13:23.128557+00:00,2026-08-24T20:00:00+00:00,0.434,0.488,HIGH,S   (150–200°),1.126,2026-08-24T21:30:00+00:00,1.3,187.8,0.75,5.68,249.1,2026-08-24T22:11:01+00:00,0.53,1.09,rising,1.73,2026-08-25 03:03,-0.04,2026-08-25 10:18,2.1,225,2.2,onshore
2026-08-24T23:12:24.745430+00:00,2026-08-24T21:00:00+00:00,0.452,0.509,HIGH,S   (150–200°),1.126,2026-08-24T22:30:00+00:00,1.31,185.0,0.72,5.38,249.2,2026-08-24T23:11:01+00:00,0.54,1.23,rising,1.73,2026-08-25 03:03,-0.04,2026-08-25 10:18,2.1,242,2.2,onshore
2026-08-25T00:32:31.708711+00:00,2026-08-24T23:00:00+00:00,0.439,0.494,HIGH,S   (150–200°),1.126,2026-08-25T00:00:00+00:00,1.31,187.8,0.67,5.12,250.3,2026-08-25T00:11:01+00:00,0.536,1.55,rising,1.73,2026-08-25 03:03,-0.04,2026-08-25 10:18,2.5,244,3.4,onshore
2026-08-25T02:10:45.284656+00:00,2026-08-25T00:00:00+00:00,0.421,0.474,HIGH,S   (150–200°),1.126,2026-08-25T01:30:00+00:00,1.4,189.2,0.63,4.86,252.1,2026-08-25T02:11:01+00:00,0.537,1.86,rising,1.73,2026-08-25 03:03,-0.04,2026-08-25 10:18,1.6,227,1.9,onshore
2026-08-25T03:37:53.987546+00:00,2026-08-25T02:00:00+00:00,0.44,0.495,HIGH,S   (150–200°),1.126,2026-08-25T03:00:00+00:00,1.48,193.4,0.7,5.38,249.9,2026-08-25T03:11:01+00:00,0.567,1.93,rising,1.22,2026-08-25 16:45,-0.04,2026-08-25 10:18,1.6,202,1.6,sideshore-S
2026-08-25T04:26:43.388655+00:00,2026-08-25T03:00:00+00:00,0.546,0.614,HIGH,S   (150–200°),1.126,2026-08-25T03:30:00+00:00,1.4,186.4,0.75,5.68,252.8,2026-08-25T04:11:01+00:00,0.622,1.81,falling,1.22,2026-08-25 16:45,-0.04,2026-08-25 10:18,1.8,211,1.7,sideshore-S
2026-08-25T05:21:57.084293+00:00,2026-08-25T04:00:00+00:00,0.661,0.744,HIGH,S   (150–200°),1.126,2026-08-25T04:30:00+00:00,1.51,185.0,0.78,5.38,250.0,2026-08-25T05:11:01+00:00,0.717,1.6,falling,1.22,2026-08-25 16:45,-0.04,2026-08-25 10:18,1.8,167,2.0,sideshore-S
2026-08-25T06:23:29.225570+00:00,2026-08-25T05:00:00+00:00,0.695,0.783,HIGH,S   (150–200°),1.126,2026-08-25T05:30:00+00:00,1.47,187.8,0.76,6.02,248.4,2026-08-25T06:11:01+00:00,0.742,1.21,falling,1.22,2026-08-25 16:45,-0.04,2026-08-25 10:18,1.7,155,2.6,sideshore-S
2026-08-25T07:34:21.772701+00:00,2026-08-25T06:00:00+00:00,0.708,0.798,HIGH,S   (150–200°),1.126,2026-08-25T07:00:00+00:00,1.54,177.9,0.67,5.38,247.6,2026-08-25T07:11:01+00:00,0.745,0.76,falling,1.22,2026-08-25 16:45,-0.04,2026-08-25 10:18,2.5,133,3.6,offshore
2026-08-25T08:27:11.385279+00:00,2026-08-25T07:00:00+00:00,0.722,0.813,HIGH,S   (150–200°),1.126,2026-08-25T07:30:00+00:00,1.46,186.4,0.71,5.12,251.4,2026-08-25T08:11:01+00:00,0.757,0.46,falling,1.22,2026-08-25 16:45,-0.04,2026-08-25 10:18,2.2,117,4.6,offshore
2026-08-25T09:22:48.322049+00:00,2026-08-25T07:00:00+00:00,0.722,0.813,HIGH,S   (150–200°),1.126,2026-08-25T08:30:00+00:00,1.54,179.3,0.68,5.12,242.8,2026-08-25T09:11:01+00:00,0.756,0.23,falling,1.22,2026-08-25 16:45,-0.04,2026-08-25 10:18,2.3,121,4.8,offshore
2026-08-25T10:19:29.712776+00:00,2026-08-25T08:00:00+00:00,0.741,0.835,HIGH,S   (150–200°),1.126,2026-08-25T09:30:00+00:00,1.64,197.6,0.63,4.86,245.9,2026-08-25T10:11:01+00:00,0.81,0.15,falling,1.22,2026-08-25 16:45,0.74,2026-08-25 21:28,3.4,109,6.7,offshore
2026-08-25T11:15:23.582666+00:00,2026-08-25T09:00:00+00:00,0.74,0.827,MEDIUM,NW  (290–330°),1.1175,2026-08-25T10:30:00+00:00,1.61,312.9,0.7,6.02,248.7,2026-08-25T11:11:01+00:00,0.779,0.22,rising,1.22,2026-08-25 16:45,0.74,2026-08-25 21:28,3.4,104,6.0,offshore
2026-08-25T13:38:52.108458+00:00,2026-08-25T12:00:00+00:00,0.699,0.787,HIGH,S   (150–200°),1.126,2026-08-25T13:00:00+00:00,1.54,187.8,0.64,6.02,244.8,2026-08-25T13:11:01+00:00,0.752,0.82,rising,1.22,2026-08-25 16:45,0.74,2026-08-25 21:28,1.8,81,3.9,offshore
2026-08-25T14:32:51.492333+00:00,2026-08-25T13:00:00+00:00,0.69,0.777,HIGH,S   (150–200°),1.126,2026-08-25T14:00:00+00:00,1.61,192.0,0.62,6.02,250.2,2026-08-25T14:11:01+00:00,0.761,1.07,rising,1.22,2026-08-25 16:45,0.74,2026-08-25 21:28,1.5,127,2.7,offshore
2026-08-25T15:31:38.989527+00:00,2026-08-25T14:00:00+00:00,0.668,0.747,MEDIUM,NW  (290–330°),1.1175,2026-08-25T15:00:00+00:00,1.58,311.5,0.62,5.68,249.4,2026-08-25T15:11:01+00:00,0.725,1.28,rising,1.22,2026-08-25 16:45,0.74,2026-08-25 21:28,1.4,129,2.1,offshore
2026-08-25T16:22:09.538111+00:00,2026-08-25T15:00:00+00:00,0.645,0.726,HIGH,S   (150–200°),1.126,2026-08-25T15:30:00+00:00,1.54,187.8,0.6,5.38,226.0,2026-08-25T16:11:01+00:00,0.713,1.39,rising,1.22,2026-08-25 16:45,0.74,2026-08-25 21:28,1.2,171,1.3,sideshore-S
2026-08-25T17:21:21.394079+00:00,2026-08-25T16:00:00+00:00,0.619,0.692,MEDIUM,NW  (290–330°),1.1175,2026-08-25T16:30:00+00:00,1.53,310.1,0.65,6.4,232.3,2026-08-25T17:11:11+00:00,0.685,1.34,falling,1.78,2026-08-26 03:39,0.74,2026-08-25 21:28,1.9,189,1.9,sideshore-S
2026-08-25T18:20:49.054868+00:00,2026-08-25T16:00:00+00:00,0.619,0.697,HIGH,S   (150–200°),1.126,2026-08-25T17:30:00+00:00,1.58,194.8,0.67,6.02,244.9,2026-08-25T18:11:01+00:00,0.71,1.31,falling,1.78,2026-08-26 03:39,0.74,2026-08-25 21:28,1.8,207,1.8,sideshore-S
2026-08-25T19:21:37.421320+00:00,2026-08-25T17:00:00+00:00,0.557,0.623,MEDIUM,NW  (290–330°),1.1175,2026-08-25T18:30:00+00:00,1.67,311.5,0.74,6.4,240.0,2026-08-25T19:11:01+00:00,0.656,1.15,falling,1.78,2026-08-26 03:39,0.74,2026-08-25 21:28,2.3,205,2.3,sideshore-S
2026-08-25T20:14:50.294672+00:00,2026-08-25T18:00:00+00:00,0.528,0.595,HIGH,S   (150–200°),1.126,2026-08-25T19:30:00+00:00,1.66,180.8,0.71,6.02,244.1,2026-08-25T20:11:01+00:00,0.633,1.01,falling,1.78,2026-08-26 03:39,0.74,2026-08-25 21:28,2.4,210,2.4,sideshore-S
2026-08-25T21:15:45.220072+00:00,2026-08-25T19:00:00+00:00,0.537,0.6,MEDIUM,NW  (290–330°),1.1175,2026-08-25T20:30:00+00:00,1.53,320.0,0.67,6.4,249.6,2026-08-25T21:11:01+00:00,0.61,0.99,falling,1.78,2026-08-26 03:39,0.74,2026-08-25 21:28,2.6,234,2.7,onshore
2026-08-25T22:13:28.865440+00:00,2026-08-25T20:00:00+00:00,0.51,0.61,HIGH,SW  (200–230°),1.1951,2026-08-25T21:30:00+00:00,1.6,201.8,0.73,6.4,246.4,2026-08-25T22:11:01+00:00,0.644,0.95,falling,1.78,2026-08-26 03:39,-0.06,2026-08-26 10:44,3.2,246,3.6,onshore
2026-08-25T23:15:02.398149+00:00,2026-08-25T21:00:00+00:00,0.476,0.536,HIGH,S   (150–200°),1.126,2026-08-25T22:30:00+00:00,1.59,182.2,0.71,5.68,253.4,2026-08-25T23:11:01+00:00,0.589,1.1,rising,1.78,2026-08-26 03:39,-0.06,2026-08-26 10:44,3.0,243,3.9,onshore
2026-08-26T00:33:19.237086+00:00,2026-08-25T23:00:00+00:00,0.464,0.518,MEDIUM,NW  (290–330°),1.1175,2026-08-25T23:30:00+00:00,1.69,314.3,0.87,5.38,264.5,2026-08-26T00:11:01+00:00,0.587,1.38,rising,1.78,2026-08-26 03:39,-0.06,2026-08-26 10:44,2.1,233,2.7,onshore
2026-08-26T02:17:00.218182+00:00,2026-08-26T00:00:00+00:00,0.52,0.621,HIGH,SW  (200–230°),1.1951,2026-08-26T01:30:00+00:00,1.68,214.5,1.03,6.02,262.4,2026-08-26T02:11:01+00:00,0.675,1.8,rising,1.78,2026-08-26 03:39,-0.06,2026-08-26 10:44,2.0,186,2.0,sideshore-S
2026-08-26T03:42:16.615783+00:00,2026-08-26T02:00:00+00:00,0.574,0.646,HIGH,S   (150–200°),1.126,2026-08-26T03:00:00+00:00,1.71,168.1,1.06,6.02,262.1,2026-08-26T03:11:01+00:00,0.651,1.99,rising,1.27,2026-08-26 17:04,-0.06,2026-08-26 10:44,2.1,197,2.1,sideshore-S
2026-08-26T04:28:11.841217+00:00,2026-08-26T03:00:00+00:00,0.582,0.651,MEDIUM,NW  (290–330°),1.1175,2026-08-26T03:30:00+00:00,1.85,297.5,1.1,6.02,252.5,2026-08-26T04:11:01+00:00,0.719,1.96,falling,1.27,2026-08-26 17:04,-0.06,2026-08-26 10:44,2.1,188,2.1,sideshore-S
2026-08-26T05:21:50.376104+00:00,2026-08-26T04:00:00+00:00,0.607,0.679,MEDIUM,NW  (290–330°),1.1175,2026-08-26T04:30:00+00:00,1.75,308.7,1.03,6.02,245.5,2026-08-26T05:11:01+00:00,0.708,1.77,falling,1.27,2026-08-26 17:04,-0.06,2026-08-26 10:44,2.8,148,3.3,sideshore-S
2026-08-26T06:25:31.418749+00:00,2026-08-26T05:00:00+00:00,0.63,0.709,HIGH,S   (150–200°),1.126,2026-08-26T05:30:00+00:00,1.83,183.6,0.92,5.38,237.4,2026-08-26T06:11:01+00:00,0.733,1.41,falling,1.27,2026-08-26 17:04,-0.06,2026-08-26 10:44,2.4,142,3.8,sideshore-S
2026-08-26T07:35:52.605329+00:00,2026-08-26T06:00:00+00:00,0.654,0.737,HIGH,S   (150–200°),1.126,2026-08-26T07:00:00+00:00,2.03,152.6,0.96,5.12,226.2,2026-08-26T07:11:01+00:00,0.723,0.94,falling,1.27,2026-08-26 17:04,-0.06,2026-08-26 10:44,2.3,131,4.9,offshore
2026-08-26T08:28:05.823246+00:00,2026-08-26T07:00:00+00:00,0.686,0.773,HIGH,S   (150–200°),1.126,2026-08-26T07:30:00+00:00,2.13,151.2,0.85,4.86,234.1,2026-08-26T08:11:01+00:00,0.759,0.61,falling,1.27,2026-08-26 17:04,-0.06,2026-08-26 10:44,2.7,112,6.8,offshore
2026-08-26T09:28:45.717912+00:00,2026-08-26T08:00:00+00:00,0.696,0.778,MEDIUM,NW  (290–330°),1.1175,2026-08-26T08:30:00+00:00,1.94,308.7,,,,,0.797,0.29,falling,1.27,2026-08-26 17:04,-0.06,2026-08-26 10:44,0.8,130,2.4,offshore
2026-08-26T10:22:45.675399+00:00,2026-08-26T09:00:00+00:00,0.7,0.788,HIGH,S   (150–200°),1.126,2026-08-26T09:30:00+00:00,1.86,161.1,0.9,6.82,235.3,2026-08-26T10:11:01+00:00,0.752,0.17,falling,1.27,2026-08-26 17:04,-0.06,2026-08-26 10:44,1.8,27,1.8,sideshore-N
2026-08-26T11:18:31.429468+00:00,2026-08-26T09:00:00+00:00,0.7,0.788,HIGH,S   (150–200°),1.126,2026-08-26T10:30:00+00:00,1.98,163.9,0.87,6.4,236.4,2026-08-26T11:11:01+00:00,0.773,0.18,rising,1.27,2026-08-26 17:04,0.65,2026-08-26 22:03,1.7,90,2.2,offshore
2026-08-26T12:24:15.430437+00:00,2026-08-26T11:00:00+00:00,0.732,0.824,HIGH,S   (150–200°),1.126,2026-08-26T11:30:00+00:00,2.05,161.1,0.84,7.3,238.8,2026-08-26T12:11:01+00:00,0.801,0.3,rising,1.27,2026-08-26 17:04,0.65,2026-08-26 22:03,1.1,95,2.3,offshore
2026-08-26T13:43:49.075922+00:00,2026-08-26T12:00:00+00:00,0.698,0.78,MEDIUM,NW  (290–330°),1.1175,2026-08-26T13:00:00+00:00,1.96,312.9,0.81,6.82,237.6,2026-08-26T13:11:01+00:00,0.794,,,,,,,1.3,77,1.4,offshore
2026-08-26T14:32:38.165684+00:00,2026-08-26T13:00:00+00:00,0.687,0.768,MEDIUM,NW  (290–330°),1.1175,2026-08-26T14:00:00+00:00,2.1,315.8,0.77,12.8,153.8,2026-08-26T14:11:01+00:00,0.8,1.0,rising,1.27,2026-08-26 17:04,0.65,2026-08-26 22:03,0.2,117,1.0,offshore
2026-08-26T16:07:51.922725+00:00,2026-08-26T14:00:00+00:00,0.641,0.722,HIGH,S   (150–200°),1.126,2026-08-26T15:30:00+00:00,1.96,185.0,0.82,11.36,152.5,2026-08-26T15:11:01+00:00,0.764,1.36,rising,1.27,2026-08-26 17:04,0.65,2026-08-26 22:03,0.7,188,0.8,sideshore-S
2026-08-26T21:24:18.682018+00:00,2026-08-26T20:00:00+00:00,0.505,0.565,MEDIUM,NW  (290–330°),1.1175,2026-08-26T20:30:00+00:00,2.31,314.3,0.78,12.8,190.4,2026-08-26T21:11:01+00:00,0.697,0.92,falling,1.8,2026-08-27 04:13,0.65,2026-08-26 22:03,2.4,173,3.0,sideshore-S
2026-08-27T02:20:41.280524+00:00,2026-08-27T00:00:00+00:00,0.637,0.762,HIGH,SW  (200–230°),1.1951,2026-08-27T01:30:00+00:00,2.22,204.7,,,,,0.82,1.7,rising,1.8,2026-08-27 04:13,-0.05,2026-08-27 11:08,1.5,164,1.6,sideshore-S
2026-08-27T13:14:06.035384+00:00,2026-08-27T11:00:00+00:00,0.772,0.863,MEDIUM,NW  (290–330°),1.1175,2026-08-27T12:30:00+00:00,2.06,312.9,0.82,5.68,250.0,2026-08-27T12:45:19+00:00,0.86,0.46,rising,1.34,2026-08-27 17:24,0.56,2026-08-27 22:38,2.3,47,3.4,offshore
2026-08-27T23:18:10.817899+00:00,2026-08-27T21:00:00+00:00,0.521,0.587,HIGH,S   (150–200°),1.126,2026-08-27T22:30:00+00:00,1.83,176.5,,,,,0.647,0.78,falling,1.77,2026-08-28 04:46,-0.01,2026-08-28 11:32,1.9,205,2.1,sideshore-S
2026-08-28T07:21:59.015139+00:00,2026-08-28T05:00:00+00:00,0.694,0.781,HIGH,S   (150–200°),1.126,2026-08-28T06:30:00+00:00,1.7,193.4,,,,,0.781,1.48,falling,1.41,2026-08-28 17:47,-0.01,2026-08-28 11:32,1.0,225,1.0,onshore
2026-08-28T19:41:57.148525+00:00,2026-08-28T18:00:00+00:00,0.779,0.871,MEDIUM,NW  (290–330°),1.1175,2026-08-28T19:00:00+00:00,1.91,311.5,,,,,0.848,1.41,falling,1.7,2026-08-29 05:21,0.48,2026-08-28 23:16,2.8,182,3.0,sideshore-S
2026-08-29T02:32:07.622102+00:00,2026-08-29T01:00:00+00:00,0.547,0.611,MEDIUM,NW  (290–330°),1.1175,2026-08-29T02:00:00+00:00,2.06,310.1,,,,,0.702,1.27,rising,1.7,2026-08-29 05:21,0.07,2026-08-29 11:56,1.9,249,2.9,onshore
2026-08-29T09:28:58.144290+00:00,2026-08-29T08:00:00+00:00,0.957,1.07,MEDIUM,NW  (290–330°),1.1175,2026-08-29T08:30:00+00:00,2.21,304.5,,,,,1.026,0.85,falling,1.49,2026-08-29 18:11,0.07,2026-08-29 11:56,2.1,127,4.1,offshore
2026-08-29T14:45:14.009854+00:00,2026-08-29T13:00:00+00:00,0.902,1.016,HIGH,S   (150–200°),1.126,2026-08-29T14:00:00+00:00,2.42,197.6,,,,,1.029,0.76,rising,1.49,2026-08-29 18:11,0.41,2026-08-29 23:58,1.6,128,2.3,offshore
2026-08-29T17:58:05.329948+00:00,2026-08-29T16:00:00+00:00,0.836,0.942,HIGH,S   (150–200°),1.126,2026-08-29T17:00:00+00:00,2.5,196.2,,,,,0.99,1.67,rising,1.49,2026-08-29 18:11,0.41,2026-08-29 23:58,2.0,207,2.3,sideshore-S
2026-08-29T20:18:52.443097+00:00,2026-08-29T18:00:00+00:00,0.862,0.97,HIGH,S   (150–200°),1.126,2026-08-29T19:30:00+00:00,2.56,196.2,,,,,1.016,1.36,falling,1.58,2026-08-30 05:59,0.41,2026-08-29 23:58,2.3,218,2.4,sideshore-S
2026-08-29T22:52:50.337626+00:00,2026-08-29T21:00:00+00:00,0.845,0.951,HIGH,S   (150–200°),1.126,2026-08-29T22:00:00+00:00,2.54,199.0,,,,,1.005,0.73,falling,1.58,2026-08-30 05:59,0.41,2026-08-29 23:58,1.7,180,1.7,sideshore-S
2026-08-30T00:51:07.062169+00:00,2026-08-29T23:00:00+00:00,0.848,1.013,HIGH,SW  (200–230°),1.1951,2026-08-30T00:00:00+00:00,2.66,206.1,,,,,1.031,0.63,falling,1.58,2026-08-30 05:59,0.19,2026-08-30 12:21,2.8,170,2.9,sideshore-S
2026-08-30T06:00:38.241464+00:00,2026-08-30T04:00:00+00:00,0.869,0.978,HIGH,S   (150–200°),1.126,2026-08-30T05:30:00+00:00,2.34,199.0,,,,,0.996,1.8,rising,1.56,2026-08-30 18:38,0.19,2026-08-30 12:21,2.5,178,2.8,sideshore-S
2026-08-30T11:27:14.466906+00:00,2026-08-30T10:00:00+00:00,1.025,1.225,HIGH,SW  (200–230°),1.1951,2026-08-30T10:30:00+00:00,2.31,208.9,,,,,1.117,0.51,falling,1.56,2026-08-30 18:38,0.19,2026-08-30 12:21,1.9,126,3.4,offshore
2026-08-30T15:37:01.068016+00:00,2026-08-30T14:00:00+00:00,0.834,0.932,MEDIUM,NW  (290–330°),1.1175,2026-08-30T15:00:00+00:00,2.45,301.7,,,,,0.972,1.11,rising,1.56,2026-08-30 18:38,0.36,2026-08-31 00:44,1.0,114,1.9,offshore
2026-08-30T18:53:44.515470+00:00,2026-08-30T17:00:00+00:00,0.736,0.823,MEDIUM,NW  (290–330°),1.1175,2026-08-30T16:30:00+00:00,2.48,311.5,,,,,0.891,1.77,rising,1.43,2026-08-31 06:42,0.36,2026-08-31 00:44,2.7,193,2.6,sideshore-S
2026-08-30T23:59:45.876500+00:00,2026-08-30T22:00:00+00:00,0.732,0.818,MEDIUM,NW  (290–330°),1.1175,2026-08-30T23:00:00+00:00,2.28,307.3,,,,,0.868,0.67,falling,1.43,2026-08-31 06:42,0.36,2026-08-31 00:44,3.0,270,3.8,onshore
2026-08-31T03:56:00.504865+00:00,2026-08-31T02:00:00+00:00,0.961,1.074,MEDIUM,NW  (290–330°),1.1175,2026-08-31T03:00:00+00:00,2.21,304.5,,,,,1.029,1.12,rising,1.43,2026-08-31 06:42,0.33,2026-08-31 12:46,1.4,197,1.3,sideshore-S
2026-08-31T10:13:08.435357+00:00,2026-08-31T08:00:00+00:00,0.892,0.997,MEDIUM,NW  (290–330°),1.1175,2026-08-31T09:30:00+00:00,1.97,303.1,,,,,0.951,0.94,falling,1.63,2026-08-31 19:08,0.33,2026-08-31 12:46,2.1,98,5.4,offshore
2026-08-31T17:45:08.521219+00:00,2026-08-31T16:00:00+00:00,0.652,0.78,HIGH,SW  (200–230°),1.1951,2026-08-31T17:00:00+00:00,1.63,200.4,,,,,0.751,1.65,rising,1.63,2026-08-31 19:08,0.33,2026-09-01 01:37,3.0,159,3.5,sideshore-S
2026-08-31T22:07:22.089629+00:00,2026-08-31T20:00:00+00:00,0.528,0.632,HIGH,SW  (200–230°),1.1951,2026-08-31T21:30:00+00:00,1.43,207.5,,,,,0.644,1.26,falling,1.24,2026-09-01 07:34,0.33,2026-09-01 01:37,2.4,213,2.5,sideshore-S
2026-09-01T01:29:37.719020+00:00,2026-09-01T00:00:00+00:00,0.659,0.737,MEDIUM,NW  (290–330°),1.1175,2026-09-01T00:30:00+00:00,1.62,305.9,,,,,0.733,0.54,falling,1.24,2026-09-01 07:34,0.33,2026-09-01 01:37,1.2,246,1.2,onshore
2026-09-01T06:54:23.638417+00:00,2026-09-01T05:00:00+00:00,0.797,0.897,HIGH,S   (150–200°),1.126,2026-09-01T06:00:00+00:00,1.62,186.4,,,,,0.835,1.33,rising,1.24,2026-09-01 07:34,0.49,2026-09-01 13:12,1.0,163,1.2,sideshore-S
2026-09-01T12:11:21.689018+00:00,2026-09-01T10:00:00+00:00,0.595,0.711,HIGH,SW  (200–230°),1.1951,2026-09-01T11:30:00+00:00,1.25,200.4,,,,,0.66,0.75,falling,1.67,2026-09-01 19:43,0.49,2026-09-01 13:12,1.7,73,2.5,offshore
2026-09-01T17:02:13.744662+00:00,2026-09-01T15:00:00+00:00,0.488,0.546,MEDIUM,NW  (290–330°),1.1175,2026-09-01T16:30:00+00:00,1.11,303.1,,,,,0.548,1.38,rising,1.67,2026-09-01 19:43,0.31,2026-09-02 02:40,2.0,221,2.0,sideshore-S
2026-09-01T20:14:35.733808+00:00,2026-09-01T18:00:00+00:00,0.42,0.502,HIGH,SW  (200–230°),1.1951,2026-09-01T19:30:00+00:00,1.06,200.4,,,,,0.51,1.8,falling,1.05,2026-09-02 08:43,0.31,2026-09-02 02:40,3.2,226,3.4,onshore
2026-09-01T22:53:09.269938+00:00,2026-09-01T21:00:00+00:00,0.341,0.408,HIGH,SW  (200–230°),1.1951,2026-09-01T22:00:00+00:00,1.07,204.7,,,,,0.459,1.26,falling,1.05,2026-09-02 08:43,0.31,2026-09-02 02:40,3.1,243,3.4,onshore
2026-09-02T00:38:07.414261+00:00,2026-09-01T23:00:00+00:00,0.573,0.645,HIGH,S   (150–200°),1.126,2026-09-02T00:00:00+00:00,1.15,194.8,,,,,0.624,0.73,falling,1.05,2026-09-02 08:43,0.31,2026-09-02 02:40,1.5,169,1.5,sideshore-S
2026-09-02T05:11:59.394014+00:00,2026-09-02T03:00:00+00:00,0.733,0.819,MEDIUM,NW  (290–330°),1.1175,2026-09-02T04:30:00+00:00,1.33,305.9,,,,,0.749,0.74,rising,1.05,2026-09-02 08:43,0.65,2026-09-02 13:38,5.2,358,9.0,sideshore-N
2026-09-02T10:04:38.840533+00:00,2026-09-02T08:00:00+00:00,0.595,0.635,MEDIUM,W   (230–260°),1.0669,2026-09-02T09:30:00+00:00,1.08,234.2,,,,,0.666,1.14,falling,1.69,2026-09-02 20:26,0.65,2026-09-02 13:38,0.8,113,1.3,offshore
2026-09-02T14:47:14.935739+00:00,2026-09-02T13:00:00+00:00,0.535,0.603,HIGH,S   (150–200°),1.126,2026-09-02T14:00:00+00:00,1.16,197.6,,,,,0.602,0.91,rising,1.69,2026-09-02 20:26,0.29,2026-09-03 04:01,1.0,107,1.9,offshore
