{
  "weights": [
    0.7286653026902459,
    0.14010903991484194,
    -0.005515299474774367,
    -0.0546406390350399
  ],
  "n_features": 4,
  "n_obs": 142,
  "last_fit": "2026-04-15T03:15:30.675876+00:00",
  "use_tp": false
}